vehicle_id,timestamp,rpm,temperature,battery,vibration
VH-10039,2026-08-27 05:53:34,1681,94.05,14.06,1.217
VH-10039,2026-08-27 18:13:58,2084,96.5,14.29,1.76
VH-10039,2026-08-27 15:25:10,2971,96.17,14.22,1.23
VH-10039,2026-08-27 19:48:23,2542,90.08,14.39,1.658
VH-10039,2026-08-27 13:29:15,2171,92.26,14.1,1.261
VH-10039,2026-08-27 12:45:48,2143,89.56,14.19,1.372
VH-10014,2026-08-27 07:59:08,2121,89.68,14.17,1.542
VH-10014,2026-08-27 10:57:38,2960,94.3,14.34,1.483
VH-10014,2026-08-27 17:54:36,2735,89.89,14.22,1.842
VH-10014,2026-08-27 13:59:46,2222,91.09,14.1,1.359
VH-10014,2026-08-27 11:06:41,3107,90.07,13.85,1.476
VH-10014,2026-08-27 12:17:30,2007,89.82,13.96,1.81
VH-10046,2026-08-27 11:19:55,2418,91.08,14.32,0.559
VH-10046,2026-08-27 17:48:22,3025,93.61,13.87,1.175
VH-10046,2026-08-27 15:23:08,3073,95.2,14.0,1.928
VH-10046,2026-08-27 18:50:59,2905,89.56,14.3,1.39
VH-10046,2026-08-27 11:51:32,2706,87.68,13.85,1.129
VH-10046,2026-08-27 15:08:40,2023,96.47,13.94,1.787
VH-10022,2026-08-27 17:04:11,2211,93.99,14.44,1.822
VH-10022,2026-08-27 12:05:25,2594,88.15,13.95,1.481
VH-10022,2026-08-27 09:13:45,1771,91.39,10.48,1.208
VH-10022,2026-08-27 11:03:31,2291,96.25,10.25,1.527
VH-10022,2026-08-27 07:04:12,3134,93.57,11.21,1.085
VH-10022,2026-08-27 06:22:12,2106,88.23,11.01,0.868
VH-10049,2026-08-27 11:03:55,2355,88.24,14.31,1.805
VH-10049,2026-08-27 08:11:12,2779,94.42,14.3,1.282
VH-10049,2026-08-27 11:40:55,3001,94.04,13.88,1.796
VH-10049,2026-08-27 15:38:43,1625,96.66,14.38,1.03
VH-10049,2026-08-27 09:01:22,2932,90.35,14.32,1.458
VH-10049,2026-08-27 12:55:05,1777,90.73,14.17,1.494
VH-10044,2026-08-27 20:28:31,2034,91.43,14.12,1.086
VH-10044,2026-08-27 10:39:26,2600,93.43,13.98,1.032
VH-10044,2026-08-27 13:48:36,2227,93.01,14.22,1.384
VH-10044,2026-08-27 16:18:40,2114,90.94,14.42,1.192
VH-10044,2026-08-27 10:47:58,3083,94.65,14.41,1.305
VH-10044,2026-08-27 15:45:30,3063,94.14,13.83,4.932
VH-10041,2026-08-27 05:10:29,2502,92.24,14.31,0.81
VH-10041,2026-08-27 19:38:47,1709,88.01,14.26,1.823
VH-10041,2026-08-27 18:12:49,2062,93.75,14.1,1.714
VH-10041,2026-08-27 06:13:58,3162,88.71,13.88,1.264
VH-10041,2026-08-27 05:00:39,2562,91.29,13.98,1.621
VH-10041,2026-08-27 13:25:01,2954,93.72,13.86,0.759
VH-10017,2026-08-27 08:38:14,2229,92.8,14.34,1.665
VH-10017,2026-08-27 16:51:43,2496,88.27,13.8,1.021
VH-10017,2026-08-27 05:22:54,2780,89.1,14.43,1.108
VH-10017,2026-08-27 18:15:03,1786,90.63,13.99,1.059
VH-10017,2026-08-27 19:52:53,3157,92.03,14.26,1.048
VH-10017,2026-08-27 05:17:06,2446,88.68,14.14,1.211
VH-10033,2026-08-27 13:09:19,2497,95.75,14.23,0.887
VH-10033,2026-08-27 14:09:11,1790,91.61,14.4,0.702
VH-10033,2026-08-27 14:06:56,2588,95.68,14.12,1.361
VH-10033,2026-08-27 09:29:15,2449,89.23,14.39,1.213
VH-10033,2026-08-27 20:29:20,2591,90.85,14.13,1.192
VH-10033,2026-08-27 12:10:35,3188,92.98,14.01,1.514
VH-10032,2026-08-27 09:05:13,2808,89.5,14.03,1.437
VH-10032,2026-08-27 09:01:06,1916,89.28,14.29,0.832
VH-10032,2026-08-27 15:28:54,2378,95.84,14.24,1.785
VH-10032,2026-08-27 12:14:54,2065,94.69,14.22,0.83
VH-10032,2026-08-27 14:31:12,1714,90.71,14.09,1.056
VH-10032,2026-08-27 09:45:16,2383,91.96,13.98,1.631
VH-10043,2026-08-27 13:16:11,2552,95.26,14.21,0.968
VH-10043,2026-08-27 18:18:27,2218,88.92,14.1,1.319
VH-10043,2026-08-27 13:36:04,2162,89.97,14.49,1.729
VH-10043,2026-08-27 14:24:02,2321,90.9,14.04,1.116
VH-10043,2026-08-27 09:14:17,2923,88.09,14.21,0.992
VH-10043,2026-08-27 15:21:37,1870,94.55,14.31,0.985
VH-10004,2026-08-27 20:25:29,2293,95.57,14.05,0.921
VH-10004,2026-08-27 17:29:02,1784,94.42,13.91,1.426
VH-10004,2026-08-27 17:26:51,1821,95.2,14.08,1.487
VH-10004,2026-08-27 07:15:03,3035,92.23,14.04,0.9
VH-10004,2026-08-27 07:50:07,2395,93.44,14.23,1.689
VH-10004,2026-08-27 09:30:37,2602,93.84,14.33,1.03
VH-10006,2026-08-27 12:28:34,3004,89.65,14.32,1.693
VH-10006,2026-08-27 18:39:53,2909,92.13,13.75,1.648
VH-10006,2026-08-27 07:27:59,2800,88.74,14.49,0.863
VH-10006,2026-08-27 08:42:45,1957,88.63,14.46,0.939
VH-10006,2026-08-27 04:45:27,3119,91.44,13.88,0.867
VH-10006,2026-08-27 19:06:25,1688,93.37,14.44,1.24
VH-10028,2026-08-27 20:28:36,1821,90.7,14.43,0.614
VH-10028,2026-08-27 13:13:51,3058,90.69,14.48,1.133
VH-10028,2026-08-27 08:28:52,3174,94.02,14.34,1.387
VH-10028,2026-08-27 17:00:57,2474,91.4,14.0,1.595
VH-10028,2026-08-27 06:39:38,3113,92.83,13.95,0.901
VH-10028,2026-08-27 17:57:06,3136,90.89,14.34,0.608
VH-10018,2026-08-27 10:43:53,1821,90.28,14.1,0.841
VH-10018,2026-08-27 05:13:10,3020,89.72,13.91,1.276
VH-10018,2026-08-27 09:10:53,1890,94.28,14.4,0.828
VH-10018,2026-08-27 09:57:30,3190,94.58,14.28,1.497
VH-10018,2026-08-27 06:51:39,2594,93.15,14.05,0.793
VH-10018,2026-08-27 20:07:53,2051,90.72,14.12,0.577
VH-10003,2026-08-27 12:52:31,2618,94.94,13.96,1.335
VH-10003,2026-08-27 15:38:36,1686,91.09,14.1,0.788
VH-10003,2026-08-27 17:52:18,2265,90.29,14.38,1.224
VH-10003,2026-08-27 07:49:38,2673,87.9,14.46,1.359
VH-10003,2026-08-27 08:07:43,3189,92.15,14.21,1.474
VH-10003,2026-08-27 10:45:49,3154,93.47,14.03,1.73
VH-10001,2026-08-27 19:18:10,2916,93.78,14.12,1.485
VH-10001,2026-08-27 19:14:30,2811,88.53,14.02,1.257
VH-10001,2026-08-27 07:16:06,1784,93.36,14.24,1.457
VH-10001,2026-08-27 19:33:02,1985,89.29,14.02,1.116
VH-10001,2026-08-27 15:19:16,1953,88.65,14.31,1.772
VH-10001,2026-08-27 13:58:37,2990,91.51,14.2,1.551
VH-10047,2026-08-27 13:50:57,2834,93.98,14.0,1.625
VH-10047,2026-08-27 16:42:49,1773,91.82,14.13,1.785
VH-10047,2026-08-27 07:15:53,2341,87.84,14.12,1.642
VH-10047,2026-08-27 08:43:15,1807,92.4,14.22,1.751
VH-10047,2026-08-27 09:12:35,1970,93.73,14.29,1.595
VH-10047,2026-08-27 12:02:50,3133,96.15,14.08,1.215
VH-10009,2026-08-27 10:57:54,5109,44.58,13.96,1.329
VH-10009,2026-08-27 09:29:27,5436,53.94,14.09,0.755
VH-10009,2026-08-27 09:51:39,2707,52.98,13.82,1.967
VH-10009,2026-08-27 17:37:36,3431,42.34,13.58,1.104
VH-10009,2026-08-27 15:24:20,3850,54.5,13.92,1.722
VH-10009,2026-08-27 06:35:27,2724,44.87,14.02,1.231
VH-10021,2026-08-27 05:49:37,2875,92.25,13.77,1.753
VH-10021,2026-08-27 12:19:20,1603,93.74,13.87,1.446
VH-10021,2026-08-27 07:07:45,2639,93.16,14.23,1.144
VH-10021,2026-08-27 04:57:01,2093,94.94,14.18,1.371
VH-10021,2026-08-27 15:26:52,3195,92.62,14.33,1.384
VH-10021,2026-08-27 18:36:29,2008,94.98,14.13,1.078
VH-10045,2026-08-27 06:22:52,4424,51.7,13.77,1.44
VH-10045,2026-08-27 17:21:39,4667,41.57,13.85,1.395
VH-10045,2026-08-27 07:20:38,6435,53.76,13.71,0.971
VH-10045,2026-08-27 19:12:56,5136,41.76,13.82,1.594
VH-10045,2026-08-27 05:38:53,4476,43.87,14.2,1.015
VH-10045,2026-08-27 18:36:19,4500,41.28,14.2,0.721
VH-10038,2026-08-27 19:22:15,2684,92.8,13.9,0.9
VH-10038,2026-08-27 17:32:46,3187,89.58,14.24,1.842
VH-10038,2026-08-27 07:43:05,1953,96.08,14.22,0.756
VH-10038,2026-08-27 16:19:15,2194,96.88,14.4,1.68
VH-10038,2026-08-27 11:41:23,2084,94.11,13.96,1.385
VH-10038,2026-08-27 06:38:30,3068,95.13,14.04,1.832
VH-10024,2026-08-27 07:02:40,4322,38.12,14.23,1.171
VH-10024,2026-08-27 06:27:18,3991,38.0,13.98,1.728
VH-10024,2026-08-27 06:50:23,6012,39.32,14.07,1.472
VH-10024,2026-08-27 08:44:53,6457,43.28,14.08,1.02
VH-10024,2026-08-27 13:15:24,4912,47.77,13.71,1.629
VH-10024,2026-08-27 12:26:02,3936,44.03,14.05,0.844
VH-10015,2026-08-27 08:55:06,3103,97.07,14.06,0.992
VH-10015,2026-08-27 12:03:18,2107,90.65,13.86,2.021
VH-10015,2026-08-27 10:26:31,3076,90.8,14.31,1.202
VH-10015,2026-08-27 04:39:36,2093,89.95,14.18,0.883
VH-10015,2026-08-27 19:52:45,2279,121.65,14.02,3.127
VH-10015,2026-08-27 16:09:29,2269,125.95,13.6,2.271
VH-10036,2026-08-27 07:59:34,2294,93.07,14.04,0.679
VH-10036,2026-08-27 05:42:56,2570,91.14,14.07,1.642
VH-10036,2026-08-27 17:13:58,2815,91.67,14.29,1.493
VH-10036,2026-08-27 15:55:54,2453,93.58,14.19,1.535
VH-10036,2026-08-27 12:20:14,1949,92.02,14.38,1.473
VH-10036,2026-08-27 07:46:12,2457,90.42,14.39,1.388
VH-10023,2026-08-27 06:19:19,2748,90.2,14.15,1.534
VH-10023,2026-08-27 15:08:33,3076,93.64,14.47,0.93
VH-10023,2026-08-27 13:48:30,3043,89.38,14.4,1.246
VH-10023,2026-08-27 12:52:18,2712,92.88,14.53,1.545
VH-10023,2026-08-27 14:19:16,2505,94.65,14.23,1.016
VH-10023,2026-08-27 12:42:17,2801,89.2,13.8,1.546
VH-10048,2026-08-27 15:19:41,3178,88.15,14.47,2.016
VH-10048,2026-08-27 20:04:52,2188,89.38,14.26,1.766
VH-10048,2026-08-27 06:33:09,1960,96.73,13.78,1.794
VH-10048,2026-08-27 14:30:13,2823,94.25,14.39,8.202
VH-10048,2026-08-27 18:51:23,2244,95.52,14.24,7.86
VH-10048,2026-08-27 14:10:54,3987,93.17,14.17,6.964
VH-10026,2026-08-27 06:59:53,1887,91.66,14.4,0.641
VH-10026,2026-08-27 14:53:48,1623,90.93,14.06,0.84
VH-10026,2026-08-27 14:18:18,2204,91.11,13.97,2.048
VH-10026,2026-08-27 16:00:55,2564,95.23,14.39,1.706
VH-10026,2026-08-27 07:07:39,2340,89.04,14.19,0.854
VH-10026,2026-08-27 08:44:31,2504,87.75,13.98,1.546
VH-10034,2026-08-27 18:42:43,2754,89.49,14.1,1.796
VH-10034,2026-08-27 11:11:15,2305,95.23,14.32,0.802
VH-10034,2026-08-27 14:00:22,3168,92.94,14.4,1.784
VH-10034,2026-08-27 16:58:16,2955,93.91,14.08,1.643
VH-10034,2026-08-27 09:20:25,3148,88.59,14.04,1.653
VH-10034,2026-08-27 12:03:33,1986,96.83,14.26,1.007
VH-10050,2026-08-27 04:49:24,2816,86.94,14.28,1.475
VH-10050,2026-08-27 12:08:24,3189,89.81,14.22,0.978
VH-10050,2026-08-27 14:49:30,2952,92.62,14.13,1.17
VH-10050,2026-08-27 10:14:54,2615,88.21,14.06,1.556
VH-10050,2026-08-27 17:43:30,3145,93.8,13.89,0.979
VH-10050,2026-08-27 06:09:37,2741,91.9,13.96,1.005
VH-10035,2026-08-27 15:39:45,1990,87.05,13.95,1.568
VH-10035,2026-08-27 11:04:24,2281,89.59,14.47,1.106
VH-10035,2026-08-27 20:32:26,3041,90.85,14.36,1.374
VH-10035,2026-08-27 15:53:27,2618,92.89,14.28,1.396
VH-10035,2026-08-27 15:00:13,2053,94.47,13.93,1.256
VH-10035,2026-08-27 10:55:25,2103,91.4,14.34,1.737
VH-10005,2026-08-27 20:03:21,2321,91.06,14.29,1.358
VH-10005,2026-08-27 06:07:13,1752,95.5,14.35,1.456
VH-10005,2026-08-27 08:34:24,2364,90.18,14.28,1.535
VH-10005,2026-08-27 17:34:12,2162,93.23,14.0,1.522
VH-10005,2026-08-27 09:41:09,1904,89.67,14.31,0.817
VH-10005,2026-08-27 17:03:47,3027,90.59,14.37,1.812
VH-10025,2026-08-27 06:59:35,2574,88.7,13.84,1.081
VH-10025,2026-08-27 08:31:44,2070,89.86,14.23,1.513
VH-10025,2026-08-27 13:31:45,1667,88.66,14.25,0.928
VH-10025,2026-08-27 17:33:15,2754,91.56,14.3,1.306
VH-10025,2026-08-27 09:24:55,2625,93.28,13.93,0.91
VH-10025,2026-08-27 17:23:31,2604,88.75,10.85,1.113
VH-10002,2026-08-27 16:40:00,2104,94.7,13.94,1.039
VH-10002,2026-08-27 14:57:17,2231,90.36,14.29,0.891
VH-10002,2026-08-27 17:40:12,2735,88.59,14.15,1.051
VH-10002,2026-08-27 07:21:08,2097,91.56,13.89,1.165
VH-10002,2026-08-27 06:44:38,2213,91.24,13.93,1.074
VH-10002,2026-08-27 11:03:17,1613,96.9,14.0,1.35
VH-10012,2026-08-27 08:53:31,3023,91.5,13.98,1.909
VH-10012,2026-08-27 20:11:01,2370,92.0,14.23,1.4
VH-10012,2026-08-27 10:18:00,3089,91.21,14.33,1.392
VH-10012,2026-08-27 18:17:42,2220,91.2,14.12,1.782
VH-10012,2026-08-27 20:11:36,3016,92.3,13.97,1.862
VH-10012,2026-08-27 06:41:00,2961,92.78,14.29,0.749
VH-10010,2026-08-27 15:24:38,1801,90.6,14.18,1.294
VH-10010,2026-08-27 17:04:00,3014,90.87,14.03,1.008
VH-10010,2026-08-27 08:27:57,2238,90.46,14.2,1.434
VH-10010,2026-08-27 18:54:15,3055,89.79,14.26,1.705
VH-10010,2026-08-27 12:07:22,2277,92.4,14.33,1.075
VH-10010,2026-08-27 17:59:12,2004,90.85,14.04,0.857
VH-10030,2026-08-27 07:10:17,2699,88.91,14.15,1.267
VH-10030,2026-08-27 15:12:35,2802,88.02,14.11,1.404
VH-10030,2026-08-27 07:17:19,2088,90.73,13.94,1.332
VH-10030,2026-08-27 17:01:22,2700,93.99,14.23,1.67
VH-10030,2026-08-27 15:27:39,2335,95.46,14.16,1.041
VH-10030,2026-08-27 18:17:42,2509,93.07,13.84,0.671
VH-10020,2026-08-27 13:45:00,3120,94.68,14.08,1.333
VH-10020,2026-08-27 16:09:03,3156,92.61,14.28,1.964
VH-10020,2026-08-27 14:29:13,2313,93.81,14.0,1.557
VH-10020,2026-08-27 16:29:56,2476,88.55,13.8,0.903
VH-10020,2026-08-27 13:12:45,3041,90.64,14.31,1.955
VH-10020,2026-08-27 09:23:01,1721,97.47,14.3,0.995
VH-10007,2026-08-27 12:23:04,2602,88.95,14.1,1.588
VH-10007,2026-08-27 06:59:43,3022,95.14,13.92,1.932
VH-10007,2026-08-27 07:20:40,3028,90.13,13.87,1.194
VH-10007,2026-08-27 12:55:04,2720,92.33,14.24,1.058
VH-10007,2026-08-27 08:15:01,1633,87.5,14.5,1.087
VH-10007,2026-08-27 09:30:52,2161,89.57,14.11,0.617
VH-10013,2026-08-27 14:20:55,2479,93.41,14.16,0.614
VH-10013,2026-08-27 18:34:11,1846,94.65,14.07,1.011
VH-10013,2026-08-27 07:40:31,2212,88.06,14.46,1.4
VH-10013,2026-08-27 05:13:52,2319,93.72,14.28,1.096
VH-10013,2026-08-27 07:31:17,1852,92.32,13.97,1.698
VH-10013,2026-08-27 06:49:46,3076,94.33,14.36,1.41
VH-10033,2026-08-28 18:01:55,2911,91.88,14.22,0.907
VH-10033,2026-08-28 09:08:31,2899,93.69,14.22,1.684
VH-10033,2026-08-28 11:37:26,2489,89.76,14.26,0.648
VH-10033,2026-08-28 05:19:19,1935,93.35,13.99,1.255
VH-10033,2026-08-28 13:21:07,1660,90.1,14.25,1.39
VH-10033,2026-08-28 20:03:43,2623,96.08,14.07,1.01
VH-10013,2026-08-28 07:48:58,1690,94.64,13.98,0.64
VH-10013,2026-08-28 06:10:02,3116,94.95,13.93,1.186
VH-10013,2026-08-28 15:41:43,1707,91.27,14.2,1.812
VH-10013,2026-08-28 14:24:05,1776,92.9,13.8,1.032
VH-10013,2026-08-28 18:57:48,3182,95.49,14.18,1.567
VH-10013,2026-08-28 04:48:45,3020,95.82,14.53,0.865
VH-10048,2026-08-28 07:47:44,2773,93.93,14.38,5.642
VH-10048,2026-08-28 12:32:05,3658,96.3,14.34,5.087
VH-10048,2026-08-28 09:15:03,2407,90.47,14.11,1.109
VH-10048,2026-08-28 15:34:02,3106,92.41,14.01,1.142
VH-10048,2026-08-28 07:43:17,2554,91.71,13.91,1.126
VH-10048,2026-08-28 07:39:21,2223,96.04,14.22,0.59
VH-10026,2026-08-28 11:56:36,2986,92.22,14.45,0.969
VH-10026,2026-08-28 11:40:40,1886,88.25,13.8,1.559
VH-10026,2026-08-28 07:11:48,1753,88.23,13.78,1.945
VH-10026,2026-08-28 14:41:13,1703,89.23,14.05,1.745
VH-10026,2026-08-28 09:56:24,2163,90.91,14.3,0.686
VH-10026,2026-08-28 18:30:46,1779,91.83,13.94,1.035
VH-10019,2026-08-28 04:59:01,2582,92.61,14.11,1.594
VH-10019,2026-08-28 15:12:25,2566,95.11,9.98,1.8
VH-10019,2026-08-28 11:51:45,3109,90.68,11.24,0.941
VH-10019,2026-08-28 16:34:04,1955,90.9,11.45,1.587
VH-10019,2026-08-28 05:19:55,2320,94.52,11.58,1.319
VH-10019,2026-08-28 20:08:30,1959,91.19,13.91,0.756
VH-10042,2026-08-28 11:25:19,2953,51.95,14.18,1.315
VH-10042,2026-08-28 08:28:44,2094,41.33,14.16,1.003
VH-10042,2026-08-28 10:20:38,5491,48.91,13.88,1.959
VH-10042,2026-08-28 12:16:48,4599,42.19,14.2,1.114
VH-10042,2026-08-28 17:29:00,1765,39.28,13.88,1.442
VH-10042,2026-08-28 19:43:32,3449,43.81,13.94,1.535
VH-10004,2026-08-28 15:02:11,2111,94.57,13.92,1.585
VH-10004,2026-08-28 17:45:07,2375,92.07,14.1,1.791
VH-10004,2026-08-28 11:44:39,1668,89.12,13.94,1.735
VH-10004,2026-08-28 07:10:08,2292,91.36,14.35,1.114
VH-10004,2026-08-28 17:44:14,2020,97.53,14.11,1.44
VH-10004,2026-08-28 13:49:17,2770,90.91,14.02,0.972
VH-10016,2026-08-28 19:46:17,2305,120.27,13.56,3.262
VH-10016,2026-08-28 16:45:34,2696,119.33,13.53,2.58
VH-10016,2026-08-28 09:22:55,3553,116.23,13.76,3.164
VH-10016,2026-08-28 17:26:44,2777,126.03,13.82,2.641
VH-10016,2026-08-28 06:06:47,3245,116.57,13.83,3.511
VH-10016,2026-08-28 09:48:02,2515,116.85,13.79,3.42
VH-10032,2026-08-28 15:32:57,1737,90.19,14.19,1.566
VH-10032,2026-08-28 05:24:55,2670,94.74,13.94,1.147
VH-10032,2026-08-28 08:33:17,1806,95.86,14.3,1.796
VH-10032,2026-08-28 19:36:22,1894,92.83,14.37,1.287
VH-10032,2026-08-28 06:21:41,2362,87.64,14.34,1.181
VH-10032,2026-08-28 08:29:25,3123,91.5,14.39,0.89
VH-10025,2026-08-28 11:33:03,2433,96.03,10.73,1.654
VH-10025,2026-08-28 09:38:30,3053,94.45,9.85,1.636
VH-10025,2026-08-28 11:31:04,2011,97.29,11.07,1.202
VH-10025,2026-08-28 12:58:03,2550,90.19,10.47,0.836
VH-10025,2026-08-28 18:46:06,2571,95.17,11.15,0.88
VH-10025,2026-08-28 06:52:12,2391,87.47,10.2,1.558
VH-10008,2026-08-28 12:17:24,2438,92.99,14.36,1.63
VH-10008,2026-08-28 10:13:02,3059,95.62,10.43,1.166
VH-10008,2026-08-28 12:47:40,2218,91.93,10.72,1.137
VH-10008,2026-08-28 16:09:52,2816,91.19,11.58,0.819
VH-10008,2026-08-28 15:29:28,2134,92.19,10.73,1.417
VH-10008,2026-08-28 12:31:14,2828,89.36,10.7,0.854
VH-10043,2026-08-28 13:51:09,2395,95.25,14.15,1.951
VH-10043,2026-08-28 20:32:53,2214,93.9,14.23,1.528
VH-10043,2026-08-28 13:21:02,1974,94.85,14.31,1.656
VH-10043,2026-08-28 18:25:07,2133,91.37,14.17,0.92
VH-10043,2026-08-28 07:05:07,1845,93.63,14.19,0.897
VH-10043,2026-08-28 10:55:37,2537,87.93,14.32,1.192
VH-10045,2026-08-28 15:14:14,2881,48.42,10.03,1.564
VH-10045,2026-08-28 18:14:38,4804,44.25,11.12,0.705
VH-10045,2026-08-28 05:31:31,5850,38.06,11.05,1.389
VH-10045,2026-08-28 15:53:19,2341,44.79,10.34,0.884
VH-10045,2026-08-28 14:03:57,5762,49.9,10.42,1.677
VH-10045,2026-08-28 19:56:59,3043,36.39,10.2,1.593
VH-10005,2026-08-28 08:47:57,2513,96.44,14.19,7.326
VH-10005,2026-08-28 06:12:14,3809,91.33,14.3,5.774
VH-10005,2026-08-28 13:04:55,2416,93.33,14.21,6.86
VH-10005,2026-08-28 13:13:49,3555,93.97,14.3,5.446
VH-10005,2026-08-28 08:05:23,3666,92.4,13.96,5.957
VH-10005,2026-08-28 06:09:42,2516,95.56,14.09,8.085
VH-10034,2026-08-28 19:43:16,1753,93.1,14.06,0.929
VH-10034,2026-08-28 18:37:17,1680,94.81,13.95,1.67
VH-10034,2026-08-28 05:35:05,2925,90.04,14.18,1.028
VH-10034,2026-08-28 14:45:18,2534,91.47,14.13,1.834
VH-10034,2026-08-28 07:42:55,1926,89.32,14.38,1.337
VH-10034,2026-08-28 16:13:12,3089,94.68,13.9,1.535
VH-10001,2026-08-28 13:15:31,3917,99.77,14.23,6.523
VH-10001,2026-08-28 08:01:53,4059,93.53,14.01,8.512
VH-10001,2026-08-28 05:34:52,2824,94.71,14.08,6.028
VH-10001,2026-08-28 14:51:14,3508,92.72,14.19,6.42
VH-10001,2026-08-28 18:40:05,3125,96.19,13.87,6.361
VH-10001,2026-08-28 06:09:46,2520,99.16,14.28,7.509
VH-10024,2026-08-28 18:55:34,3326,52.49,13.91,1.526
VH-10024,2026-08-28 18:41:17,3316,36.34,13.88,1.384
VH-10024,2026-08-28 07:37:08,2650,50.83,14.0,1.011
VH-10024,2026-08-28 16:47:40,3061,51.08,13.82,1.25
VH-10024,2026-08-28 19:03:53,5630,36.36,14.08,1.503
VH-10024,2026-08-28 20:33:43,2951,47.7,13.8,1.7
VH-10021,2026-08-28 15:07:07,2847,97.2,14.45,1.027
VH-10021,2026-08-28 08:42:37,3132,91.7,14.43,1.379
VH-10021,2026-08-28 10:46:24,2195,94.48,14.55,0.735
VH-10021,2026-08-28 15:19:18,2751,91.8,14.27,1.655
VH-10021,2026-08-28 14:31:05,1626,93.03,13.78,1.035
VH-10021,2026-08-28 09:52:54,1727,92.14,14.12,1.38
VH-10009,2026-08-28 12:21:52,3446,46.14,13.99,1.457
VH-10009,2026-08-28 18:24:54,6023,37.62,14.2,0.945
VH-10009,2026-08-28 12:32:51,4512,51.32,14.12,1.311
VH-10009,2026-08-28 10:17:15,2923,49.18,13.65,0.625
VH-10009,2026-08-28 12:34:32,2768,37.01,14.24,1.578
VH-10009,2026-08-28 14:06:01,4433,38.31,14.08,1.471
VH-10049,2026-08-28 10:00:45,1788,90.45,14.32,1.705
VH-10049,2026-08-28 20:10:03,2929,89.74,14.29,1.301
VH-10049,2026-08-28 06:18:07,1832,92.78,14.27,0.999
VH-10049,2026-08-28 19:05:13,2934,88.63,14.3,1.812
VH-10049,2026-08-28 05:14:15,2889,93.05,14.38,1.318
VH-10049,2026-08-28 18:16:03,3129,92.12,13.74,1.378
VH-10028,2026-08-28 13:09:15,2066,95.2,14.04,1.191
VH-10028,2026-08-28 08:08:11,2866,89.97,14.25,0.801
VH-10028,2026-08-28 14:24:54,1777,91.63,14.27,0.998
VH-10028,2026-08-28 11:42:58,2717,91.96,14.37,1.261
VH-10028,2026-08-28 15:34:46,1889,89.37,13.99,1.309
VH-10028,2026-08-28 15:47:37,2649,88.52,13.84,1.514
VH-10027,2026-08-28 06:28:59,2724,90.43,14.06,1.183
VH-10027,2026-08-28 19:55:33,2942,89.05,14.02,0.741
VH-10027,2026-08-28 14:18:48,2760,89.43,13.96,1.082
VH-10027,2026-08-28 17:52:04,2991,93.62,14.32,1.285
VH-10027,2026-08-28 10:15:49,2174,94.29,14.05,1.131
VH-10027,2026-08-28 07:31:12,2893,88.81,14.32,1.221
VH-10046,2026-08-28 20:16:00,2403,89.3,14.3,1.562
VH-10046,2026-08-28 16:57:43,3687,129.19,13.52,1.902
VH-10046,2026-08-28 19:56:13,2590,118.3,13.66,3.062
VH-10046,2026-08-28 15:58:41,2997,116.91,13.37,2.596
VH-10046,2026-08-28 13:11:45,3006,121.15,13.79,2.429
VH-10046,2026-08-28 12:07:36,2525,130.51,13.61,2.566
VH-10014,2026-08-28 09:48:15,2175,90.7,13.85,1.014
VH-10014,2026-08-28 15:20:18,2580,91.77,14.13,1.276
VH-10014,2026-08-28 09:42:51,2772,89.48,13.92,1.999
VH-10014,2026-08-28 05:30:57,2180,95.73,13.97,1.277
VH-10014,2026-08-28 18:12:20,3171,90.49,14.2,1.018
VH-10014,2026-08-28 06:48:35,1822,89.03,14.26,1.803
VH-10012,2026-08-28 10:05:08,1679,93.85,14.22,1.779
VH-10012,2026-08-28 05:32:00,2483,92.53,13.99,0.949
VH-10012,2026-08-28 16:56:48,3159,94.09,14.28,1.423
VH-10012,2026-08-28 06:52:49,2436,88.59,13.86,1.578
VH-10012,2026-08-28 17:15:24,2246,91.82,13.84,1.237
VH-10012,2026-08-28 16:13:28,2413,94.23,14.06,1.64
VH-10018,2026-08-28 12:53:47,3044,90.1,13.85,1.842
VH-10018,2026-08-28 09:40:24,2293,93.09,14.19,1.571
VH-10018,2026-08-28 07:26:20,2829,90.26,13.75,0.936
VH-10018,2026-08-28 17:13:52,3057,94.82,13.88,1.356
VH-10018,2026-08-28 13:46:13,2645,90.75,13.91,0.687
VH-10018,2026-08-28 09:39:28,2323,91.91,14.15,1.18
VH-10022,2026-08-28 14:21:04,2745,94.79,14.09,1.657
VH-10022,2026-08-28 17:10:11,2433,91.74,14.07,1.31
VH-10022,2026-08-28 13:30:45,2777,90.19,14.04,1.085
VH-10022,2026-08-28 19:17:40,1656,93.12,13.92,1.272
VH-10022,2026-08-28 15:00:33,1619,93.5,14.08,0.987
VH-10022,2026-08-28 10:04:31,2774,91.84,14.42,1.351
VH-10006,2026-08-28 12:29:27,2015,95.91,14.24,0.931
VH-10006,2026-08-28 20:13:11,2708,95.27,14.48,1.349
VH-10006,2026-08-28 13:05:22,2646,88.93,14.07,1.373
VH-10006,2026-08-28 06:06:33,3005,94.52,14.07,0.637
VH-10006,2026-08-28 10:58:48,2340,92.23,14.0,1.41
VH-10006,2026-08-28 15:45:42,2458,93.08,13.98,1.505
VH-10039,2026-08-28 12:26:17,2082,93.74,14.44,0.952
VH-10039,2026-08-28 04:45:37,2891,91.69,14.3,1.648
VH-10039,2026-08-28 16:40:55,2041,94.59,14.09,1.373
VH-10039,2026-08-28 12:56:12,2319,95.45,14.47,0.806
VH-10039,2026-08-28 13:56:31,2598,94.85,14.11,1.065
VH-10039,2026-08-28 10:15:02,2463,91.8,14.09,1.548
VH-10003,2026-08-28 15:15:29,2839,94.68,13.97,1.283
VH-10003,2026-08-28 19:00:21,1647,90.1,14.07,0.882
VH-10003,2026-08-28 16:40:17,2569,93.56,13.74,1.068
VH-10003,2026-08-28 08:39:52,2398,91.17,13.89,1.232
VH-10003,2026-08-28 04:36:53,2266,96.69,14.14,1.526
VH-10003,2026-08-28 10:11:49,3133,93.83,14.13,1.249
VH-10035,2026-08-28 12:25:16,2349,91.63,14.02,0.58
VH-10035,2026-08-28 14:04:45,2213,87.23,9.81,1.022
VH-10035,2026-08-28 15:46:37,2748,92.73,11.29,1.486
VH-10035,2026-08-28 11:50:16,2464,94.07,11.05,1.58
VH-10035,2026-08-28 12:52:52,3121,90.6,10.05,0.907
VH-10035,2026-08-28 08:14:40,2865,91.23,10.07,1.241
VH-10030,2026-08-28 04:45:17,1856,92.75,14.28,0.927
VH-10030,2026-08-28 14:25:02,2360,93.16,14.46,0.891
VH-10030,2026-08-28 16:38:45,1993,93.71,14.14,1.277
VH-10030,2026-08-28 17:23:39,1668,90.42,14.2,0.798
VH-10030,2026-08-28 14:33:31,3091,87.72,14.45,1.172
VH-10030,2026-08-28 06:29:53,1831,91.17,14.14,0.714
VH-10050,2026-08-28 11:34:13,3014,90.62,14.11,0.954
VH-10050,2026-08-28 15:33:59,1722,89.72,13.94,1.248
VH-10050,2026-08-28 16:26:08,1995,87.55,13.94,1.65
VH-10050,2026-08-28 14:08:55,2760,88.96,14.16,1.763
VH-10050,2026-08-28 09:38:44,2205,95.77,14.18,1.366
VH-10050,2026-08-28 05:14:05,2870,90.3,14.25,1.486
VH-10020,2026-08-28 20:23:46,2179,90.91,14.1,1.039
VH-10020,2026-08-28 08:46:06,1819,93.31,13.96,1.391
VH-10020,2026-08-28 12:37:34,3070,88.79,14.53,0.77
VH-10020,2026-08-28 05:57:46,2451,95.24,14.34,0.931
VH-10020,2026-08-28 13:38:24,1798,87.99,14.04,1.209
VH-10020,2026-08-28 10:09:58,3128,88.95,14.28,1.335
VH-10038,2026-08-28 10:24:22,2633,90.75,13.9,1.756
VH-10038,2026-08-28 15:28:34,2896,91.92,14.2,1.552
VH-10038,2026-08-28 12:57:39,2413,86.56,13.76,1.258
VH-10038,2026-08-28 04:53:25,2244,87.64,14.36,1.537
VH-10038,2026-08-28 08:40:13,1919,88.42,14.16,1.186
VH-10038,2026-08-28 17:11:09,1758,95.18,14.38,0.978
VH-10044,2026-08-28 08:12:52,2957,93.42,14.29,6.011
VH-10044,2026-08-28 18:01:10,2257,99.37,13.94,7.454
VH-10044,2026-08-28 16:37:30,3299,92.34,14.12,4.977
VH-10044,2026-08-28 17:02:59,3369,97.75,13.85,5.204
VH-10044,2026-08-28 07:04:47,3659,92.4,14.04,7.342
VH-10044,2026-08-28 20:09:23,2599,93.15,14.2,1.238
VH-10017,2026-08-28 13:23:38,2779,88.44,14.2,1.263
VH-10017,2026-08-28 05:23:30,2316,91.94,14.31,1.396
VH-10017,2026-08-28 11:17:34,3091,96.64,14.05,0.994
VH-10017,2026-08-28 13:34:32,1827,91.53,14.05,1.138
VH-10017,2026-08-28 13:09:41,1889,95.23,14.26,1.042
VH-10017,2026-08-28 05:52:23,2865,88.9,14.18,1.871
VH-10029,2026-08-28 16:29:17,2969,101.45,14.11,8.448
VH-10029,2026-08-28 06:45:23,3567,97.89,14.14,6.203
VH-10029,2026-08-28 19:59:58,2834,91.36,14.21,5.694
VH-10029,2026-08-28 06:14:27,3078,99.34,14.29,5.135
VH-10029,2026-08-28 15:31:36,3577,93.81,14.24,6.442
VH-10029,2026-08-28 09:01:30,3793,93.19,14.13,7.164
VH-10007,2026-08-28 11:29:19,3044,96.87,14.48,1.301
VH-10007,2026-08-28 09:54:15,3073,89.99,14.12,1.908
VH-10007,2026-08-28 18:00:30,2904,94.34,13.92,1.738
VH-10007,2026-08-28 13:12:47,2821,90.77,14.26,1.146
VH-10007,2026-08-28 20:19:52,2393,90.54,14.01,0.72
VH-10007,2026-08-28 13:00:25,2015,96.01,14.0,1.765
VH-10036,2026-08-28 15:29:40,2475,91.07,13.82,1.615
VH-10036,2026-08-28 06:07:17,1686,96.97,13.86,1.285
VH-10036,2026-08-28 05:46:29,2223,93.72,14.15,1.028
VH-10036,2026-08-28 09:04:04,1785,95.56,13.98,1.424
VH-10036,2026-08-28 17:54:39,2531,90.28,10.1,1.413
VH-10036,2026-08-28 07:39:18,3046,91.52,11.22,1.276
VH-10037,2026-08-28 09:58:46,3173,90.89,13.95,1.531
VH-10037,2026-08-28 06:00:30,3174,97.33,14.16,0.701
VH-10037,2026-08-28 12:34:40,2621,91.68,13.88,1.709
VH-10037,2026-08-28 18:02:16,1613,90.41,14.28,1.206
VH-10037,2026-08-28 08:37:52,1897,94.38,14.38,1.446
VH-10037,2026-08-28 17:45:21,2851,93.76,14.41,1.504
VH-10011,2026-08-28 16:33:13,2212,91.74,14.49,1.435
VH-10011,2026-08-28 19:42:18,2162,89.87,13.97,1.017
VH-10011,2026-08-28 07:04:57,3047,90.64,14.36,1.025
VH-10011,2026-08-28 09:13:47,3093,93.69,14.21,1.188
VH-10011,2026-08-28 04:41:12,1841,93.85,13.84,1.352
VH-10011,2026-08-28 10:34:51,2176,90.46,13.97,0.887
VH-10026,2026-08-29 17:14:45,2769,94.08,13.9,1.057
VH-10026,2026-08-29 05:51:37,2086,91.31,14.25,1.02
VH-10026,2026-08-29 06:23:23,2508,91.09,14.28,1.737
VH-10026,2026-08-29 14:23:31,1801,93.54,14.48,1.474
VH-10026,2026-08-29 07:34:30,3007,96.4,14.25,1.25
VH-10026,2026-08-29 13:35:47,2908,94.61,13.99,0.932
VH-10047,2026-08-29 07:51:20,1834,87.35,14.18,1.225
VH-10047,2026-08-29 09:20:02,2101,89.76,13.9,1.496
VH-10047,2026-08-29 05:40:35,2473,91.84,14.33,1.703
VH-10047,2026-08-29 15:53:32,3060,95.8,14.41,0.87
VH-10047,2026-08-29 07:27:02,2559,89.96,14.03,1.683
VH-10047,2026-08-29 09:30:08,2344,92.4,14.38,1.458
VH-10037,2026-08-29 04:38:41,2580,92.31,13.84,1.396
VH-10037,2026-08-29 07:54:46,2218,92.94,14.1,1.442
VH-10037,2026-08-29 16:38:32,3021,93.98,14.33,1.097
VH-10037,2026-08-29 07:22:10,2596,87.76,14.19,1.012
VH-10037,2026-08-29 16:38:49,2821,94.98,13.95,1.452
VH-10037,2026-08-29 05:22:20,2527,91.43,14.14,1.294
VH-10040,2026-08-29 14:33:10,4320,55.09,14.1,1.599
VH-10040,2026-08-29 05:58:08,1935,33.9,13.92,1.592
VH-10040,2026-08-29 18:18:48,4106,48.47,13.8,1.048
VH-10040,2026-08-29 17:28:10,4917,37.06,14.12,1.245
VH-10040,2026-08-29 20:16:38,2612,36.79,14.12,1.26
VH-10040,2026-08-29 18:13:22,4974,45.19,13.95,1.18
VH-10002,2026-08-29 12:19:43,2718,92.8,13.83,0.832
VH-10002,2026-08-29 06:43:57,3137,95.85,14.01,0.822
VH-10002,2026-08-29 07:17:51,2787,91.72,13.87,1.134
VH-10002,2026-08-29 20:10:57,2322,94.31,14.46,1.193
VH-10002,2026-08-29 12:37:51,1946,93.66,14.1,1.063
VH-10002,2026-08-29 09:06:15,2169,89.42,14.29,1.105
VH-10012,2026-08-29 09:16:39,1959,91.39,14.38,1.205
VH-10012,2026-08-29 06:43:49,1915,94.54,14.35,1.317
VH-10012,2026-08-29 09:47:47,2306,87.12,14.0,1.64
VH-10012,2026-08-29 20:21:59,2078,90.05,14.38,1.028
VH-10012,2026-08-29 18:58:54,2685,94.19,14.01,1.725
VH-10012,2026-08-29 12:55:28,1801,90.91,14.12,1.343
VH-10013,2026-08-29 11:07:32,1968,89.24,13.83,0.772
VH-10013,2026-08-29 18:56:25,2115,91.33,13.91,1.019
VH-10013,2026-08-29 08:19:18,2838,89.52,14.38,1.938
VH-10013,2026-08-29 09:50:29,1755,93.1,14.52,1.189
VH-10013,2026-08-29 14:50:21,2167,92.93,14.22,0.998
VH-10013,2026-08-29 18:38:42,2010,91.89,14.04,1.15
VH-10022,2026-08-29 08:32:39,1811,89.5,13.75,1.549
VH-10022,2026-08-29 05:33:13,2145,87.73,14.11,1.316
VH-10022,2026-08-29 20:01:36,3199,94.34,13.95,1.138
VH-10022,2026-08-29 08:10:45,2335,92.66,14.08,0.743
VH-10022,2026-08-29 14:40:04,3169,92.21,14.02,1.259
VH-10022,2026-08-29 17:31:17,2335,91.06,14.24,0.994
VH-10043,2026-08-29 12:05:35,2707,94.49,14.29,1.57
VH-10043,2026-08-29 14:37:32,1687,91.57,14.11,1.654
VH-10043,2026-08-29 09:21:48,1747,88.44,14.06,1.242
VH-10043,2026-08-29 08:34:22,2229,95.99,13.78,1.581
VH-10043,2026-08-29 08:05:49,2051,89.93,14.04,1.072
VH-10043,2026-08-29 08:17:47,2258,95.27,14.28,1.401
VH-10031,2026-08-29 09:22:37,2357,91.07,13.99,1.942
VH-10031,2026-08-29 17:23:21,1613,89.03,10.31,1.477
VH-10031,2026-08-29 20:18:19,2022,88.34,10.11,1.195
VH-10031,2026-08-29 06:12:22,3068,93.91,10.43,1.39
VH-10031,2026-08-29 05:09:26,1993,88.75,11.17,0.805
VH-10031,2026-08-29 12:04:00,2882,95.26,11.03,0.913
VH-10041,2026-08-29 20:05:22,1688,87.81,14.1,1.176
VH-10041,2026-08-29 18:36:17,2700,88.31,14.44,1.394
VH-10041,2026-08-29 15:00:23,2267,89.17,13.89,0.851
VH-10041,2026-08-29 11:38:41,1711,95.22,13.9,1.589
VH-10041,2026-08-29 11:14:33,2014,90.17,13.75,1.358
VH-10041,2026-08-29 17:44:59,2204,93.47,14.22,1.687
VH-10003,2026-08-29 11:39:37,2601,95.02,13.83,1.235
VH-10003,2026-08-29 11:49:31,2055,95.64,14.06,1.154
VH-10003,2026-08-29 06:04:57,1668,92.34,13.97,1.638
VH-10003,2026-08-29 07:09:59,2937,91.42,13.98,7.589
VH-10003,2026-08-29 10:19:40,3583,99.07,13.81,5.44
VH-10003,2026-08-29 16:14:40,3781,98.64,14.32,6.401
VH-10009,2026-08-29 14:01:59,5943,47.18,13.72,1.719
VH-10009,2026-08-29 16:30:14,4494,45.08,13.74,1.183
VH-10009,2026-08-29 10:42:32,2430,49.53,14.15,1.704
VH-10009,2026-08-29 11:54:33,5625,48.31,13.81,0.833
VH-10009,2026-08-29 08:04:56,5865,53.85,13.98,1.394
VH-10009,2026-08-29 06:47:08,2215,38.45,14.07,0.955
VH-10049,2026-08-29 09:05:20,2666,96.51,13.99,1.195
VH-10049,2026-08-29 18:02:58,2197,90.93,13.87,1.55
VH-10049,2026-08-29 15:15:52,2595,92.81,14.21,1.492
VH-10049,2026-08-29 13:45:01,2591,89.99,13.96,1.908
VH-10049,2026-08-29 10:19:45,1959,93.75,14.19,1.254
VH-10049,2026-08-29 15:10:19,2357,89.09,14.14,0.725
VH-10010,2026-08-29 10:08:30,1651,91.34,14.1,0.662
VH-10010,2026-08-29 15:15:56,2193,96.59,14.39,1.958
VH-10010,2026-08-29 18:55:55,2580,94.78,13.9,1.526
VH-10010,2026-08-29 18:56:16,2845,94.91,14.13,0.756
VH-10010,2026-08-29 19:17:53,2648,91.45,14.01,1.497
VH-10010,2026-08-29 16:43:56,2357,90.67,13.84,1.16
VH-10030,2026-08-29 11:21:07,2451,96.33,14.0,1.834
VH-10030,2026-08-29 09:27:48,1894,91.62,14.0,1.934
VH-10030,2026-08-29 16:39:11,2159,92.46,14.07,1.374
VH-10030,2026-08-29 16:52:46,2218,94.8,13.89,1.116
VH-10030,2026-08-29 12:53:51,2567,88.12,14.37,1.139
VH-10030,2026-08-29 04:41:59,1736,92.82,13.99,1.371
VH-10042,2026-08-29 07:57:43,1643,51.52,13.86,0.632
VH-10042,2026-08-29 09:37:28,4416,34.74,13.73,1.517
VH-10042,2026-08-29 08:12:59,4142,52.0,14.2,1.598
VH-10042,2026-08-29 08:08:48,2677,35.46,13.91,1.366
VH-10042,2026-08-29 07:47:20,3043,52.74,14.09,1.615
VH-10042,2026-08-29 08:00:40,2454,50.97,14.16,1.436
VH-10035,2026-08-29 14:45:56,2223,90.51,10.06,0.945
VH-10035,2026-08-29 11:53:19,2029,90.96,9.94,1.46
VH-10035,2026-08-29 20:22:38,1687,90.54,10.64,1.426
VH-10035,2026-08-29 12:36:15,2217,95.94,10.17,1.561
VH-10035,2026-08-29 10:45:53,2319,87.62,10.84,1.521
VH-10035,2026-08-29 15:45:05,2625,92.59,11.28,1.255
VH-10027,2026-08-29 05:07:24,2177,90.41,14.43,0.965
VH-10027,2026-08-29 19:57:55,2500,95.32,13.89,1.675
VH-10027,2026-08-29 17:41:59,1853,91.49,14.1,1.406
VH-10027,2026-08-29 06:54:42,2180,93.1,14.21,1.459
VH-10027,2026-08-29 17:47:05,2574,96.37,14.12,0.712
VH-10027,2026-08-29 06:41:20,3023,94.65,13.78,2.005
VH-10033,2026-08-29 14:46:49,2427,88.46,14.42,1.589
VH-10033,2026-08-29 13:23:01,2419,92.81,14.25,1.619
VH-10033,2026-08-29 18:40:18,2618,90.93,14.51,0.782
VH-10033,2026-08-29 04:45:35,2269,87.99,14.3,0.99
VH-10033,2026-08-29 18:46:29,2604,92.43,14.03,1.772
VH-10033,2026-08-29 18:31:09,2521,89.13,14.09,1.436
VH-10024,2026-08-29 14:30:56,5028,36.57,14.13,1.366
VH-10024,2026-08-29 20:04:46,5650,35.94,13.86,1.533
VH-10024,2026-08-29 13:54:14,4875,78.02,13.69,2.129
VH-10024,2026-08-29 16:00:33,2514,78.89,13.52,2.64
VH-10024,2026-08-29 14:44:12,6325,71.75,13.57,3.424
VH-10024,2026-08-29 04:54:35,6717,64.61,13.66,3.085
VH-10046,2026-08-29 14:44:50,2451,126.16,13.53,2.797
VH-10046,2026-08-29 13:50:14,2208,97.07,13.97,1.171
VH-10046,2026-08-29 08:11:32,2760,95.69,14.18,0.882
VH-10046,2026-08-29 14:01:53,2009,92.16,14.02,1.507
VH-10046,2026-08-29 10:10:42,3120,96.84,14.12,1.655
VH-10046,2026-08-29 06:07:23,1902,91.38,14.27,1.772
VH-10032,2026-08-29 07:14:24,2146,95.19,14.21,0.839
VH-10032,2026-08-29 10:35:26,2235,92.48,14.05,1.059
VH-10032,2026-08-29 08:35:27,2168,95.14,13.95,1.448
VH-10032,2026-08-29 06:54:49,1730,96.01,13.97,1.371
VH-10032,2026-08-29 08:49:18,2624,97.29,14.29,1.538
VH-10032,2026-08-29 06:49:49,2241,91.75,14.12,1.14
VH-10017,2026-08-29 08:40:22,2162,91.73,13.96,1.623
VH-10017,2026-08-29 15:08:38,2104,95.48,14.44,1.941
VH-10017,2026-08-29 05:16:08,3114,94.56,14.34,1.536
VH-10017,2026-08-29 14:14:55,3003,88.84,14.49,1.64
VH-10017,2026-08-29 12:53:16,3149,91.59,14.02,1.919
VH-10017,2026-08-29 18:24:13,1764,94.53,14.52,1.377
VH-10036,2026-08-29 08:26:21,3030,91.73,10.79,1.163
VH-10036,2026-08-29 15:03:55,1656,94.31,10.95,0.902
VH-10036,2026-08-29 04:59:23,2886,89.69,11.08,0.822
VH-10036,2026-08-29 09:28:49,3004,93.65,10.04,1.197
VH-10036,2026-08-29 10:17:48,2270,93.31,11.38,1.156
VH-10036,2026-08-29 11:35:12,2743,95.09,14.14,1.848
VH-10019,2026-08-29 09:37:36,2829,91.9,13.79,1.264
VH-10019,2026-08-29 18:24:09,2979,93.76,14.08,0.857
VH-10019,2026-08-29 19:58:19,2023,93.67,14.42,1.016
VH-10019,2026-08-29 08:35:29,2082,93.84,14.38,0.912
VH-10019,2026-08-29 09:29:31,2414,94.57,14.2,1.327
VH-10019,2026-08-29 05:37:32,2564,97.15,14.48,1.907
VH-10048,2026-08-29 05:34:27,2380,92.31,14.1,1.198
VH-10048,2026-08-29 12:44:43,2294,95.38,13.82,0.907
VH-10048,2026-08-29 05:42:42,2175,95.55,14.44,1.192
VH-10048,2026-08-29 13:07:31,1937,89.55,14.55,1.669
VH-10048,2026-08-29 18:37:23,2070,89.6,14.02,1.127
VH-10048,2026-08-29 19:36:39,3052,93.51,14.02,0.799
VH-10034,2026-08-29 11:29:29,1944,94.82,14.26,1.619
VH-10034,2026-08-29 05:08:00,2452,94.19,13.95,1.19
VH-10034,2026-08-29 07:59:34,1817,96.1,13.99,0.816
VH-10034,2026-08-29 13:12:53,2531,129.93,14.12,2.566
VH-10034,2026-08-29 13:55:02,2043,115.62,13.86,3.514
VH-10034,2026-08-29 16:39:12,2560,122.85,14.01,2.231
VH-10011,2026-08-29 18:22:02,3002,92.61,13.98,0.828
VH-10011,2026-08-29 17:04:28,2466,87.87,14.14,0.952
VH-10011,2026-08-29 15:03:54,3005,94.47,14.28,1.314
VH-10011,2026-08-29 07:33:02,1904,95.24,14.24,1.115
VH-10011,2026-08-29 07:32:13,2645,91.89,13.83,1.354
VH-10011,2026-08-29 07:23:43,2671,97.95,14.31,5.506
VH-10018,2026-08-29 19:22:53,2142,89.97,14.27,1.882
VH-10018,2026-08-29 13:29:54,2694,88.94,14.08,0.717
VH-10018,2026-08-29 19:53:50,2863,90.77,14.2,1.322
VH-10018,2026-08-29 04:46:18,3025,96.53,14.41,0.948
VH-10018,2026-08-29 10:39:30,1903,90.83,13.92,1.165
VH-10018,2026-08-29 19:36:06,2096,88.29,14.04,1.732
VH-10021,2026-08-29 18:01:05,2785,92.97,14.18,1.115
VH-10021,2026-08-29 19:48:56,1638,93.0,14.01,0.807
VH-10021,2026-08-29 20:13:52,3028,91.63,13.93,1.553
VH-10021,2026-08-29 15:32:49,3064,94.25,14.07,1.239
VH-10021,2026-08-29 16:24:41,1931,93.81,13.91,1.424
VH-10021,2026-08-29 19:41:01,2611,88.99,14.09,0.73
VH-10001,2026-08-29 09:46:03,3154,92.73,13.84,6.922
VH-10001,2026-08-29 19:50:32,3254,99.74,14.26,7.23
VH-10001,2026-08-29 08:19:14,3000,100.29,14.38,8.326
VH-10001,2026-08-29 06:06:17,2641,95.67,14.32,8.035
VH-10001,2026-08-29 20:21:06,2409,91.73,14.02,6.858
VH-10001,2026-08-29 18:24:00,2100,93.98,14.29,5.64
VH-10007,2026-08-29 17:57:51,1910,93.01,14.15,1.825
VH-10007,2026-08-29 19:28:44,2340,96.56,14.12,1.382
VH-10007,2026-08-29 14:54:36,1936,93.2,13.98,0.828
VH-10007,2026-08-29 14:00:36,3035,94.11,13.88,1.457
VH-10007,2026-08-29 09:18:36,2020,95.15,14.18,1.586
VH-10007,2026-08-29 17:23:23,1772,89.39,13.94,1.794
VH-10023,2026-08-29 13:47:16,2239,90.77,14.39,0.972
VH-10023,2026-08-29 12:28:00,2465,95.7,13.95,0.743
VH-10023,2026-08-29 06:22:52,2519,92.32,14.38,1.493
VH-10023,2026-08-29 11:56:30,3064,93.66,13.82,1.174
VH-10023,2026-08-29 11:27:00,1800,88.0,14.08,1.018
VH-10023,2026-08-29 11:02:15,2677,92.77,14.21,1.675
VH-10045,2026-08-29 19:19:10,5510,50.16,10.67,0.879
VH-10045,2026-08-29 18:42:56,5704,52.42,13.79,1.206
VH-10045,2026-08-29 16:32:18,4847,37.54,13.76,0.971
VH-10045,2026-08-29 15:53:29,2670,39.47,14.12,0.661
VH-10045,2026-08-29 19:34:18,2053,52.89,14.02,1.521
VH-10045,2026-08-29 20:27:57,2587,50.31,13.94,1.44
VH-10029,2026-08-29 14:40:02,3832,96.9,14.05,4.639
VH-10029,2026-08-29 19:21:28,3638,93.23,13.9,6.471
VH-10029,2026-08-29 08:15:46,2757,91.75,14.17,6.922
VH-10029,2026-08-29 20:07:08,2248,91.04,14.36,5.379
VH-10029,2026-08-29 18:40:02,2692,94.37,13.95,0.768
VH-10029,2026-08-29 17:36:06,2382,89.15,13.81,0.737
VH-10039,2026-08-29 06:43:30,2989,87.95,14.09,1.053
VH-10039,2026-08-29 14:43:37,2128,90.21,14.42,0.926
VH-10039,2026-08-29 20:06:59,1835,88.88,13.9,1.425
VH-10039,2026-08-29 04:51:46,2982,87.75,14.33,1.44
VH-10039,2026-08-29 11:24:20,1944,95.95,14.16,0.967
VH-10039,2026-08-29 19:27:50,1942,88.6,14.51,1.22
VH-10005,2026-08-29 16:27:51,2035,93.77,14.18,0.7
VH-10005,2026-08-29 17:18:18,3084,93.09,14.15,1.134
VH-10005,2026-08-29 15:14:27,3049,91.32,13.99,1.881
VH-10005,2026-08-29 05:32:55,1604,91.98,13.87,0.859
VH-10005,2026-08-29 20:22:36,2929,94.57,14.16,1.544
VH-10005,2026-08-29 17:26:49,1962,93.65,14.3,1.679
VH-10025,2026-08-29 04:48:58,1640,93.02,11.27,1.48
VH-10025,2026-08-29 14:25:56,2052,89.28,11.43,1.099
VH-10025,2026-08-29 10:34:23,2907,91.64,10.79,1.326
VH-10025,2026-08-29 09:38:48,1862,96.25,11.39,1.727
VH-10025,2026-08-29 12:47:05,2988,88.84,14.49,1.687
VH-10025,2026-08-29 05:01:52,2931,90.4,14.35,1.316
VH-10006,2026-08-29 19:05:34,1689,95.04,13.97,0.808
VH-10006,2026-08-29 10:55:16,1651,97.77,14.11,1.357
VH-10006,2026-08-29 14:53:15,1798,89.51,14.24,0.947
VH-10006,2026-08-29 11:40:41,2297,93.99,14.21,1.372
VH-10006,2026-08-29 19:22:17,2785,88.82,14.55,1.855
VH-10006,2026-08-29 08:38:09,1712,91.28,14.24,0.72
VH-10007,2026-08-30 05:37:19,2492,92.65,14.25,0.966
VH-10007,2026-08-30 19:53:49,2355,94.77,14.08,1.633
VH-10007,2026-08-30 06:01:33,2010,92.29,13.96,0.921
VH-10007,2026-08-30 19:12:55,2784,92.18,13.93,1.268
VH-10007,2026-08-30 06:05:25,2908,89.12,14.06,1.663
VH-10007,2026-08-30 15:25:58,2419,88.23,14.3,0.957
VH-10040,2026-08-30 14:02:23,4448,34.99,13.78,1.077
VH-10040,2026-08-30 15:28:46,3105,34.0,14.21,1.691
VH-10040,2026-08-30 07:56:10,5237,41.6,14.28,1.726
VH-10040,2026-08-30 18:30:56,2683,53.02,13.79,0.868
VH-10040,2026-08-30 18:14:26,6311,38.43,13.84,1.766
VH-10040,2026-08-30 09:28:43,5505,40.01,13.57,1.272
VH-10027,2026-08-30 16:05:44,2259,95.55,14.16,1.322
VH-10027,2026-08-30 05:47:25,2525,96.52,14.11,1.304
VH-10027,2026-08-30 15:50:46,3139,89.22,14.11,1.197
VH-10027,2026-08-30 18:02:40,2352,93.56,13.96,1.243
VH-10027,2026-08-30 16:31:16,2627,93.85,14.12,1.4
VH-10027,2026-08-30 06:08:23,2982,91.53,13.96,1.75
VH-10015,2026-08-30 09:28:59,3443,119.31,13.83,2.075
VH-10015,2026-08-30 17:26:48,3427,126.94,13.54,2.383
VH-10015,2026-08-30 11:04:25,3030,127.36,13.61,2.454
VH-10015,2026-08-30 11:02:00,3300,111.88,13.63,2.618
VH-10015,2026-08-30 05:06:02,3355,127.02,13.5,2.928
VH-10015,2026-08-30 13:54:48,2016,130.13,13.39,2.772
VH-10039,2026-08-30 16:58:24,1730,92.77,13.95,1.067
VH-10039,2026-08-30 06:44:17,1963,87.41,14.13,1.519
VH-10039,2026-08-30 13:47:25,2673,87.66,13.99,1.276
VH-10039,2026-08-30 09:41:19,2579,93.17,14.19,1.649
VH-10039,2026-08-30 19:44:49,2235,92.16,14.0,1.325
VH-10039,2026-08-30 07:26:36,2105,92.32,14.42,1.836
VH-10043,2026-08-30 14:16:07,2310,94.25,14.37,0.915
VH-10043,2026-08-30 11:46:08,2484,92.15,14.36,1.175
VH-10043,2026-08-30 12:31:06,2886,93.34,14.37,1.028
VH-10043,2026-08-30 18:22:46,2355,88.25,13.9,1.47
VH-10043,2026-08-30 06:03:12,3022,93.3,14.04,0.897
VH-10043,2026-08-30 12:41:56,2269,92.15,14.18,1.364
VH-10049,2026-08-30 18:42:41,1930,88.89,13.87,0.806
VH-10049,2026-08-30 07:16:59,2502,92.24,10.19,0.738
VH-10049,2026-08-30 06:27:51,2670,93.08,10.35,1.687
VH-10049,2026-08-30 06:12:11,1699,94.05,10.23,1.722
VH-10049,2026-08-30 06:35:37,1657,97.26,10.2,0.911
VH-10049,2026-08-30 08:26:04,2960,87.88,10.39,1.157
VH-10001,2026-08-30 11:13:24,2709,90.03,14.05,0.763
VH-10001,2026-08-30 14:34:35,2050,88.32,14.21,1.324
VH-10001,2026-08-30 14:23:49,1808,94.19,14.25,1.562
VH-10001,2026-08-30 15:14:55,3179,95.14,13.99,1.625
VH-10001,2026-08-30 19:38:32,2796,96.91,14.25,5.684
VH-10001,2026-08-30 07:53:26,4021,93.98,13.95,5.474
VH-10030,2026-08-30 08:58:24,2087,96.47,14.16,1.68
VH-10030,2026-08-30 06:08:01,2927,95.57,14.25,0.855
VH-10030,2026-08-30 06:33:09,2108,95.97,14.27,0.836
VH-10030,2026-08-30 04:39:06,1994,87.36,14.35,1.807
VH-10030,2026-08-30 10:49:43,3084,91.72,13.98,0.869
VH-10030,2026-08-30 19:14:23,3200,91.67,14.41,1.107
VH-10025,2026-08-30 18:22:20,2587,89.31,14.21,1.737
VH-10025,2026-08-30 09:09:57,2379,92.33,13.99,0.981
VH-10025,2026-08-30 19:46:20,1608,88.32,14.28,1.768
VH-10025,2026-08-30 15:58:42,2804,87.51,14.51,1.673
VH-10025,2026-08-30 17:51:00,3079,90.58,14.14,1.391
VH-10025,2026-08-30 18:21:26,1670,93.97,14.12,1.351
VH-10042,2026-08-30 19:17:20,6432,45.48,13.93,1.033
VH-10042,2026-08-30 16:59:56,2158,46.77,13.69,1.116
VH-10042,2026-08-30 17:11:30,2228,38.54,13.92,1.482
VH-10042,2026-08-30 17:18:30,1859,64.44,13.57,2.199
VH-10042,2026-08-30 15:45:56,2908,67.07,13.43,2.626
VH-10042,2026-08-30 10:25:59,3590,71.47,13.9,2.841
VH-10028,2026-08-30 06:52:16,2166,88.71,13.95,0.763
VH-10028,2026-08-30 13:22:11,1685,89.39,14.31,0.889
VH-10028,2026-08-30 20:04:59,2479,90.3,14.18,1.058
VH-10028,2026-08-30 16:58:50,2329,96.53,14.3,0.921
VH-10028,2026-08-30 08:35:49,2686,90.03,14.31,1.726
VH-10028,2026-08-30 20:06:37,1606,94.45,14.38,1.417
VH-10050,2026-08-30 15:17:39,2592,91.2,14.35,1.055
VH-10050,2026-08-30 08:20:35,1999,94.94,14.44,1.48
VH-10050,2026-08-30 20:24:16,2978,97.61,14.58,1.255
VH-10050,2026-08-30 11:49:24,2951,92.2,14.04,1.756
VH-10050,2026-08-30 17:23:28,2127,94.16,14.55,1.554
VH-10050,2026-08-30 19:40:01,2058,96.21,14.27,1.519
VH-10022,2026-08-30 17:15:52,2494,93.27,13.86,0.998
VH-10022,2026-08-30 11:21:18,1860,93.33,14.29,1.402
VH-10022,2026-08-30 17:01:31,2991,96.04,13.81,1.235
VH-10022,2026-08-30 18:54:20,2207,95.3,14.04,1.334
VH-10022,2026-08-30 06:12:31,3010,89.16,14.55,1.525
VH-10022,2026-08-30 16:38:02,3067,90.64,14.16,1.824
VH-10002,2026-08-30 10:28:42,2212,97.84,14.26,1.602
VH-10002,2026-08-30 19:56:59,1747,91.41,14.13,1.463
VH-10002,2026-08-30 08:54:59,1710,93.87,14.17,1.351
VH-10002,2026-08-30 14:31:20,3132,91.06,14.12,1.291
VH-10002,2026-08-30 08:58:38,1944,94.54,13.77,2.062
VH-10002,2026-08-30 15:11:38,2884,93.67,13.94,0.929
VH-10044,2026-08-30 10:15:58,3016,96.05,14.35,0.79
VH-10044,2026-08-30 18:57:11,1769,88.26,14.26,1.993
VH-10044,2026-08-30 19:51:55,2814,89.47,14.16,1.259
VH-10044,2026-08-30 07:20:09,2700,89.93,14.35,0.928
VH-10044,2026-08-30 19:38:44,2703,94.85,14.46,1.085
VH-10044,2026-08-30 10:29:49,1610,91.39,14.24,0.716
VH-10034,2026-08-30 13:28:59,1958,126.07,13.51,3.152
VH-10034,2026-08-30 04:49:30,2121,127.43,13.86,3.048
VH-10034,2026-08-30 15:08:09,2543,124.78,13.81,2.52
VH-10034,2026-08-30 14:29:04,2305,122.12,13.67,2.328
VH-10034,2026-08-30 12:50:35,3347,119.8,13.46,1.792
VH-10034,2026-08-30 10:38:51,3588,123.02,13.72,3.359
VH-10037,2026-08-30 10:01:03,2488,90.48,14.44,1.114
VH-10037,2026-08-30 17:38:32,2343,96.57,14.25,0.71
VH-10037,2026-08-30 11:58:17,1852,90.78,14.28,1.102
VH-10037,2026-08-30 14:09:28,1698,89.07,14.49,1.413
VH-10037,2026-08-30 17:04:48,1619,92.49,14.3,1.357
VH-10037,2026-08-30 16:20:00,2846,91.08,14.12,1.126
VH-10013,2026-08-30 18:07:56,2068,90.36,14.31,1.587
VH-10013,2026-08-30 06:38:57,1791,89.76,13.88,1.755
VH-10013,2026-08-30 18:17:43,1879,93.45,14.22,1.8
VH-10013,2026-08-30 11:33:04,3062,93.38,14.22,1.34
VH-10013,2026-08-30 06:12:39,2981,94.55,14.27,1.561
VH-10013,2026-08-30 15:37:38,1949,90.36,13.93,1.889
VH-10004,2026-08-30 07:52:30,2142,88.97,14.23,1.592
VH-10004,2026-08-30 06:33:40,2599,88.0,13.74,1.181
VH-10004,2026-08-30 09:59:33,2004,87.3,10.68,0.869
VH-10004,2026-08-30 09:23:53,2112,89.95,10.13,1.029
VH-10004,2026-08-30 12:40:39,2944,94.88,10.45,1.089
VH-10004,2026-08-30 10:41:23,2183,90.83,10.09,1.518
VH-10031,2026-08-30 11:04:53,2144,89.84,14.03,1.421
VH-10031,2026-08-30 17:06:57,2396,87.99,14.38,1.379
VH-10031,2026-08-30 11:37:54,2479,95.32,14.29,1.358
VH-10031,2026-08-30 12:13:20,1982,91.98,14.23,1.861
VH-10031,2026-08-30 11:04:56,1811,95.58,14.18,1.017
VH-10031,2026-08-30 11:41:19,2160,96.58,14.28,0.994
VH-10045,2026-08-30 18:07:30,3395,39.43,13.77,0.623
VH-10045,2026-08-30 15:51:33,3523,40.08,13.75,0.651
VH-10045,2026-08-30 19:52:09,5029,38.26,14.1,0.907
VH-10045,2026-08-30 08:55:34,4460,49.19,13.94,1.457
VH-10045,2026-08-30 07:30:17,6430,38.2,13.91,1.856
VH-10045,2026-08-30 07:38:45,3969,50.53,14.11,0.818
VH-10020,2026-08-30 13:32:07,2747,96.81,14.51,1.027
VH-10020,2026-08-30 18:08:10,1644,88.85,14.15,1.595
VH-10020,2026-08-30 11:22:03,3002,92.29,14.16,0.864
VH-10020,2026-08-30 16:59:49,1976,86.56,14.32,1.408
VH-10020,2026-08-30 12:54:05,3050,90.52,13.86,1.066
VH-10020,2026-08-30 13:33:19,1705,93.51,13.85,1.579
VH-10023,2026-08-30 15:54:16,2724,89.64,14.08,1.801
VH-10023,2026-08-30 05:26:33,2172,91.34,14.52,1.481
VH-10023,2026-08-30 08:20:58,2939,89.28,14.21,1.327
VH-10023,2026-08-30 11:11:51,3141,91.18,14.01,1.542
VH-10023,2026-08-30 19:45:40,1960,90.28,14.0,1.384
VH-10023,2026-08-30 10:26:36,1984,90.24,14.03,0.82
VH-10003,2026-08-30 09:20:59,2068,98.13,14.03,4.752
VH-10003,2026-08-30 06:51:20,3839,97.96,14.28,7.155
VH-10003,2026-08-30 15:28:56,2341,93.4,14.09,6.049
VH-10003,2026-08-30 19:43:26,2159,94.43,13.96,5.209
VH-10003,2026-08-30 13:40:43,3000,92.84,14.35,5.64
VH-10003,2026-08-30 13:49:09,3574,93.53,14.33,9.068
VH-10019,2026-08-30 11:40:29,2860,89.47,13.93,1.593
VH-10019,2026-08-30 18:07:32,2991,92.09,14.32,1.694
VH-10019,2026-08-30 13:32:42,2143,92.99,14.41,0.658
VH-10019,2026-08-30 08:54:20,3077,93.27,14.41,1.759
VH-10019,2026-08-30 08:39:31,1972,94.32,14.2,1.344
VH-10019,2026-08-30 14:43:02,2103,91.29,14.19,1.208
VH-10038,2026-08-30 07:11:56,2783,93.02,14.3,0.843
VH-10038,2026-08-30 04:57:46,1873,96.84,14.0,1.294
VH-10038,2026-08-30 14:03:20,2729,97.17,14.26,0.836
VH-10038,2026-08-30 08:58:57,1710,95.8,11.37,0.781
VH-10038,2026-08-30 04:43:34,1889,90.7,10.07,1.326
VH-10038,2026-08-30 10:04:58,1886,94.04,10.41,1.029
VH-10041,2026-08-30 04:52:18,2915,86.79,14.4,1.394
VH-10041,2026-08-30 19:09:56,2771,91.06,14.42,1.227
VH-10041,2026-08-30 09:21:24,1714,90.21,14.06,1.729
VH-10041,2026-08-30 19:04:31,2429,95.38,13.86,1.438
VH-10041,2026-08-30 06:57:49,2287,86.95,14.05,1.474
VH-10041,2026-08-30 13:46:46,1666,88.58,14.05,1.369
VH-10005,2026-08-30 05:54:16,1617,96.1,14.25,1.75
VH-10005,2026-08-30 15:42:55,2278,92.58,14.19,0.905
VH-10005,2026-08-30 17:04:48,1676,91.92,13.82,1.369
VH-10005,2026-08-30 11:25:54,3174,95.72,14.48,1.313
VH-10005,2026-08-30 15:03:01,2195,92.5,14.45,1.168
VH-10005,2026-08-30 11:13:49,1912,91.09,14.53,0.762
VH-10021,2026-08-30 07:05:17,1947,95.24,13.82,0.898
VH-10021,2026-08-30 18:50:41,3162,93.95,14.26,0.674
VH-10021,2026-08-30 13:59:37,2993,90.86,14.03,1.77
VH-10021,2026-08-30 18:51:07,2997,89.61,14.5,0.843
VH-10021,2026-08-30 09:28:17,1924,94.12,14.41,0.92
VH-10021,2026-08-30 19:15:45,2552,90.73,13.93,0.836
VH-10017,2026-08-30 16:55:15,2837,91.36,14.13,1.102
VH-10017,2026-08-30 19:43:51,2763,90.03,14.17,1.133
VH-10017,2026-08-30 19:47:14,1646,96.35,14.14,0.831
VH-10017,2026-08-30 16:39:30,2524,94.38,14.26,1.283
VH-10017,2026-08-30 17:55:59,2006,91.71,14.0,1.371
VH-10017,2026-08-30 16:32:55,1620,93.52,14.41,0.791
VH-10009,2026-08-30 14:34:20,2708,45.85,13.77,1.732
VH-10009,2026-08-30 19:28:05,5180,48.89,13.9,0.888
VH-10009,2026-08-30 10:12:35,3218,52.6,14.33,1.143
VH-10009,2026-08-30 14:07:03,5588,47.71,13.94,1.213
VH-10009,2026-08-30 14:42:10,5009,42.49,13.92,1.009
VH-10009,2026-08-30 18:14:29,2312,55.68,14.17,0.82
VH-10012,2026-08-30 20:21:59,2715,87.41,14.05,1.35
VH-10012,2026-08-30 12:23:40,1834,91.45,14.26,0.843
VH-10012,2026-08-30 16:34:34,2639,91.7,14.47,0.998
VH-10012,2026-08-30 11:35:08,1666,89.48,14.04,1.212
VH-10012,2026-08-30 14:44:47,2095,92.32,13.95,1.644
VH-10012,2026-08-30 17:42:51,3091,89.42,14.27,1.47
VH-10014,2026-08-30 08:14:47,3160,94.84,13.92,1.155
VH-10014,2026-08-30 17:34:51,1913,87.0,14.24,1.884
VH-10014,2026-08-30 09:03:51,2333,88.67,14.34,1.107
VH-10014,2026-08-30 17:23:27,2163,90.61,14.05,0.581
VH-10014,2026-08-30 07:40:20,1969,90.18,14.11,1.143
VH-10014,2026-08-30 05:00:15,2881,88.21,14.38,1.317
VH-10016,2026-08-30 09:53:11,2340,115.39,13.58,3.118
VH-10016,2026-08-30 04:44:44,3583,119.68,13.47,2.38
VH-10016,2026-08-30 15:42:08,2044,89.16,13.82,0.729
VH-10016,2026-08-30 10:39:33,2935,90.65,14.27,1.142
VH-10016,2026-08-30 09:46:54,3069,91.43,14.03,1.539
VH-10016,2026-08-30 20:02:07,2821,94.6,14.32,1.469
VH-10018,2026-08-30 16:31:51,2520,89.89,13.81,1.476
VH-10018,2026-08-30 15:59:12,2260,90.69,13.92,0.842
VH-10018,2026-08-30 14:41:11,1622,93.36,13.9,1.157
VH-10018,2026-08-30 14:12:24,1810,93.81,14.33,1.828
VH-10018,2026-08-30 18:17:59,2255,88.25,13.81,1.103
VH-10018,2026-08-30 18:44:49,2384,91.13,13.89,0.522
VH-10010,2026-08-30 18:52:19,2424,87.98,14.02,1.315
VH-10010,2026-08-30 18:20:30,3143,90.99,13.76,1.501
VH-10010,2026-08-30 19:06:05,1848,94.03,14.51,0.682
VH-10010,2026-08-30 15:29:55,2063,89.15,14.09,1.987
VH-10010,2026-08-30 05:51:07,1826,89.29,14.12,0.98
VH-10010,2026-08-30 10:33:19,1845,90.62,14.51,1.535
VH-10008,2026-08-30 19:16:18,2668,95.1,10.38,1.427
VH-10008,2026-08-30 19:48:16,2140,96.31,10.24,1.088
VH-10008,2026-08-30 11:18:15,1753,94.85,11.27,0.714
VH-10008,2026-08-30 11:05:17,2297,91.17,14.28,1.236
VH-10008,2026-08-30 19:15:20,1816,97.23,14.09,1.157
VH-10008,2026-08-30 16:46:15,1936,92.35,14.41,1.189
VH-10026,2026-08-30 07:49:12,1983,89.87,14.02,1.359
VH-10026,2026-08-30 16:01:24,2628,91.24,13.91,1.177
VH-10026,2026-08-30 17:46:29,1961,92.77,14.22,1.366
VH-10026,2026-08-30 07:48:18,1673,92.07,14.11,1.435
VH-10026,2026-08-30 16:59:36,3103,93.69,14.18,1.363
VH-10026,2026-08-30 14:20:11,2630,96.75,14.28,1.398
VH-10035,2026-08-30 06:44:22,2280,95.36,13.89,0.603
VH-10035,2026-08-30 13:30:15,3157,95.37,14.2,1.69
VH-10035,2026-08-30 07:37:03,2778,94.58,13.9,7.577
VH-10035,2026-08-30 15:02:42,3973,93.82,14.13,4.984
VH-10035,2026-08-30 15:53:56,3178,100.74,14.26,5.594
VH-10035,2026-08-30 04:43:37,2892,96.25,13.88,6.185
VH-10047,2026-08-30 06:47:09,2908,89.27,14.14,1.683
VH-10047,2026-08-30 09:51:09,2278,90.71,13.96,1.853
VH-10047,2026-08-30 15:27:50,2531,91.42,14.18,1.345
VH-10047,2026-08-30 09:03:54,2193,92.5,14.34,0.842
VH-10047,2026-08-30 05:47:29,1852,89.24,13.88,1.099
VH-10047,2026-08-30 16:30:29,2628,92.12,14.24,1.168
VH-10038,2026-08-31 07:42:44,2505,93.34,10.44,1.454
VH-10038,2026-08-31 19:00:37,2544,88.33,11.16,1.753
VH-10038,2026-08-31 14:24:26,2788,92.93,10.33,1.298
VH-10038,2026-08-31 16:42:36,2972,88.35,9.9,1.662
VH-10038,2026-08-31 05:52:04,2930,89.68,11.04,1.604
VH-10038,2026-08-31 05:41:58,2797,92.42,10.06,0.758
VH-10006,2026-08-31 19:42:25,2910,96.78,13.88,1.084
VH-10006,2026-08-31 10:41:15,3518,94.11,13.92,6.284
VH-10006,2026-08-31 07:53:36,3439,100.05,14.29,8.563
VH-10006,2026-08-31 08:01:20,3825,91.14,13.89,7.986
VH-10006,2026-08-31 11:04:41,2874,93.78,13.86,6.412
VH-10006,2026-08-31 08:03:37,3464,92.74,13.97,5.543
VH-10019,2026-08-31 18:37:09,1885,93.68,14.24,1.233
VH-10019,2026-08-31 10:57:08,2399,92.9,13.97,0.896
VH-10019,2026-08-31 08:52:01,2220,95.58,14.03,1.726
VH-10019,2026-08-31 10:10:56,3188,93.83,14.03,1.56
VH-10019,2026-08-31 16:38:13,2711,92.68,13.86,9.153
VH-10019,2026-08-31 11:41:08,2419,99.51,14.03,7.718
VH-10015,2026-08-31 07:37:05,3424,123.72,13.93,3.145
VH-10015,2026-08-31 16:42:51,3090,124.67,13.64,2.267
VH-10015,2026-08-31 10:39:48,1649,94.37,14.37,0.904
VH-10015,2026-08-31 18:10:45,2297,90.23,14.29,1.918
VH-10015,2026-08-31 20:06:33,2744,95.52,14.44,1.267
VH-10015,2026-08-31 09:24:44,1841,90.57,13.98,1.24
VH-10003,2026-08-31 12:58:56,3321,90.84,14.32,6.231
VH-10003,2026-08-31 13:59:50,1716,94.15,14.53,1.468
VH-10003,2026-08-31 05:55:37,2285,96.46,13.83,1.103
VH-10003,2026-08-31 05:49:42,2754,93.86,14.42,1.817
VH-10003,2026-08-31 07:30:46,1865,90.44,13.92,0.755
VH-10003,2026-08-31 14:25:05,2066,89.51,13.89,1.781
VH-10031,2026-08-31 05:09:41,3168,91.44,13.81,1.33
VH-10031,2026-08-31 15:56:23,1718,89.85,13.98,0.915
VH-10031,2026-08-31 06:25:11,2111,93.63,13.76,0.814
VH-10031,2026-08-31 11:52:19,2580,95.04,14.16,0.937
VH-10031,2026-08-31 16:32:09,2508,93.23,14.46,1.622
VH-10031,2026-08-31 12:54:55,1813,89.11,14.32,1.378
VH-10023,2026-08-31 09:27:44,3119,93.68,13.78,1.415
VH-10023,2026-08-31 19:15:59,1833,88.73,14.29,1.28
VH-10023,2026-08-31 05:52:05,2614,87.44,14.04,1.318
VH-10023,2026-08-31 06:16:30,3162,92.41,13.99,1.623
VH-10023,2026-08-31 11:22:12,2872,92.55,13.97,1.357
VH-10023,2026-08-31 17:21:10,2695,92.02,14.09,1.316
VH-10016,2026-08-31 11:43:09,2214,100.27,14.26,6.988
VH-10016,2026-08-31 15:51:53,3095,96.76,14.29,7.512
VH-10016,2026-08-31 13:28:22,3399,97.57,14.06,7.264
VH-10016,2026-08-31 11:00:14,3251,98.77,13.97,6.633
VH-10016,2026-08-31 13:24:01,2615,92.77,14.1,5.381
VH-10016,2026-08-31 05:45:54,3099,99.75,14.15,8.053
VH-10041,2026-08-31 12:50:12,2323,91.21,13.88,0.815
VH-10041,2026-08-31 06:49:24,2360,94.63,14.19,0.591
VH-10041,2026-08-31 15:55:37,2367,90.83,14.3,1.649
VH-10041,2026-08-31 04:40:49,2241,92.62,14.27,1.166
VH-10041,2026-08-31 06:16:57,3161,97.76,13.81,0.837
VH-10041,2026-08-31 18:08:57,2680,94.71,14.16,1.323
VH-10025,2026-08-31 14:32:26,3172,97.72,14.05,1.069
VH-10025,2026-08-31 17:57:16,2635,87.92,14.15,1.147
VH-10025,2026-08-31 09:33:45,2434,94.68,14.2,1.225
VH-10025,2026-08-31 18:00:43,2779,91.08,14.37,0.801
VH-10025,2026-08-31 17:50:59,2562,93.95,13.98,1.032
VH-10025,2026-08-31 09:07:06,2394,95.68,14.13,1.002
VH-10028,2026-08-31 15:11:49,3079,88.43,14.27,1.115
VH-10028,2026-08-31 17:52:59,1875,95.24,14.29,1.225
VH-10028,2026-08-31 05:11:48,2929,92.66,13.98,1.081
VH-10028,2026-08-31 11:53:42,2755,93.89,14.1,1.251
VH-10028,2026-08-31 09:43:13,3104,94.53,14.4,1.131
VH-10028,2026-08-31 15:52:21,2160,93.68,13.91,0.989
VH-10026,2026-08-31 08:33:25,1888,87.86,14.21,1.079
VH-10026,2026-08-31 10:34:42,1652,90.95,14.0,1.606
VH-10026,2026-08-31 18:53:09,3046,95.58,13.8,1.546
VH-10026,2026-08-31 13:20:53,2324,93.19,14.19,0.912
VH-10026,2026-08-31 19:14:58,3191,87.23,14.14,1.834
VH-10026,2026-08-31 14:47:04,2882,87.26,14.19,0.98
VH-10007,2026-08-31 10:50:41,1983,95.43,14.15,1.147
VH-10007,2026-08-31 10:34:38,2742,93.8,14.31,0.858
VH-10007,2026-08-31 12:14:33,2945,97.2,14.43,1.67
VH-10007,2026-08-31 17:12:33,2205,89.91,13.85,1.954
VH-10007,2026-08-31 14:49:53,1960,92.66,14.1,1.012
VH-10007,2026-08-31 20:28:02,2830,91.57,14.11,1.211
VH-10017,2026-08-31 06:10:00,2982,90.44,14.21,1.12
VH-10017,2026-08-31 11:55:51,2231,91.96,14.07,1.518
VH-10017,2026-08-31 14:42:49,3079,87.84,14.03,1.741
VH-10017,2026-08-31 07:15:14,2341,92.17,14.51,1.567
VH-10017,2026-08-31 10:32:34,2041,93.88,14.08,0.778
VH-10017,2026-08-31 17:24:42,2179,89.78,13.92,1.411
VH-10020,2026-08-31 17:15:36,3116,95.28,14.43,0.95
VH-10020,2026-08-31 04:34:58,2838,95.22,14.01,1.577
VH-10020,2026-08-31 15:01:43,2218,90.99,13.96,0.936
VH-10020,2026-08-31 06:48:37,2589,90.11,14.42,1.421
VH-10020,2026-08-31 16:22:45,2526,89.1,14.4,1.219
VH-10020,2026-08-31 13:55:20,1771,88.98,13.88,1.522
VH-10036,2026-08-31 20:07:57,3157,89.45,14.26,0.853
VH-10036,2026-08-31 15:18:47,1611,90.36,13.98,1.598
VH-10036,2026-08-31 11:54:40,2653,94.16,14.27,1.345
VH-10036,2026-08-31 09:22:11,3132,87.87,14.08,1.704
VH-10036,2026-08-31 19:42:58,2456,90.73,14.15,1.317
VH-10036,2026-08-31 15:14:07,2931,90.64,14.16,1.439
VH-10012,2026-08-31 13:04:40,2276,94.39,14.29,1.852
VH-10012,2026-08-31 04:54:37,2563,87.69,14.49,1.112
VH-10012,2026-08-31 14:40:14,2817,88.54,14.1,1.579
VH-10012,2026-08-31 12:53:03,2472,92.59,13.96,1.457
VH-10012,2026-08-31 10:38:48,3096,88.67,13.96,1.442
VH-10012,2026-08-31 16:55:47,2812,93.49,14.55,1.416
VH-10040,2026-08-31 05:24:25,2248,53.76,13.87,0.697
VH-10040,2026-08-31 05:42:43,4984,47.21,13.86,1.239
VH-10040,2026-08-31 17:19:41,5776,40.59,13.6,1.483
VH-10040,2026-08-31 13:19:20,6091,42.75,14.19,1.102
VH-10040,2026-08-31 09:36:06,5318,51.07,13.97,1.427
VH-10040,2026-08-31 10:58:34,1587,39.47,13.82,1.17
VH-10021,2026-08-31 13:07:09,2925,91.68,10.26,0.748
VH-10021,2026-08-31 06:11:03,1662,96.07,10.68,1.797
VH-10021,2026-08-31 20:22:06,2926,92.15,11.41,0.742
VH-10021,2026-08-31 09:19:58,1962,97.2,9.9,1.162
VH-10021,2026-08-31 05:54:17,2714,91.3,14.31,1.557
VH-10021,2026-08-31 15:31:56,2801,94.6,14.04,0.849
VH-10039,2026-08-31 05:38:23,2627,87.84,14.04,1.034
VH-10039,2026-08-31 17:45:51,1606,90.62,14.29,0.673
VH-10039,2026-08-31 18:39:18,1973,95.72,14.04,1.545
VH-10039,2026-08-31 11:14:34,3083,97.35,14.14,1.623
VH-10039,2026-08-31 08:53:14,2187,88.71,13.84,1.289
VH-10039,2026-08-31 09:52:27,2141,89.94,14.07,1.315
VH-10048,2026-08-31 09:37:04,1918,92.02,14.07,1.671
VH-10048,2026-08-31 10:55:55,2729,95.85,14.25,0.834
VH-10048,2026-08-31 06:33:18,2892,89.29,13.9,1.44
VH-10048,2026-08-31 05:54:55,2334,94.63,13.9,1.014
VH-10048,2026-08-31 15:53:21,1981,94.59,14.17,1.544
VH-10048,2026-08-31 20:27:26,2364,91.45,14.27,1.058
VH-10005,2026-08-31 08:00:38,2782,92.93,13.98,1.546
VH-10005,2026-08-31 11:10:59,2958,90.25,14.51,1.968
VH-10005,2026-08-31 18:59:21,2948,87.96,14.3,0.933
VH-10005,2026-08-31 07:20:26,2737,94.47,14.07,1.368
VH-10005,2026-08-31 11:32:41,2549,92.6,14.39,0.672
VH-10005,2026-08-31 15:31:29,3095,94.7,14.26,1.573
VH-10022,2026-08-31 04:49:07,3172,88.39,14.1,1.251
VH-10022,2026-08-31 07:15:25,1984,88.2,13.94,0.678
VH-10022,2026-08-31 13:58:54,1671,89.98,14.43,0.751
VH-10022,2026-08-31 06:56:54,2943,94.52,14.35,0.705
VH-10022,2026-08-31 18:34:42,2972,90.62,14.35,1.135
VH-10022,2026-08-31 19:06:34,3058,91.93,14.32,1.167
VH-10042,2026-08-31 17:29:54,2456,68.63,13.4,3.388
VH-10042,2026-08-31 19:01:14,5813,67.24,13.2,2.392
VH-10042,2026-08-31 15:17:29,2058,66.17,13.39,1.942
VH-10042,2026-08-31 07:56:57,2063,75.26,13.35,2.579
VH-10042,2026-08-31 18:31:28,4904,89.3,13.49,2.565
VH-10042,2026-08-31 05:38:31,4804,70.39,13.61,3.669
VH-10050,2026-08-31 06:56:10,2218,90.78,13.91,1.987
VH-10050,2026-08-31 17:42:01,2134,97.24,14.28,1.117
VH-10050,2026-08-31 19:47:59,2162,94.82,14.35,1.259
VH-10050,2026-08-31 13:51:11,1638,94.37,14.33,1.12
VH-10050,2026-08-31 07:48:25,1730,93.19,10.56,1.37
VH-10050,2026-08-31 15:08:35,2574,95.17,10.6,1.075
VH-10009,2026-08-31 19:28:58,5860,47.57,14.16,1.265
VH-10009,2026-08-31 20:09:33,5838,43.24,13.68,1.159
VH-10009,2026-08-31 10:13:33,4902,55.36,13.66,1.688
VH-10009,2026-08-31 08:58:49,2511,37.44,13.68,1.671
VH-10009,2026-08-31 17:09:37,3283,43.13,13.89,1.294
VH-10009,2026-08-31 15:06:45,3344,53.57,13.93,1.472
VH-10029,2026-08-31 09:59:29,2943,90.64,11.55,1.122
VH-10029,2026-08-31 17:46:51,1659,95.95,10.88,1.382
VH-10029,2026-08-31 17:35:31,2848,88.45,10.47,1.219
VH-10029,2026-08-31 17:09:43,1995,97.18,10.12,1.106
VH-10029,2026-08-31 10:54:19,2200,88.81,11.03,1.335
VH-10029,2026-08-31 18:50:01,1962,96.8,10.4,0.822
VH-10014,2026-08-31 09:49:40,1743,89.59,14.02,1.676
VH-10014,2026-08-31 07:24:37,3066,94.26,14.34,1.387
VH-10014,2026-08-31 05:53:02,3085,94.44,14.11,1.503
VH-10014,2026-08-31 07:40:20,3152,93.69,14.28,0.793
VH-10014,2026-08-31 12:24:41,1798,91.62,14.34,1.383
VH-10014,2026-08-31 14:52:55,2522,94.76,14.09,1.298
VH-10018,2026-08-31 12:30:34,3061,91.05,14.41,0.894
VH-10018,2026-08-31 13:43:58,1863,89.9,13.88,1.028
VH-10018,2026-08-31 13:43:48,3126,97.46,11.55,1.225
VH-10018,2026-08-31 09:12:05,2626,90.94,10.1,1.652
VH-10018,2026-08-31 19:45:41,2377,87.66,10.2,1.077
VH-10018,2026-08-31 13:13:00,3092,94.61,11.44,1.092
VH-10045,2026-08-31 05:27:58,5793,51.58,14.13,1.376
VH-10045,2026-08-31 06:51:46,5905,52.94,14.16,0.69
VH-10045,2026-08-31 10:19:10,3507,41.49,14.01,0.834
VH-10045,2026-08-31 11:21:04,2585,46.0,13.71,0.982
VH-10045,2026-08-31 05:55:01,3109,43.42,13.94,1.323
VH-10045,2026-08-31 14:10:11,2413,49.96,13.96,1.585
VH-10010,2026-08-31 04:50:59,2154,92.24,14.09,1.208
VH-10010,2026-08-31 11:55:28,2630,92.28,14.11,1.735
VH-10010,2026-08-31 20:05:21,3157,91.51,14.07,1.787
VH-10010,2026-08-31 09:47:00,2074,90.06,14.03,1.002
VH-10010,2026-08-31 11:10:54,1920,88.59,14.14,0.852
VH-10010,2026-08-31 20:15:49,3196,95.58,14.09,0.975
VH-10035,2026-08-31 13:55:57,3151,98.89,13.99,4.562
VH-10035,2026-08-31 16:37:37,2931,96.26,13.88,5.537
VH-10035,2026-08-31 12:53:04,2968,92.42,14.06,7.811
VH-10035,2026-08-31 19:28:28,2699,94.36,13.9,8.803
VH-10035,2026-08-31 06:23:53,2398,92.98,14.43,1.223
VH-10035,2026-08-31 07:37:51,2701,89.93,14.48,0.784
VH-10046,2026-08-31 18:26:20,2807,89.75,13.99,0.978
VH-10046,2026-08-31 13:09:44,3012,89.43,14.38,0.732
VH-10046,2026-08-31 16:32:00,2039,89.14,14.18,1.359
VH-10046,2026-08-31 13:12:58,1887,89.16,13.96,1.2
VH-10046,2026-08-31 15:35:47,1665,96.06,14.31,1.027
VH-10046,2026-08-31 07:21:15,2743,95.71,14.05,1.84
VH-10030,2026-08-31 11:22:15,2482,96.52,14.03,1.644
VH-10030,2026-08-31 10:15:47,2680,95.86,14.26,1.69
VH-10030,2026-08-31 16:35:11,2474,90.39,14.37,1.47
VH-10030,2026-08-31 11:24:03,2326,94.31,14.17,1.289
VH-10030,2026-08-31 07:35:45,1680,93.88,14.12,1.665
VH-10030,2026-08-31 10:46:30,2155,88.46,14.52,1.822
VH-10047,2026-08-31 08:27:35,2906,93.48,14.06,4.79
VH-10047,2026-08-31 10:07:09,3684,96.28,13.87,7.995
VH-10047,2026-08-31 16:21:31,3111,92.97,14.39,7.115
VH-10047,2026-08-31 18:35:11,3095,97.85,14.04,8.489
VH-10047,2026-08-31 18:28:52,3097,95.08,14.22,4.979
VH-10047,2026-08-31 13:20:52,3193,90.4,14.31,5.018
VH-10027,2026-08-31 20:22:13,2029,94.88,14.14,0.995
VH-10027,2026-08-31 09:22:02,1971,89.53,14.32,1.567
VH-10027,2026-08-31 16:33:04,2257,88.37,13.94,0.604
VH-10027,2026-08-31 17:36:45,2825,93.5,13.87,0.82
VH-10027,2026-08-31 06:41:41,2450,95.46,14.21,0.804
VH-10027,2026-08-31 20:32:08,2261,94.26,14.06,1.549
VH-10033,2026-08-31 10:42:25,1892,89.72,14.02,0.657
VH-10033,2026-08-31 11:50:22,2216,90.95,14.46,1.677
VH-10033,2026-08-31 08:54:38,1897,94.31,14.38,0.562
VH-10033,2026-08-31 10:45:11,1669,93.22,13.99,1.365
VH-10033,2026-08-31 11:15:06,2782,90.67,14.43,1.371
VH-10033,2026-08-31 14:56:08,2298,95.28,14.19,1.275
VH-10032,2026-08-31 12:39:01,2915,90.12,14.28,0.664
VH-10032,2026-08-31 13:43:06,2526,93.02,14.44,0.79
VH-10032,2026-08-31 10:44:04,3189,88.74,14.19,1.319
VH-10032,2026-08-31 06:25:45,2071,92.61,14.5,1.001
VH-10032,2026-08-31 12:28:10,1911,91.53,14.29,1.451
VH-10032,2026-08-31 16:52:35,2462,96.93,13.98,0.775
VH-10013,2026-08-31 13:48:10,2816,94.68,13.98,1.334
VH-10013,2026-08-31 12:00:01,2458,89.87,14.11,1.556
VH-10013,2026-08-31 16:41:57,2976,90.38,13.97,1.298
VH-10013,2026-08-31 14:07:17,2825,90.71,14.32,1.056
VH-10013,2026-08-31 07:30:59,2299,96.43,14.35,0.859
VH-10013,2026-08-31 18:11:21,3016,95.25,14.02,1.186
VH-10024,2026-09-01 17:19:58,2293,72.27,13.86,2.996
VH-10024,2026-09-01 18:17:09,2059,65.24,13.14,3.316
VH-10024,2026-09-01 19:29:08,3576,44.05,13.99,1.279
VH-10024,2026-09-01 15:03:55,3655,51.89,13.79,1.485
VH-10024,2026-09-01 16:24:03,5594,53.22,13.95,1.292
VH-10024,2026-09-01 13:41:09,4826,41.1,13.88,1.059
VH-10016,2026-09-01 15:56:02,3010,98.46,14.25,6.014
VH-10016,2026-09-01 14:32:43,3511,95.85,13.98,5.61
VH-10016,2026-09-01 07:19:49,2958,91.6,13.98,1.748
VH-10016,2026-09-01 08:28:58,2201,92.19,14.53,0.979
VH-10016,2026-09-01 09:16:28,2453,117.62,13.77,2.422
VH-10016,2026-09-01 20:27:39,2913,115.8,13.97,2.59
VH-10043,2026-09-01 17:21:27,2345,96.08,14.14,1.067
VH-10043,2026-09-01 15:38:55,3038,91.91,14.26,0.895
VH-10043,2026-09-01 20:08:31,2837,91.74,14.16,1.384
VH-10043,2026-09-01 13:11:04,2867,93.49,14.06,0.795
VH-10043,2026-09-01 06:31:33,3046,90.2,14.28,1.046
VH-10043,2026-09-01 05:19:49,3042,94.93,13.87,1.284
VH-10032,2026-09-01 13:55:25,2640,96.45,13.88,1.097
VH-10032,2026-09-01 06:19:59,1845,94.14,13.79,0.667
VH-10032,2026-09-01 10:27:22,2279,91.46,10.5,1.331
VH-10032,2026-09-01 17:58:55,2571,88.88,11.07,0.805
VH-10032,2026-09-01 13:05:16,1977,91.32,9.95,1.086
VH-10032,2026-09-01 19:22:17,2672,90.85,11.03,0.767
VH-10045,2026-09-01 07:44:11,5834,36.55,13.87,1.024
VH-10045,2026-09-01 06:45:23,5581,40.19,13.9,1.18
VH-10045,2026-09-01 10:31:39,2954,45.82,14.27,1.434
VH-10045,2026-09-01 08:26:10,3887,36.24,13.94,1.246
VH-10045,2026-09-01 09:14:09,5224,53.64,13.86,1.205
VH-10045,2026-09-01 14:49:34,5520,40.47,14.02,1.3
VH-10028,2026-09-01 08:28:44,2941,90.93,14.13,1.406
VH-10028,2026-09-01 10:52:31,3163,89.61,14.29,0.981
VH-10028,2026-09-01 07:54:46,2396,91.65,14.51,1.612
VH-10028,2026-09-01 05:46:16,2803,93.58,14.06,0.705
VH-10028,2026-09-01 13:58:23,2701,89.5,14.35,1.55
VH-10028,2026-09-01 16:17:55,2039,89.78,14.29,1.583
VH-10027,2026-09-01 11:10:51,1692,97.11,13.83,1.379
VH-10027,2026-09-01 14:45:35,2361,95.94,14.13,0.801
VH-10027,2026-09-01 18:17:47,2882,92.18,14.39,1.224
VH-10027,2026-09-01 17:58:28,1988,95.23,14.11,1.508
VH-10027,2026-09-01 18:42:53,1744,93.31,13.82,1.656
VH-10027,2026-09-01 13:17:56,2415,89.69,14.1,1.639
VH-10004,2026-09-01 10:39:46,2619,90.0,10.0,0.739
VH-10004,2026-09-01 06:27:35,1977,88.85,10.47,0.774
VH-10004,2026-09-01 09:02:49,3175,87.27,10.18,1.543
VH-10004,2026-09-01 14:36:47,1629,98.2,10.43,1.745
VH-10004,2026-09-01 11:31:52,1715,89.45,10.13,1.021
VH-10004,2026-09-01 10:55:53,3076,90.74,10.75,0.776
VH-10041,2026-09-01 09:43:46,1716,87.45,13.96,1.432
VH-10041,2026-09-01 14:57:13,1812,92.18,13.82,0.787
VH-10041,2026-09-01 12:22:51,2717,90.37,14.28,1.643
VH-10041,2026-09-01 17:03:09,2998,92.65,13.99,2.027
VH-10041,2026-09-01 19:09:07,1895,90.15,14.22,1.64
VH-10041,2026-09-01 05:02:02,1687,90.97,14.25,1.516
VH-10007,2026-09-01 15:47:36,2455,91.81,14.07,1.88
VH-10007,2026-09-01 09:20:44,2044,94.75,14.28,1.725
VH-10007,2026-09-01 19:10:06,2436,91.14,14.05,1.158
VH-10007,2026-09-01 17:37:23,2729,95.13,14.38,1.543
VH-10007,2026-09-01 10:58:47,2159,96.61,14.28,1.747
VH-10007,2026-09-01 09:00:31,3112,90.81,14.44,1.215
VH-10018,2026-09-01 06:17:17,1733,86.95,11.33,1.648
VH-10018,2026-09-01 15:34:08,2330,91.83,10.45,0.934
VH-10018,2026-09-01 15:12:08,2514,90.31,10.81,1.019
VH-10018,2026-09-01 08:44:37,1842,93.02,10.65,0.874
VH-10018,2026-09-01 13:19:05,2110,96.03,11.16,0.861
VH-10018,2026-09-01 09:30:35,2568,92.48,11.27,0.722
VH-10040,2026-09-01 19:11:47,1662,56.01,14.36,1.567
VH-10040,2026-09-01 06:45:19,4724,55.2,13.63,1.846
VH-10040,2026-09-01 14:20:01,2180,42.77,14.27,1.54
VH-10040,2026-09-01 16:28:27,3795,54.26,14.09,0.85
VH-10040,2026-09-01 13:50:39,4264,35.91,13.97,1.611
VH-10040,2026-09-01 09:30:10,6199,35.21,13.74,1.831
VH-10017,2026-09-01 16:55:34,2469,92.27,14.07,1.782
VH-10017,2026-09-01 12:40:09,2975,88.96,14.13,1.256
VH-10017,2026-09-01 07:49:15,1733,90.75,14.18,1.363
VH-10017,2026-09-01 15:30:09,1919,93.37,14.38,1.898
VH-10017,2026-09-01 07:37:56,3127,94.23,13.94,1.633
VH-10017,2026-09-01 10:37:56,2256,93.98,13.96,1.752
VH-10033,2026-09-01 19:52:57,1725,93.45,14.08,1.027
VH-10033,2026-09-01 11:18:18,1755,88.8,14.33,1.75
VH-10033,2026-09-01 14:12:37,2184,89.09,13.85,1.325
VH-10033,2026-09-01 12:52:59,1726,89.17,14.15,1.346
VH-10033,2026-09-01 18:34:58,2252,93.59,14.45,0.931
VH-10033,2026-09-01 13:21:04,2333,95.11,14.08,1.549
VH-10022,2026-09-01 10:48:48,3014,92.56,14.23,1.494
VH-10022,2026-09-01 19:30:08,1912,87.72,14.19,1.12
VH-10022,2026-09-01 08:59:34,2462,96.31,13.91,5.388
VH-10022,2026-09-01 10:35:42,2997,92.38,14.3,7.085
VH-10022,2026-09-01 20:01:38,2658,94.32,14.2,7.413
VH-10022,2026-09-01 13:43:26,3377,97.6,14.28,7.184
VH-10044,2026-09-01 15:14:30,2478,92.59,14.17,1.427
VH-10044,2026-09-01 08:57:47,1729,89.95,14.13,1.226
VH-10044,2026-09-01 15:15:09,2575,93.95,14.09,1.199
VH-10044,2026-09-01 15:24:51,2068,93.04,14.23,1.84
VH-10044,2026-09-01 15:07:07,3136,89.31,14.16,1.556
VH-10044,2026-09-01 12:38:39,1995,95.8,13.88,0.781
VH-10038,2026-09-01 04:54:33,2871,91.48,14.08,1.102
VH-10038,2026-09-01 11:27:02,2823,94.44,14.03,0.819
VH-10038,2026-09-01 12:24:35,1622,88.99,14.02,1.036
VH-10038,2026-09-01 16:04:00,1902,91.63,14.02,1.141
VH-10038,2026-09-01 18:51:23,2528,88.84,14.07,1.018
VH-10038,2026-09-01 19:57:20,3075,90.63,13.77,1.284
VH-10023,2026-09-01 06:15:29,3149,93.56,14.27,0.593
VH-10023,2026-09-01 06:42:20,1934,97.42,13.94,1.536
VH-10023,2026-09-01 07:05:36,2674,91.75,14.2,1.368
VH-10023,2026-09-01 09:41:59,2134,88.4,13.93,1.601
VH-10023,2026-09-01 19:36:13,2076,95.22,14.39,0.969
VH-10023,2026-09-01 16:35:43,2608,86.93,14.19,0.974
VH-10006,2026-09-01 12:11:42,1614,91.08,14.0,1.668
VH-10006,2026-09-01 09:08:11,3124,92.84,14.11,1.289
VH-10006,2026-09-01 12:55:23,2133,91.2,14.38,1.333
VH-10006,2026-09-01 16:47:22,2393,93.64,14.32,1.835
VH-10006,2026-09-01 11:30:48,2339,93.33,14.34,0.861
VH-10006,2026-09-01 04:53:11,1970,94.74,13.92,2.034
VH-10001,2026-09-01 10:32:42,3237,97.92,13.97,5.596
VH-10001,2026-09-01 08:30:11,2373,98.67,14.31,7.022
VH-10001,2026-09-01 09:40:14,2830,95.23,13.91,5.785
VH-10001,2026-09-01 04:54:00,2280,100.91,13.98,4.97
VH-10001,2026-09-01 05:31:10,3568,93.22,13.87,7.777
VH-10001,2026-09-01 12:51:12,3846,95.37,13.84,7.673
VH-10048,2026-09-01 04:36:42,2553,89.95,14.3,1.519
VH-10048,2026-09-01 13:19:29,2015,95.97,13.79,1.023
VH-10048,2026-09-01 05:15:13,2491,93.48,14.34,1.514
VH-10048,2026-09-01 07:12:34,2567,93.4,14.09,1.652
VH-10048,2026-09-01 16:00:22,2362,93.09,14.13,1.069
VH-10048,2026-09-01 17:57:38,2118,95.21,14.13,1.325
VH-10037,2026-09-01 10:30:13,2880,90.27,14.16,1.483
VH-10037,2026-09-01 11:26:55,2458,95.36,14.47,1.226
VH-10037,2026-09-01 10:21:25,2285,91.72,14.18,1.682
VH-10037,2026-09-01 16:48:47,2435,94.26,14.34,1.095
VH-10037,2026-09-01 11:19:11,2633,95.33,14.09,1.885
VH-10037,2026-09-01 14:26:24,1797,95.15,13.88,0.932
VH-10026,2026-09-01 06:38:27,1843,92.32,14.0,1.137
VH-10026,2026-09-01 10:53:38,2579,95.0,14.21,1.423
VH-10026,2026-09-01 13:18:41,2385,94.58,14.43,1.44
VH-10026,2026-09-01 19:35:35,2598,92.89,13.83,1.193
VH-10026,2026-09-01 08:03:35,2094,93.26,14.19,1.081
VH-10026,2026-09-01 17:40:11,2815,94.96,14.32,1.761
VH-10049,2026-09-01 17:26:10,2697,94.72,10.68,1.344
VH-10049,2026-09-01 18:53:05,1933,89.22,14.35,1.008
VH-10049,2026-09-01 20:05:26,4179,96.48,13.98,7.828
VH-10049,2026-09-01 12:19:39,4011,98.11,13.87,4.476
VH-10049,2026-09-01 19:58:01,3987,94.91,14.23,5.613
VH-10049,2026-09-01 19:36:28,3259,95.51,14.05,6.17
VH-10008,2026-09-01 12:33:10,1847,87.38,13.95,0.978
VH-10008,2026-09-01 13:04:15,2944,88.8,13.99,1.182
VH-10008,2026-09-01 16:34:34,1624,87.43,14.36,1.213
VH-10008,2026-09-01 12:29:41,1986,92.42,14.15,1.049
VH-10008,2026-09-01 06:43:53,2644,91.13,14.18,1.108
VH-10008,2026-09-01 18:27:51,2061,93.27,14.04,1.525
VH-10019,2026-09-01 11:16:57,2895,96.12,14.16,7.071
VH-10019,2026-09-01 18:16:06,3623,97.07,13.94,6.504
VH-10019,2026-09-01 05:00:15,3528,93.24,14.33,5.47
VH-10019,2026-09-01 13:03:52,3180,93.66,14.12,6.606
VH-10019,2026-09-01 17:23:06,3009,93.31,14.27,1.319
VH-10019,2026-09-01 14:39:55,2301,92.96,14.35,1.007
VH-10035,2026-09-01 11:55:10,2090,93.92,14.06,1.043
VH-10035,2026-09-01 13:12:38,1985,95.34,14.32,0.997
VH-10035,2026-09-01 16:19:45,2018,95.42,14.31,1.01
VH-10035,2026-09-01 11:13:01,2290,88.82,14.23,1.182
VH-10035,2026-09-01 19:08:32,2841,89.0,13.89,0.947
VH-10035,2026-09-01 13:33:42,2727,91.87,13.88,1.338
VH-10046,2026-09-01 20:12:17,2392,91.67,14.08,0.656
VH-10046,2026-09-01 06:51:17,2149,89.0,13.77,1.647
VH-10046,2026-09-01 05:34:18,2878,93.03,14.05,1.141
VH-10046,2026-09-01 16:27:26,2733,94.56,14.27,0.96
VH-10046,2026-09-01 04:44:16,2857,94.66,14.12,1.145
VH-10046,2026-09-01 19:13:21,2051,90.26,13.96,1.663
VH-10025,2026-09-01 18:47:25,1767,92.88,14.22,1.041
VH-10025,2026-09-01 05:08:59,2978,91.56,14.32,1.384
VH-10025,2026-09-01 19:12:24,3040,87.71,14.32,1.361
VH-10025,2026-09-01 15:59:28,2195,97.05,14.13,1.747
VH-10025,2026-09-01 07:02:56,2396,92.6,14.05,0.735
VH-10025,2026-09-01 17:50:33,2350,94.56,14.03,0.932
VH-10014,2026-09-01 11:28:13,2346,87.44,14.02,1.554
VH-10014,2026-09-01 12:39:44,2527,90.74,13.84,1.184
VH-10014,2026-09-01 10:07:15,1788,94.52,14.3,1.732
VH-10014,2026-09-01 14:09:41,1943,90.88,14.2,0.766
VH-10014,2026-09-01 10:08:18,2733,95.85,14.21,0.672
VH-10014,2026-09-01 10:23:28,1642,91.09,14.38,1.356
VH-10009,2026-09-01 12:29:49,6201,51.65,13.99,1.081
VH-10009,2026-09-01 05:38:35,3852,44.1,14.14,1.447
VH-10009,2026-09-01 19:15:44,6460,45.93,14.28,1.029
VH-10009,2026-09-01 19:43:02,2101,47.61,13.84,1.016
VH-10009,2026-09-01 15:35:31,1631,39.39,14.14,1.705
VH-10009,2026-09-01 09:16:01,3502,37.23,14.16,1.85
VH-10030,2026-09-01 16:30:24,2451,96.42,13.88,0.847
VH-10030,2026-09-01 16:04:09,2938,96.35,13.91,0.844
VH-10030,2026-09-01 19:38:33,2235,94.39,14.01,1.726
VH-10030,2026-09-01 05:06:24,2360,88.3,14.13,1.521
VH-10030,2026-09-01 06:25:44,2497,94.9,14.12,1.44
VH-10030,2026-09-01 06:44:10,2276,92.72,14.01,1.752
VH-10050,2026-09-01 07:13:35,2164,93.92,10.15,1.033
VH-10050,2026-09-01 11:01:02,1910,90.47,11.58,1.789
VH-10050,2026-09-01 10:28:13,2143,96.39,10.1,0.941
VH-10050,2026-09-01 19:41:16,2970,94.57,11.33,1.378
VH-10050,2026-09-01 13:10:46,2722,96.44,10.75,1.064
VH-10050,2026-09-01 13:25:49,3193,95.36,13.93,0.779
VH-10013,2026-09-01 20:20:36,2811,89.42,14.28,1.009
VH-10013,2026-09-01 12:04:08,1801,93.48,14.17,1.103
VH-10013,2026-09-01 11:44:50,2957,88.56,14.13,1.555
VH-10013,2026-09-01 19:35:32,1842,92.21,14.11,1.705
VH-10013,2026-09-01 18:28:26,2850,95.01,14.16,1.208
VH-10013,2026-09-01 07:24:58,3163,99.96,14.36,9.04
VH-10034,2026-09-01 05:04:22,2224,121.41,14.05,2.704
VH-10034,2026-09-01 05:45:08,2748,128.43,13.62,3.433
VH-10034,2026-09-01 10:31:36,2604,89.2,14.31,1.319
VH-10034,2026-09-01 07:03:49,1922,93.77,14.33,0.622
VH-10034,2026-09-01 15:16:21,2526,91.84,14.13,1.227
VH-10034,2026-09-01 12:25:05,2268,88.31,13.99,1.711
VH-10031,2026-09-01 08:40:39,3080,89.11,14.38,1.474
VH-10031,2026-09-01 08:33:52,2975,91.65,14.19,1.548
VH-10031,2026-09-01 09:59:23,1700,87.4,14.36,1.107
VH-10031,2026-09-01 17:24:56,2520,89.04,13.99,2.021
VH-10031,2026-09-01 09:35:06,2113,90.34,14.26,1.707
VH-10031,2026-09-01 19:52:09,1969,92.33,14.4,1.381
VH-10010,2026-09-01 04:40:41,2626,91.12,14.01,1.385
VH-10010,2026-09-01 17:30:44,2854,96.47,13.83,1.829
VH-10010,2026-09-01 14:08:59,2182,91.93,14.09,1.629
VH-10010,2026-09-01 19:33:07,2072,94.81,14.47,1.171
VH-10010,2026-09-01 12:17:08,2408,91.95,14.15,0.743
VH-10010,2026-09-01 17:37:15,2160,90.84,14.5,1.9
VH-10002,2026-09-01 14:23:49,2617,95.42,13.86,1.345
VH-10002,2026-09-01 17:09:57,2716,92.9,13.78,1.212
VH-10002,2026-09-01 07:43:10,2128,88.42,14.0,1.147
VH-10002,2026-09-01 15:40:59,2233,94.75,14.16,1.264
VH-10002,2026-09-01 04:49:15,3153,95.63,14.32,1.008
VH-10002,2026-09-01 19:06:18,2858,89.96,13.87,1.463
VH-10021,2026-09-01 13:20:12,2870,93.16,14.22,0.675
VH-10021,2026-09-01 11:05:10,2319,88.25,14.45,1.76
VH-10021,2026-09-01 16:47:21,2905,93.78,14.28,1.684
VH-10021,2026-09-01 20:10:00,2259,93.23,13.82,0.724
VH-10021,2026-09-01 16:15:32,1615,97.21,14.4,0.874
VH-10021,2026-09-01 08:11:19,2733,96.66,14.15,1.292
VH-10011,2026-09-01 14:49:30,3406,96.8,13.98,7.804
VH-10011,2026-09-01 09:18:27,3320,101.92,13.97,6.59
VH-10011,2026-09-01 19:53:58,2709,93.99,13.82,7.992
VH-10011,2026-09-01 07:57:18,2784,98.29,14.26,5.399
VH-10011,2026-09-01 06:48:14,2647,96.14,14.26,8.277
VH-10011,2026-09-01 14:32:46,3777,92.54,14.34,5.399
VH-10039,2026-09-01 14:51:58,1740,90.37,14.28,0.909
VH-10039,2026-09-01 17:08:17,2810,95.19,14.29,1.231
VH-10039,2026-09-01 08:15:02,2354,118.2,14.09,2.983
VH-10039,2026-09-01 13:11:01,3402,115.28,13.47,2.646
VH-10039,2026-09-01 13:56:19,2943,120.64,13.5,2.311
VH-10039,2026-09-01 17:50:52,3168,115.42,13.91,2.753
VH-10012,2026-09-01 08:16:26,1682,88.6,13.97,1.034
VH-10012,2026-09-01 12:41:47,3595,110.71,13.4,1.9
VH-10012,2026-09-01 15:54:37,2900,116.9,13.95,2.533
VH-10012,2026-09-01 11:29:53,3157,110.82,13.72,2.023
VH-10012,2026-09-01 06:21:40,3016,112.85,13.78,3.546
VH-10012,2026-09-01 20:24:59,2986,112.56,13.6,2.219
VH-10020,2026-09-01 19:58:28,2051,92.26,13.9,1.852
VH-10020,2026-09-01 08:41:28,2669,90.35,13.85,1.65
VH-10020,2026-09-01 07:11:07,2179,91.78,14.1,1.841
VH-10020,2026-09-01 10:14:42,1606,90.39,13.84,1.516
VH-10020,2026-09-01 19:46:22,2227,93.22,14.01,1.467
VH-10020,2026-09-01 15:40:35,2001,94.87,14.12,1.71
VH-10042,2026-09-01 19:48:38,6517,57.79,13.1,2.409
VH-10042,2026-09-01 18:08:58,2407,69.98,13.7,2.409
VH-10042,2026-09-01 07:36:27,1595,54.11,14.01,2.037
VH-10042,2026-09-01 06:56:10,2473,37.98,13.93,1.279
VH-10042,2026-09-01 20:18:28,1552,54.81,14.06,1.642
VH-10042,2026-09-01 12:33:47,4998,49.37,14.11,1.698
VH-10029,2026-09-01 05:16:28,1994,91.04,10.15,1.511
VH-10029,2026-09-01 10:46:19,2204,90.36,10.01,0.948
VH-10029,2026-09-01 10:57:51,3149,93.81,9.91,1.455
VH-10029,2026-09-01 10:04:35,1615,91.59,10.56,0.893
VH-10029,2026-09-01 07:22:21,2033,90.08,10.1,1.178
VH-10029,2026-09-01 15:30:39,1922,93.88,14.19,1.313
VH-10003,2026-09-01 18:51:31,2038,94.6,14.27,1.805
VH-10003,2026-09-01 19:33:16,1836,95.45,13.94,0.988
VH-10003,2026-09-01 20:00:09,3059,94.29,13.85,1.133
VH-10003,2026-09-01 06:07:05,1751,90.31,14.11,1.039
VH-10003,2026-09-01 09:26:22,2604,94.07,14.01,1.642
VH-10003,2026-09-01 18:38:38,2719,89.53,14.45,1.176
VH-10036,2026-09-01 06:22:11,3187,91.93,13.81,1.769
VH-10036,2026-09-01 06:39:55,1801,90.21,14.43,1.697
VH-10036,2026-09-01 05:20:20,2240,91.79,13.99,1.636
VH-10036,2026-09-01 07:09:03,2968,94.3,14.01,1.128
VH-10036,2026-09-01 14:06:50,2243,89.63,13.9,0.98
VH-10036,2026-09-01 13:30:26,2903,91.09,14.04,1.349
VH-10010,2026-09-02 16:51:04,2738,96.39,14.43,1.11
VH-10010,2026-09-02 20:06:07,2656,90.32,14.25,0.828
VH-10010,2026-09-02 06:43:55,2988,91.2,14.02,1.332
VH-10010,2026-09-02 09:35:26,3149,94.09,13.99,1.453
VH-10010,2026-09-02 12:39:40,2399,90.07,14.51,1.308
VH-10010,2026-09-02 05:45:36,3076,92.93,14.19,1.707
VH-10018,2026-09-02 05:16:16,2562,90.47,10.84,1.008
VH-10018,2026-09-02 05:23:25,3096,89.47,11.29,1.467
VH-10018,2026-09-02 12:55:57,1874,92.63,14.21,0.911
VH-10018,2026-09-02 06:28:29,2042,91.07,14.24,1.048
VH-10018,2026-09-02 07:59:57,1889,94.54,13.89,1.722
VH-10018,2026-09-02 08:08:14,2006,90.15,13.8,1.569
VH-10033,2026-09-02 11:37:07,1671,94.43,14.43,1.889
VH-10033,2026-09-02 14:58:17,2625,95.2,14.17,1.748
VH-10033,2026-09-02 11:26:12,1660,93.11,14.15,1.218
VH-10033,2026-09-02 04:49:55,2567,94.48,14.18,1.782
VH-10033,2026-09-02 18:32:11,2992,88.68,13.94,1.527
VH-10033,2026-09-02 07:25:18,2909,93.47,13.99,1.332
VH-10015,2026-09-02 05:11:19,2434,88.81,14.37,0.747
VH-10015,2026-09-02 12:02:28,2456,89.73,14.07,0.605
VH-10015,2026-09-02 18:21:13,2891,89.94,14.3,1.245
VH-10015,2026-09-02 06:07:55,3128,87.68,14.23,1.015
VH-10015,2026-09-02 10:57:35,2844,87.75,14.36,0.69
VH-10015,2026-09-02 10:40:22,2120,95.46,13.97,1.685
VH-10021,2026-09-02 20:15:05,3162,94.43,14.49,1.328
VH-10021,2026-09-02 05:41:26,2735,87.22,14.11,1.231
VH-10021,2026-09-02 09:00:13,2921,91.83,14.27,0.906
VH-10021,2026-09-02 06:06:34,2789,92.8,14.19,1.312
VH-10021,2026-09-02 13:12:02,3148,92.76,14.23,1.941
VH-10021,2026-09-02 14:27:46,3155,94.74,14.27,1.691
VH-10024,2026-09-02 13:43:45,6245,42.34,14.1,0.784
VH-10024,2026-09-02 14:10:50,3092,55.5,14.28,0.731
VH-10024,2026-09-02 09:23:38,6086,52.79,13.7,1.262
VH-10024,2026-09-02 08:03:59,1750,48.3,13.9,0.852
VH-10024,2026-09-02 11:54:53,4463,48.8,14.21,1.081
VH-10024,2026-09-02 14:26:11,4838,53.68,13.75,0.827
VH-10043,2026-09-02 08:59:48,2715,94.66,14.08,0.982
VH-10043,2026-09-02 18:14:15,2043,88.97,14.19,1.041
VH-10043,2026-09-02 11:25:44,2289,95.02,14.23,1.048
VH-10043,2026-09-02 12:12:01,2642,91.59,14.29,1.816
VH-10043,2026-09-02 04:34:53,2489,94.8,14.28,1.418
VH-10043,2026-09-02 17:06:23,2968,90.93,14.07,1.879
VH-10004,2026-09-02 17:07:14,2853,91.55,11.13,1.393
VH-10004,2026-09-02 06:03:37,3184,89.96,14.21,0.921
VH-10004,2026-09-02 08:37:57,2905,90.29,13.79,1.126
VH-10004,2026-09-02 19:30:19,3162,94.61,14.27,1.202
VH-10004,2026-09-02 20:20:51,2387,97.15,14.31,1.511
VH-10004,2026-09-02 05:00:10,2692,90.19,14.31,0.785
VH-10045,2026-09-02 14:56:56,3159,42.3,14.1,0.625
VH-10045,2026-09-02 10:17:17,2838,34.34,13.72,1.66
VH-10045,2026-09-02 09:03:42,4325,44.14,13.78,1.146
VH-10045,2026-09-02 06:20:21,4146,34.61,14.26,1.039
VH-10045,2026-09-02 13:37:26,3549,53.39,14.01,1.458
VH-10045,2026-09-02 20:16:43,3029,38.08,14.27,1.497
VH-10020,2026-09-02 09:40:51,2663,95.14,14.2,1.522
VH-10020,2026-09-02 18:48:59,2074,96.47,14.08,1.805
VH-10020,2026-09-02 15:00:12,2772,95.25,14.45,0.885
VH-10020,2026-09-02 17:59:54,1843,93.41,14.19,1.145
VH-10020,2026-09-02 09:30:01,3085,113.18,13.86,1.911
VH-10020,2026-09-02 17:18:06,3203,118.98,13.79,2.66
VH-10011,2026-09-02 09:20:15,3405,97.49,14.36,6.551
VH-10011,2026-09-02 19:22:49,2634,95.4,14.12,6.105
VH-10011,2026-09-02 04:44:19,2312,99.57,14.28,7.896
VH-10011,2026-09-02 18:20:49,3812,96.05,14.1,7.906
VH-10011,2026-09-02 07:15:16,2180,92.64,14.3,1.076
VH-10011,2026-09-02 18:39:33,2081,94.35,14.17,1.258
VH-10037,2026-09-02 05:33:50,2379,94.94,14.57,0.817
VH-10037,2026-09-02 19:58:45,2877,94.06,14.21,1.112
VH-10037,2026-09-02 11:05:58,2917,93.01,14.31,0.897
VH-10037,2026-09-02 15:37:55,1661,93.17,14.44,1.497
VH-10037,2026-09-02 19:10:13,1855,90.46,14.5,0.828
VH-10037,2026-09-02 10:33:44,2815,91.79,13.84,1.532
VH-10025,2026-09-02 09:17:45,2151,96.11,14.36,1.195
VH-10025,2026-09-02 07:55:36,1763,94.64,14.47,1.171
VH-10025,2026-09-02 10:32:32,2778,90.31,14.37,1.048
VH-10025,2026-09-02 15:40:25,2633,87.44,14.32,1.166
VH-10025,2026-09-02 17:28:46,2849,91.95,14.06,1.345
VH-10025,2026-09-02 08:30:54,2781,89.19,14.25,1.605
VH-10003,2026-09-02 15:11:26,1677,87.5,14.01,0.988
VH-10003,2026-09-02 14:46:17,1955,91.09,14.49,1.662
VH-10003,2026-09-02 12:25:38,2249,89.83,14.49,1.114
VH-10003,2026-09-02 07:53:00,1672,94.56,14.11,1.269
VH-10003,2026-09-02 20:09:14,1869,93.38,13.86,1.176
VH-10003,2026-09-02 15:59:21,2277,92.42,14.53,1.785
VH-10036,2026-09-02 18:24:59,2505,91.21,14.37,1.144
VH-10036,2026-09-02 13:08:51,2804,92.63,14.17,1.597
VH-10036,2026-09-02 08:53:50,1769,93.48,14.21,1.307
VH-10036,2026-09-02 05:44:02,2909,91.69,14.13,1.194
VH-10036,2026-09-02 08:25:31,1741,89.99,14.08,1.241
VH-10036,2026-09-02 10:17:17,2182,95.36,14.31,1.167
VH-10039,2026-09-02 20:28:55,2403,124.33,13.88,2.577
VH-10039,2026-09-02 04:42:34,2890,121.06,13.81,3.639
VH-10039,2026-09-02 10:19:45,1816,93.1,13.86,0.99
VH-10039,2026-09-02 05:14:30,1720,90.37,13.78,0.679
VH-10039,2026-09-02 18:56:12,3170,91.87,14.25,1.046
VH-10039,2026-09-02 20:03:31,2343,91.54,14.03,0.666
VH-10031,2026-09-02 09:13:16,3188,95.64,14.22,0.972
VH-10031,2026-09-02 06:10:06,2500,95.78,14.15,0.915
VH-10031,2026-09-02 11:33:47,1981,94.76,14.43,1.142
VH-10031,2026-09-02 11:21:37,1806,94.41,14.37,1.341
VH-10031,2026-09-02 08:50:08,2937,92.4,14.44,1.528
VH-10031,2026-09-02 13:51:37,3084,92.42,14.38,1.616
VH-10044,2026-09-02 05:10:32,2119,93.63,14.31,1.495
VH-10044,2026-09-02 18:34:22,2501,90.21,13.87,1.035
VH-10044,2026-09-02 20:20:18,3049,95.62,14.17,1.259
VH-10044,2026-09-02 08:36:02,1801,90.12,13.93,1.396
VH-10044,2026-09-02 06:30:13,2735,92.04,14.34,1.686
VH-10044,2026-09-02 18:56:54,3115,93.53,14.3,1.502
VH-10027,2026-09-02 06:26:04,3174,87.65,13.83,1.617
VH-10027,2026-09-02 14:41:40,1933,97.38,14.25,1.517
VH-10027,2026-09-02 10:24:10,2801,93.19,14.18,1.036
VH-10027,2026-09-02 10:37:50,1610,93.52,14.45,0.895
VH-10027,2026-09-02 07:43:36,1909,95.39,14.05,1.153
VH-10027,2026-09-02 18:03:59,1709,87.83,14.28,1.293
VH-10007,2026-09-02 09:36:18,1665,93.31,14.36,1.694
VH-10007,2026-09-02 11:33:50,2038,87.98,14.2,1.305
VH-10007,2026-09-02 19:16:07,2217,93.7,13.79,1.483
VH-10007,2026-09-02 17:14:44,2290,93.85,14.22,1.047
VH-10007,2026-09-02 05:28:03,3034,94.61,14.53,1.29
VH-10007,2026-09-02 05:26:10,2965,93.09,14.15,1.745
VH-10008,2026-09-02 12:03:18,1990,91.17,14.01,1.321
VH-10008,2026-09-02 11:28:12,1753,97.07,14.45,0.739
VH-10008,2026-09-02 16:13:21,2741,90.67,13.95,1.641
VH-10008,2026-09-02 18:02:06,2444,90.6,14.05,0.981
VH-10008,2026-09-02 13:29:21,3001,94.59,13.71,1.301
VH-10008,2026-09-02 05:13:34,2430,95.73,14.17,1.739
VH-10014,2026-09-02 06:57:39,3194,95.09,14.0,1.207
VH-10014,2026-09-02 07:43:04,2545,92.67,14.01,1.368
VH-10014,2026-09-02 05:47:12,3108,94.24,14.26,0.655
VH-10014,2026-09-02 10:01:44,1626,92.2,14.23,1.252
VH-10014,2026-09-02 07:55:56,1772,88.93,13.86,1.113
VH-10014,2026-09-02 06:38:03,2339,94.96,14.39,1.098
VH-10041,2026-09-02 10:35:12,1972,90.86,14.43,1.542
VH-10041,2026-09-02 19:35:24,1611,91.89,14.48,1.462
VH-10041,2026-09-02 19:33:27,2406,90.22,13.86,0.958
VH-10041,2026-09-02 19:35:13,2144,90.88,14.13,1.219
VH-10041,2026-09-02 07:37:39,2965,92.86,14.33,0.659
VH-10041,2026-09-02 07:26:56,3033,93.37,14.15,1.295
VH-10028,2026-09-02 06:55:01,2123,92.43,14.25,1.799
VH-10028,2026-09-02 17:24:49,2609,93.68,14.29,1.125
VH-10028,2026-09-02 17:12:46,1809,90.54,14.02,0.634
VH-10028,2026-09-02 20:10:28,1956,95.01,14.12,1.028
VH-10028,2026-09-02 14:11:47,2850,93.26,13.76,1.498
VH-10028,2026-09-02 08:35:24,2655,90.56,14.37,1.849
VH-10049,2026-09-02 05:15:02,3437,98.77,13.86,6.165
VH-10049,2026-09-02 19:31:20,2744,94.01,14.07,6.728
VH-10049,2026-09-02 14:33:53,2640,88.66,14.31,0.708
VH-10049,2026-09-02 08:44:59,2329,94.12,14.43,0.943
VH-10049,2026-09-02 05:08:22,1652,90.23,13.76,1.443
VH-10049,2026-09-02 10:58:47,2819,93.0,14.31,1.485
VH-10047,2026-09-02 13:24:21,3629,97.22,14.14,7.07
VH-10047,2026-09-02 20:16:51,1702,89.05,14.32,0.796
VH-10047,2026-09-02 17:41:33,2612,94.69,14.35,1.04
VH-10047,2026-09-02 11:55:57,1819,95.55,14.18,1.577
VH-10047,2026-09-02 14:14:13,2463,93.46,13.94,1.303
VH-10047,2026-09-02 17:35:28,2239,88.9,14.08,0.748
VH-10032,2026-09-02 16:11:59,2097,93.23,10.7,1.297
VH-10032,2026-09-02 11:51:45,2419,93.84,14.04,1.305
VH-10032,2026-09-02 19:43:59,2832,91.33,14.04,1.293
VH-10032,2026-09-02 08:12:08,3084,90.73,14.15,1.996
VH-10032,2026-09-02 11:19:37,2036,90.95,14.02,0.96
VH-10032,2026-09-02 15:09:43,2280,94.0,14.41,1.876
VH-10012,2026-09-02 19:43:27,1855,94.49,14.17,1.352
VH-10012,2026-09-02 18:00:05,3147,92.65,14.39,1.875
VH-10012,2026-09-02 06:08:45,3093,87.03,14.02,1.638
VH-10012,2026-09-02 18:08:05,2063,95.41,14.36,1.784
VH-10012,2026-09-02 12:18:48,2866,92.88,14.09,1.491
VH-10012,2026-09-02 14:55:48,2242,93.4,13.91,0.727
VH-10001,2026-09-02 19:57:26,3912,97.88,14.33,4.563
VH-10001,2026-09-02 05:49:04,3541,95.13,14.26,6.082
VH-10001,2026-09-02 08:40:43,3236,94.02,14.02,4.36
VH-10001,2026-09-02 14:25:19,2211,91.77,14.16,0.884
VH-10001,2026-09-02 13:25:08,2740,92.55,14.09,1.032
VH-10001,2026-09-02 13:54:38,2603,94.55,14.14,1.636
VH-10042,2026-09-02 14:48:23,6485,35.37,13.82,1.881
VH-10042,2026-09-02 09:28:51,4930,42.44,13.85,0.793
VH-10042,2026-09-02 05:34:55,4985,37.73,13.9,1.091
VH-10042,2026-09-02 18:30:41,5382,39.95,13.59,0.887
VH-10042,2026-09-02 13:19:17,5623,52.04,13.95,1.38
VH-10042,2026-09-02 04:40:41,4744,43.81,13.82,1.404
VH-10017,2026-09-02 16:03:10,1627,96.46,14.1,1.075
VH-10017,2026-09-02 17:38:20,1937,89.59,14.16,0.866
VH-10017,2026-09-02 16:18:48,3141,93.62,14.03,1.377
VH-10017,2026-09-02 09:53:19,2741,92.94,14.08,1.347
VH-10017,2026-09-02 12:37:13,2479,90.17,14.31,1.249
VH-10017,2026-09-02 06:41:19,1915,95.86,14.52,1.179
VH-10006,2026-09-02 20:17:50,1773,90.83,14.44,1.26
VH-10006,2026-09-02 10:05:21,2736,93.95,14.22,1.408
VH-10006,2026-09-02 06:26:05,2392,96.7,14.25,0.974
VH-10006,2026-09-02 11:54:57,1896,89.44,14.33,0.882
VH-10006,2026-09-02 08:06:15,2411,90.26,14.13,1.56
VH-10006,2026-09-02 12:50:27,2336,89.33,14.12,1.589
VH-10005,2026-09-02 07:04:49,2522,94.54,14.26,0.917
VH-10005,2026-09-02 14:49:52,1901,91.69,14.44,1.257
VH-10005,2026-09-02 18:11:44,1917,94.65,14.45,1.399
VH-10005,2026-09-02 09:27:41,2520,94.78,14.11,1.249
VH-10005,2026-09-02 17:19:27,1870,95.81,14.25,1.331
VH-10005,2026-09-02 07:43:18,2950,91.45,13.98,1.617
VH-10035,2026-09-02 10:08:06,1701,92.7,14.05,0.792
VH-10035,2026-09-02 09:48:22,1633,88.33,14.03,1.022
VH-10035,2026-09-02 20:19:35,2721,89.96,13.96,1.369
VH-10035,2026-09-02 12:31:46,2253,93.49,14.1,0.835
VH-10035,2026-09-02 18:24:59,2727,94.66,13.99,1.256
VH-10035,2026-09-02 07:36:11,3183,97.66,13.98,1.735
VH-10002,2026-09-02 12:55:58,2496,93.33,14.03,1.942
VH-10002,2026-09-02 17:01:28,1626,96.78,14.15,1.26
VH-10002,2026-09-02 11:52:11,2709,92.3,14.02,1.709
VH-10002,2026-09-02 06:07:50,3461,94.87,13.92,7.068
VH-10002,2026-09-02 16:44:35,3810,95.41,13.81,6.538
VH-10002,2026-09-02 08:04:44,3775,96.74,14.09,8.087
VH-10026,2026-09-02 17:45:34,1758,93.14,14.28,0.997
VH-10026,2026-09-02 09:02:07,2334,92.09,14.54,1.264
VH-10026,2026-09-02 13:39:46,3158,94.54,14.26,1.136
VH-10026,2026-09-02 15:06:31,1841,92.53,14.02,1.425
VH-10026,2026-09-02 10:24:15,2978,93.2,14.3,0.861
VH-10026,2026-09-02 09:01:28,1888,91.59,14.0,1.417
VH-10013,2026-09-02 13:20:57,3050,93.52,13.88,6.597
VH-10013,2026-09-02 05:54:38,3971,94.55,13.8,6.824
VH-10013,2026-09-02 05:19:47,2386,98.38,13.83,6.535
VH-10013,2026-09-02 06:03:21,2947,100.59,13.97,5.803
VH-10013,2026-09-02 15:30:57,3102,93.82,13.85,5.503
VH-10013,2026-09-02 13:19:39,3047,94.49,14.4,7.977
VH-10022,2026-09-02 15:34:41,2194,93.26,14.01,5.185
VH-10022,2026-09-02 15:34:50,2452,100.02,14.33,5.58
VH-10022,2026-09-02 17:39:58,1689,95.23,13.85,1.683
VH-10022,2026-09-02 10:36:13,2481,92.94,14.38,0.92
VH-10022,2026-09-02 07:30:43,2239,93.83,13.94,1.106
VH-10022,2026-09-02 19:00:48,2036,94.32,14.23,1.028
VH-10016,2026-09-02 18:27:57,2222,118.22,13.99,2.501
VH-10016,2026-09-02 06:48:08,3558,114.62,13.33,2.713
VH-10016,2026-09-02 16:48:54,2547,124.42,13.99,2.093
VH-10016,2026-09-02 11:56:06,2332,128.99,13.62,3.049
VH-10016,2026-09-02 11:11:46,2505,132.67,14.12,2.905
VH-10016,2026-09-02 09:55:02,2066,92.95,14.38,1.956
VH-10022,2026-09-03 08:56:02,2511,92.54,13.74,1.632
VH-10022,2026-09-03 16:32:25,2148,92.09,13.77,0.762
VH-10022,2026-09-03 19:31:31,2758,92.37,14.51,0.861
VH-10022,2026-09-03 05:39:31,2039,94.62,14.5,1.84
VH-10022,2026-09-03 13:02:51,2295,88.48,14.1,1.904
VH-10022,2026-09-03 09:03:49,2324,92.26,14.12,1.278
VH-10050,2026-09-03 06:37:11,2189,96.86,14.08,1.912
VH-10050,2026-09-03 07:34:28,1664,95.97,14.19,1.089
VH-10050,2026-09-03 14:14:50,2053,97.55,14.19,1.356
VH-10050,2026-09-03 12:32:34,2297,87.88,14.21,0.862
VH-10050,2026-09-03 05:15:12,2477,94.3,14.36,1.322
VH-10050,2026-09-03 12:37:00,2094,94.91,14.27,1.373
VH-10004,2026-09-03 11:11:05,2789,92.16,14.41,1.677
VH-10004,2026-09-03 09:55:31,2022,113.17,13.65,2.066
VH-10004,2026-09-03 12:45:48,2037,127.05,13.68,2.561
VH-10004,2026-09-03 07:38:11,3655,130.36,13.92,2.549
VH-10004,2026-09-03 18:06:27,2524,115.02,14.04,1.819
VH-10004,2026-09-03 04:53:08,3477,116.69,13.96,3.878
VH-10029,2026-09-03 18:55:05,1981,88.68,14.11,1.176
VH-10029,2026-09-03 12:00:53,1966,94.17,14.39,0.694
VH-10029,2026-09-03 19:04:07,2233,100.63,13.87,7.936
VH-10029,2026-09-03 04:45:23,3058,98.04,13.9,5.182
VH-10029,2026-09-03 08:07:47,3115,97.52,14.21,6.835
VH-10029,2026-09-03 11:08:34,3154,95.65,13.85,7.608
VH-10047,2026-09-03 19:44:56,2381,94.42,13.83,0.674
VH-10047,2026-09-03 10:38:46,2846,97.19,14.25,1.278
VH-10047,2026-09-03 14:29:14,2652,87.61,14.19,1.131
VH-10047,2026-09-03 14:08:19,2068,87.89,14.35,1.059
VH-10047,2026-09-03 11:20:19,2674,95.83,13.91,1.927
VH-10047,2026-09-03 05:17:19,3104,86.78,14.0,1.077
VH-10018,2026-09-03 12:28:19,2498,93.55,14.28,0.999
VH-10018,2026-09-03 06:32:00,2630,88.14,13.96,0.893
VH-10018,2026-09-03 05:56:56,2072,95.37,14.14,1.311
VH-10018,2026-09-03 11:43:00,1646,94.1,14.54,1.088
VH-10018,2026-09-03 07:04:30,2845,90.17,14.33,1.612
VH-10018,2026-09-03 04:50:26,3119,92.2,13.91,1.223
VH-10048,2026-09-03 10:41:37,2626,90.34,14.07,1.958
VH-10048,2026-09-03 17:03:59,1683,89.86,14.27,1.72
VH-10048,2026-09-03 15:37:30,3194,94.15,13.98,1.711
VH-10048,2026-09-03 14:13:00,2060,93.16,13.96,0.927
VH-10048,2026-09-03 09:58:19,1840,89.96,14.48,1.241
VH-10048,2026-09-03 15:15:46,2145,93.68,14.03,1.086
VH-10026,2026-09-03 20:12:54,3115,94.02,14.22,1.559
VH-10026,2026-09-03 16:50:25,2293,96.31,14.32,1.523
VH-10026,2026-09-03 10:30:34,2346,91.46,14.08,1.191
VH-10026,2026-09-03 11:38:16,2349,94.6,14.23,1.131
VH-10026,2026-09-03 19:23:57,3012,92.6,14.04,1.311
VH-10026,2026-09-03 13:21:00,2901,90.71,13.99,2.059
VH-10024,2026-09-03 12:59:35,6371,50.55,14.0,1.451
VH-10024,2026-09-03 09:55:29,5886,50.39,13.69,1.335
VH-10024,2026-09-03 07:26:32,4769,47.43,13.81,1.956
VH-10024,2026-09-03 09:42:05,1610,43.85,14.3,1.144
VH-10024,2026-09-03 12:45:35,3842,36.46,13.96,1.188
VH-10024,2026-09-03 10:01:03,4094,52.81,13.75,1.719
VH-10046,2026-09-03 18:48:17,2994,96.29,13.87,1.476
VH-10046,2026-09-03 16:32:21,1846,90.34,14.31,1.15
VH-10046,2026-09-03 10:58:03,2172,94.18,13.94,1.612
VH-10046,2026-09-03 19:37:18,2916,96.59,14.43,1.733
VH-10046,2026-09-03 15:30:58,2055,95.24,14.18,0.849
VH-10046,2026-09-03 11:03:11,1726,94.12,13.97,1.746
VH-10040,2026-09-03 06:36:10,4166,46.57,13.94,0.978
VH-10040,2026-09-03 10:20:19,3026,40.32,13.91,1.69
VH-10040,2026-09-03 08:24:09,4760,47.56,14.15,0.695
VH-10040,2026-09-03 10:58:50,2762,43.96,13.93,1.785
VH-10040,2026-09-03 20:24:26,4559,55.13,13.78,1.6
VH-10040,2026-09-03 09:43:51,5126,40.15,13.92,1.627
VH-10049,2026-09-03 20:18:55,3200,93.95,14.3,1.002
VH-10049,2026-09-03 06:04:36,1700,92.27,14.12,1.542
VH-10049,2026-09-03 10:28:05,1679,87.64,14.19,1.148
VH-10049,2026-09-03 12:31:46,2894,95.92,14.36,1.875
VH-10049,2026-09-03 13:09:06,2424,90.79,13.96,1.814
VH-10049,2026-09-03 11:18:20,1930,96.5,14.09,1.697
VH-10023,2026-09-03 16:09:53,2759,89.94,14.24,1.957
VH-10023,2026-09-03 15:59:14,2865,94.62,14.02,1.325
VH-10023,2026-09-03 20:30:02,2926,90.19,13.82,1.35
VH-10023,2026-09-03 05:05:53,2744,95.23,14.17,1.549
VH-10023,2026-09-03 12:23:35,2953,87.76,14.42,1.467
VH-10023,2026-09-03 15:58:15,2166,94.82,13.97,1.319
VH-10006,2026-09-03 06:57:16,3075,91.0,13.85,1.479
VH-10006,2026-09-03 07:10:57,2033,94.04,13.99,1.448
VH-10006,2026-09-03 08:35:27,1924,93.57,13.78,1.784
VH-10006,2026-09-03 08:53:15,2770,90.62,14.27,1.78
VH-10006,2026-09-03 18:59:13,2671,93.42,13.81,1.368
VH-10006,2026-09-03 09:42:39,2982,94.64,14.14,1.184
VH-10042,2026-09-03 17:56:26,3203,54.76,14.0,1.548
VH-10042,2026-09-03 07:15:00,4029,40.02,14.26,1.33
VH-10042,2026-09-03 07:43:13,6301,36.59,14.12,1.849
VH-10042,2026-09-03 19:26:09,1556,49.68,13.62,1.118
VH-10042,2026-09-03 18:05:36,5168,45.67,14.3,1.666
VH-10042,2026-09-03 16:01:55,3604,51.89,13.73,1.183
VH-10043,2026-09-03 06:11:58,2157,92.57,14.1,1.877
VH-10043,2026-09-03 15:42:47,2056,90.7,13.73,1.092
VH-10043,2026-09-03 07:44:44,2446,92.17,14.05,0.903
VH-10043,2026-09-03 15:13:36,2176,90.97,14.04,1.279
VH-10043,2026-09-03 14:21:25,2127,93.21,14.35,1.138
VH-10043,2026-09-03 12:22:49,3045,95.06,14.03,1.271
VH-10011,2026-09-03 17:50:12,2984,93.98,14.3,0.939
VH-10011,2026-09-03 09:12:57,2047,97.1,14.26,1.516
VH-10011,2026-09-03 12:40:26,1616,94.7,14.21,1.42
VH-10011,2026-09-03 06:04:31,2662,90.73,13.97,1.681
VH-10011,2026-09-03 09:29:00,2100,89.55,14.0,1.155
VH-10011,2026-09-03 12:10:14,1889,96.4,14.29,1.049
VH-10014,2026-09-03 15:28:36,2682,93.34,14.14,1.1
VH-10014,2026-09-03 05:09:38,1761,94.8,14.17,1.688
VH-10014,2026-09-03 13:18:31,2053,88.48,14.1,1.245
VH-10014,2026-09-03 09:47:04,2973,93.51,13.81,0.906
VH-10014,2026-09-03 11:15:17,3464,127.05,13.59,3.019
VH-10014,2026-09-03 04:36:46,3328,126.0,13.72,2.998
VH-10012,2026-09-03 09:31:02,2924,92.03,14.07,1.975
VH-10012,2026-09-03 13:48:04,1917,91.64,14.23,1.826
VH-10012,2026-09-03 13:01:36,2518,95.17,14.2,1.396
VH-10012,2026-09-03 09:14:01,1879,87.01,13.96,1.136
VH-10012,2026-09-03 04:48:23,2559,93.18,14.38,0.818
VH-10012,2026-09-03 05:03:05,3189,91.43,14.34,1.354
VH-10036,2026-09-03 13:15:34,1760,96.07,14.03,1.162
VH-10036,2026-09-03 09:49:12,3067,95.73,14.31,1.025
VH-10036,2026-09-03 04:39:40,1934,93.1,13.91,0.997
VH-10036,2026-09-03 18:33:04,2719,93.41,14.36,0.957
VH-10036,2026-09-03 15:26:27,2874,96.03,14.08,1.628
VH-10036,2026-09-03 12:09:06,1915,94.58,14.26,0.753
VH-10027,2026-09-03 15:12:13,2797,94.62,14.12,1.391
VH-10027,2026-09-03 08:49:42,1984,90.76,14.2,0.627
VH-10027,2026-09-03 05:41:44,2651,88.77,14.36,1.952
VH-10027,2026-09-03 06:17:09,1751,91.16,13.74,1.721
VH-10027,2026-09-03 12:12:20,2803,94.9,14.17,1.707
VH-10027,2026-09-03 08:05:17,1891,94.62,14.43,1.414
VH-10001,2026-09-03 04:58:05,1895,89.8,13.88,1.687
VH-10001,2026-09-03 17:28:23,3115,93.1,14.2,1.549
VH-10001,2026-09-03 04:53:43,2622,91.52,14.05,0.947
VH-10001,2026-09-03 16:13:54,2639,93.07,13.98,1.567
VH-10001,2026-09-03 13:13:55,2413,92.99,14.32,0.883
VH-10001,2026-09-03 12:45:39,2571,91.04,13.81,1.544
VH-10020,2026-09-03 16:56:45,2342,115.77,13.59,1.742
VH-10020,2026-09-03 13:41:15,2537,119.32,13.94,2.788
VH-10020,2026-09-03 16:48:38,2618,119.06,13.74,2.599
VH-10020,2026-09-03 09:36:38,2914,109.1,13.78,2.322
VH-10020,2026-09-03 11:20:17,2529,118.14,13.72,1.859
VH-10020,2026-09-03 09:39:03,3515,123.59,14.08,2.653
VH-10002,2026-09-03 08:19:34,3513,93.23,14.06,5.851
VH-10002,2026-09-03 04:40:59,3509,91.11,14.0,8.767
VH-10002,2026-09-03 09:28:04,3888,93.72,14.28,6.164
VH-10002,2026-09-03 19:50:04,2930,96.72,14.27,9.039
VH-10002,2026-09-03 17:21:30,3187,93.22,14.26,1.353
VH-10002,2026-09-03 09:20:10,1896,90.35,13.83,0.6
VH-10045,2026-09-03 13:08:24,2423,42.21,14.02,1.412
VH-10045,2026-09-03 07:39:41,5157,38.65,14.14,1.435
VH-10045,2026-09-03 08:15:21,3131,38.78,13.96,0.573
VH-10045,2026-09-03 10:19:11,4349,52.9,14.07,1.53
VH-10045,2026-09-03 04:54:51,2970,40.83,14.03,1.667
VH-10045,2026-09-03 10:33:37,2900,46.91,13.96,1.521
VH-10034,2026-09-03 10:26:40,2099,96.48,14.07,1.362
VH-10034,2026-09-03 17:18:01,2017,88.51,14.09,1.547
VH-10034,2026-09-03 16:45:36,2107,89.98,13.91,1.432
VH-10034,2026-09-03 09:47:08,2846,90.28,14.17,1.883
VH-10034,2026-09-03 19:21:49,1729,93.3,14.11,1.735
VH-10034,2026-09-03 20:05:35,1688,91.92,14.08,1.357
VH-10025,2026-09-03 08:28:52,2106,94.22,14.2,1.244
VH-10025,2026-09-03 07:56:48,2692,93.96,14.08,1.167
VH-10025,2026-09-03 09:18:36,3025,94.72,14.2,1.21
VH-10025,2026-09-03 07:42:31,2230,92.0,14.15,1.781
VH-10025,2026-09-03 18:14:51,1879,93.77,10.06,1.19
VH-10025,2026-09-03 18:01:48,2223,88.93,10.81,1.381
VH-10044,2026-09-03 18:53:54,2122,91.97,14.19,1.912
VH-10044,2026-09-03 11:25:49,2219,89.0,14.26,0.99
VH-10044,2026-09-03 17:20:48,2692,89.22,14.01,1.512
VH-10044,2026-09-03 10:16:51,2407,96.43,14.19,0.77
VH-10044,2026-09-03 09:03:13,2193,92.83,14.32,0.937
VH-10044,2026-09-03 16:07:17,1601,94.01,14.27,1.276
VH-10030,2026-09-03 14:17:03,2085,94.44,14.44,1.065
VH-10030,2026-09-03 18:29:26,1626,89.98,11.17,1.448
VH-10030,2026-09-03 16:40:48,3194,95.61,10.44,0.719
VH-10030,2026-09-03 13:40:46,2134,94.84,11.32,1.182
VH-10030,2026-09-03 14:01:39,2766,90.98,10.98,1.705
VH-10030,2026-09-03 19:44:37,2916,93.45,10.47,1.394
VH-10016,2026-09-03 07:37:25,2205,91.01,14.29,0.887
VH-10016,2026-09-03 15:01:46,2420,93.18,13.97,1.22
VH-10016,2026-09-03 07:55:09,2823,91.48,14.04,1.316
VH-10016,2026-09-03 09:41:49,3257,117.84,13.58,2.917
VH-10016,2026-09-03 14:18:01,2584,114.05,13.52,2.418
VH-10016,2026-09-03 20:27:16,2385,113.29,14.01,2.777
VH-10010,2026-09-03 16:42:53,1787,95.6,14.02,1.609
VH-10010,2026-09-03 19:05:21,2154,92.0,14.12,1.109
VH-10010,2026-09-03 14:44:22,2225,90.87,14.24,0.712
VH-10010,2026-09-03 15:05:34,2518,90.01,13.92,0.712
VH-10010,2026-09-03 06:50:39,2151,91.52,14.2,1.422
VH-10010,2026-09-03 13:42:04,2544,90.88,14.19,1.403
VH-10041,2026-09-03 10:36:32,2645,91.54,13.86,1.031
VH-10041,2026-09-03 10:50:03,2830,96.0,14.12,0.629
VH-10041,2026-09-03 06:57:01,2712,91.82,13.8,1.441
VH-10041,2026-09-03 09:41:39,2436,91.67,14.24,1.922
VH-10041,2026-09-03 05:40:43,1819,90.33,14.23,0.751
VH-10041,2026-09-03 20:02:58,1932,94.69,14.01,1.932
VH-10038,2026-09-03 09:11:49,2370,92.73,14.14,1.856
VH-10038,2026-09-03 05:18:13,2690,91.32,14.18,1.167
VH-10038,2026-09-03 14:44:17,2706,92.26,14.29,1.014
VH-10038,2026-09-03 14:13:59,2972,92.02,14.25,1.093
VH-10038,2026-09-03 19:55:51,2313,92.92,13.95,1.16
VH-10038,2026-09-03 07:02:58,3097,93.02,14.12,1.298
VH-10008,2026-09-03 11:14:49,2525,96.32,14.14,1.977
VH-10008,2026-09-03 13:33:32,2144,95.92,13.98,1.242
VH-10008,2026-09-03 07:39:22,2907,88.26,14.18,1.264
VH-10008,2026-09-03 12:13:42,1763,91.81,14.26,1.532
VH-10008,2026-09-03 10:27:17,2781,88.36,14.02,1.22
VH-10008,2026-09-03 15:39:51,2241,94.98,14.31,0.529
VH-10035,2026-09-03 14:46:19,1640,95.22,13.8,1.258
VH-10035,2026-09-03 09:28:47,2229,88.43,14.35,1.172
VH-10035,2026-09-03 15:26:45,2628,95.32,13.82,1.218
VH-10035,2026-09-03 10:59:15,3027,95.51,14.06,0.946
VH-10035,2026-09-03 11:18:33,2827,92.5,13.87,0.892
VH-10035,2026-09-03 15:08:31,3138,96.58,14.09,1.027
VH-10039,2026-09-03 15:29:35,2090,93.94,14.08,1.083
VH-10039,2026-09-03 11:59:54,2951,89.27,14.14,1.192
VH-10039,2026-09-03 18:23:52,1609,89.53,14.09,0.823
VH-10039,2026-09-03 17:38:13,2876,96.71,14.04,1.811
VH-10039,2026-09-03 14:01:04,2364,96.12,13.76,1.726
VH-10039,2026-09-03 04:50:20,2027,90.24,14.45,1.398
VH-10015,2026-09-03 18:41:44,2070,93.25,14.35,1.542
VH-10015,2026-09-03 19:59:27,2950,93.39,14.13,1.514
VH-10015,2026-09-03 13:13:43,2152,96.46,14.22,1.301
VH-10015,2026-09-03 15:08:58,1878,93.95,13.97,1.005
VH-10015,2026-09-03 08:24:17,2154,93.77,14.22,0.791
VH-10015,2026-09-03 07:06:42,2562,90.82,14.22,1.76
VH-10017,2026-09-03 20:02:11,1793,91.56,13.99,0.688
VH-10017,2026-09-03 17:35:22,2410,87.7,13.94,1.011
VH-10017,2026-09-03 10:30:06,1774,93.01,14.14,1.271
VH-10017,2026-09-03 06:35:14,2613,93.99,14.25,0.985
VH-10017,2026-09-03 12:27:46,1721,94.81,14.41,0.913
VH-10017,2026-09-03 13:08:40,3388,94.94,14.03,5.3
VH-10009,2026-09-03 09:57:16,3945,52.28,13.82,0.852
VH-10009,2026-09-03 10:00:17,1922,34.56,13.8,1.104
VH-10009,2026-09-03 04:43:45,2891,34.73,14.16,1.753
VH-10009,2026-09-03 17:32:02,2610,36.8,13.73,1.12
VH-10009,2026-09-03 20:12:31,2284,45.37,13.59,1.95
VH-10009,2026-09-03 11:13:40,1783,47.3,13.85,0.886
VH-10007,2026-09-03 20:30:15,2615,88.53,14.03,1.74
VH-10007,2026-09-03 13:21:37,2615,90.76,13.94,1.392
VH-10007,2026-09-03 12:53:26,1896,95.85,14.43,0.914
VH-10007,2026-09-03 08:39:52,1895,91.88,13.87,1.513
VH-10007,2026-09-03 05:11:28,2513,95.04,14.05,0.79
VH-10007,2026-09-03 15:54:17,1867,93.13,13.96,1.024
VH-10033,2026-09-03 08:51:33,2335,91.63,13.94,1.254
VH-10033,2026-09-03 15:33:45,1786,91.34,14.17,1.835
VH-10033,2026-09-03 17:50:41,2652,95.39,14.05,1.26
VH-10033,2026-09-03 12:53:40,2646,95.91,14.26,1.278
VH-10033,2026-09-03 06:05:29,2761,88.96,14.18,0.93
VH-10033,2026-09-03 10:59:49,2880,88.33,13.98,1.114
VH-10019,2026-09-03 13:02:13,1840,89.25,14.34,1.308
VH-10019,2026-09-03 04:44:15,2008,92.97,14.0,1.984
VH-10019,2026-09-03 05:30:24,1604,87.86,13.8,1.428
VH-10019,2026-09-03 17:03:26,2853,89.26,14.31,1.19
VH-10019,2026-09-03 08:00:02,3293,95.48,14.24,5.174
VH-10019,2026-09-03 19:22:04,3236,97.23,14.37,6.388
VH-10047,2026-09-04 11:14:27,2961,87.43,14.04,0.871
VH-10047,2026-09-04 14:58:47,2112,90.18,14.37,1.159
VH-10047,2026-09-04 07:37:46,2918,94.15,14.21,1.53
VH-10047,2026-09-04 09:15:25,2821,97.24,13.99,0.518
VH-10047,2026-09-04 16:07:07,2136,94.77,14.35,1.5
VH-10047,2026-09-04 17:53:21,2055,89.56,14.16,1.006
VH-10022,2026-09-04 09:09:55,2724,88.05,14.14,0.74
VH-10022,2026-09-04 04:52:53,2414,88.02,13.74,1.224
VH-10022,2026-09-04 04:37:16,2096,93.21,14.2,0.62
VH-10022,2026-09-04 09:10:58,2884,92.21,13.99,0.904
VH-10022,2026-09-04 15:34:42,2491,95.63,14.11,1.773
VH-10022,2026-09-04 13:58:57,2225,93.21,14.3,1.893
VH-10020,2026-09-04 17:26:12,2399,121.96,13.48,2.884
VH-10020,2026-09-04 14:06:05,2313,111.57,13.6,2.786
VH-10020,2026-09-04 15:22:17,3134,92.58,14.33,1.237
VH-10020,2026-09-04 17:28:37,2393,97.31,14.52,1.5
VH-10020,2026-09-04 07:33:50,2437,94.26,14.15,1.679
VH-10020,2026-09-04 07:16:21,2908,91.43,13.95,1.106
VH-10035,2026-09-04 19:53:20,2241,94.49,14.31,1.208
VH-10035,2026-09-04 17:09:20,1908,88.08,14.4,1.154
VH-10035,2026-09-04 15:50:47,1635,95.25,14.34,1.187
VH-10035,2026-09-04 08:16:56,3185,89.69,14.03,1.419
VH-10035,2026-09-04 11:53:25,2801,95.63,14.22,1.715
VH-10035,2026-09-04 13:12:02,1647,94.51,14.2,1.861
VH-10006,2026-09-04 05:45:16,2359,91.8,14.15,1.238
VH-10006,2026-09-04 08:19:36,2851,95.76,14.17,0.555
VH-10006,2026-09-04 16:37:14,1727,96.42,14.0,1.456
VH-10006,2026-09-04 05:39:16,1666,95.67,13.86,1.564
VH-10006,2026-09-04 20:21:17,2555,95.22,14.3,0.929
VH-10006,2026-09-04 09:22:33,2863,95.23,14.47,1.436
VH-10036,2026-09-04 19:26:44,2346,97.22,14.18,0.754
VH-10036,2026-09-04 10:19:18,2952,113.47,13.79,2.913
VH-10036,2026-09-04 06:19:25,3020,118.84,13.8,2.831
VH-10036,2026-09-04 08:43:08,2343,131.2,13.94,3.232
VH-10036,2026-09-04 11:05:32,2267,110.23,14.05,2.517
VH-10036,2026-09-04 05:17:57,3283,129.86,14.06,2.924
VH-10028,2026-09-04 13:47:02,2036,96.4,14.4,0.698
VH-10028,2026-09-04 17:12:53,2729,90.97,14.09,1.159
VH-10028,2026-09-04 15:38:38,1842,89.74,14.43,1.945
VH-10028,2026-09-04 08:39:31,1836,94.57,14.24,1.87
VH-10028,2026-09-04 10:46:34,2928,91.67,13.92,1.734
VH-10028,2026-09-04 08:13:45,2783,87.83,14.03,0.973
VH-10031,2026-09-04 08:21:38,1752,93.53,14.0,0.787
VH-10031,2026-09-04 20:20:34,3062,93.4,14.01,1.154
VH-10031,2026-09-04 14:48:30,1791,89.19,13.98,0.841
VH-10031,2026-09-04 09:05:43,2798,94.45,14.38,0.795
VH-10031,2026-09-04 07:42:45,2519,94.58,14.01,0.89
VH-10031,2026-09-04 07:55:34,2370,96.17,14.22,1.452
VH-10017,2026-09-04 16:35:20,2891,100.26,14.06,6.703
VH-10017,2026-09-04 19:03:20,2587,93.68,14.06,6.085
VH-10017,2026-09-04 15:59:02,3031,99.05,14.09,7.953
VH-10017,2026-09-04 05:47:17,3448,95.65,14.39,5.969
VH-10017,2026-09-04 07:27:30,3195,98.31,14.22,7.189
VH-10017,2026-09-04 14:51:00,3729,96.73,14.12,7.499
VH-10025,2026-09-04 13:36:39,2453,93.89,11.03,1.19
VH-10025,2026-09-04 09:04:15,3046,92.49,10.52,1.499
VH-10025,2026-09-04 18:18:19,2333,94.44,11.3,1.282
VH-10025,2026-09-04 06:01:08,2975,96.23,11.59,1.269
VH-10025,2026-09-04 11:45:14,3021,88.71,11.22,0.959
VH-10025,2026-09-04 09:04:23,2783,92.33,10.61,1.695
VH-10016,2026-09-04 13:23:11,2820,117.64,13.8,2.687
VH-10016,2026-09-04 19:05:56,2508,121.31,13.6,3.529
VH-10016,2026-09-04 12:44:05,2543,114.16,14.03,2.408
VH-10016,2026-09-04 09:45:52,2290,120.22,13.4,2.269
VH-10016,2026-09-04 08:05:17,2466,90.91,14.28,0.818
VH-10016,2026-09-04 17:10:46,2367,89.93,13.82,1.396
VH-10003,2026-09-04 09:45:12,3129,91.73,14.31,1.615
VH-10003,2026-09-04 12:45:54,2614,96.17,13.87,1.543
VH-10003,2026-09-04 05:32:24,1764,89.84,13.92,1.481
VH-10003,2026-09-04 05:52:48,1978,90.78,14.15,1.206
VH-10003,2026-09-04 18:44:47,2508,91.86,14.13,1.127
VH-10003,2026-09-04 17:23:10,1724,90.61,14.07,1.356
VH-10004,2026-09-04 12:21:49,2536,117.9,13.68,2.815
VH-10004,2026-09-04 08:26:35,2474,120.92,13.6,3.735
VH-10004,2026-09-04 18:02:36,3277,120.6,13.56,2.737
VH-10004,2026-09-04 19:50:50,3612,113.02,13.65,3.14
VH-10004,2026-09-04 18:21:42,2344,92.68,14.21,0.881
VH-10004,2026-09-04 08:11:04,2818,88.17,14.06,0.735
VH-10002,2026-09-04 12:13:13,2710,94.23,13.83,0.844
VH-10002,2026-09-04 10:45:11,2101,92.53,13.97,1.563
VH-10002,2026-09-04 05:41:50,2063,96.8,13.88,1.803
VH-10002,2026-09-04 14:19:01,1996,93.57,13.92,1.922
VH-10002,2026-09-04 17:42:11,1654,91.53,14.18,1.508
VH-10002,2026-09-04 13:22:28,2787,88.34,14.44,1.632
VH-10033,2026-09-04 08:37:18,2616,91.77,13.83,1.039
VH-10033,2026-09-04 04:58:22,2149,92.82,14.34,1.541
VH-10033,2026-09-04 08:45:36,3039,89.74,14.27,1.183
VH-10033,2026-09-04 13:04:31,2641,94.68,13.98,0.934
VH-10033,2026-09-04 17:41:39,2068,89.31,14.2,0.808
VH-10033,2026-09-04 08:51:14,3044,88.51,13.92,0.8
VH-10018,2026-09-04 11:21:00,2791,91.79,14.14,1.475
VH-10018,2026-09-04 19:14:19,2839,97.3,13.97,1.362
VH-10018,2026-09-04 12:20:03,2983,91.14,14.48,1.855
VH-10018,2026-09-04 14:23:45,1684,90.65,14.14,1.53
VH-10018,2026-09-04 10:11:48,2480,89.53,14.02,1.537
VH-10018,2026-09-04 14:01:28,2664,91.74,14.16,1.778
VH-10015,2026-09-04 10:23:31,3055,92.91,13.93,1.566
VH-10015,2026-09-04 09:16:48,2342,92.0,14.05,1.398
VH-10015,2026-09-04 16:44:46,1975,94.1,13.92,0.949
VH-10015,2026-09-04 16:44:59,2214,92.74,14.3,1.031
VH-10015,2026-09-04 07:28:21,2103,94.49,13.76,1.133
VH-10015,2026-09-04 17:59:21,2508,90.03,14.21,0.914
VH-10040,2026-09-04 06:11:34,3016,34.9,14.07,1.249
VH-10040,2026-09-04 07:10:25,3144,47.2,13.63,1.151
VH-10040,2026-09-04 11:59:05,2078,74.31,13.37,2.19
VH-10040,2026-09-04 18:28:04,2511,69.54,13.45,2.958
VH-10040,2026-09-04 04:34:47,4584,61.19,13.24,2.999
VH-10040,2026-09-04 07:48:06,3455,85.0,13.36,2.338
VH-10044,2026-09-04 17:53:19,3065,88.3,14.18,1.588
VH-10044,2026-09-04 10:03:41,2395,93.9,14.0,1.392
VH-10044,2026-09-04 11:24:27,1968,92.99,13.75,0.969
VH-10044,2026-09-04 14:40:43,1640,96.64,14.26,1.194
VH-10044,2026-09-04 09:37:07,2747,88.53,14.03,1.458
VH-10044,2026-09-04 16:02:00,2002,92.5,14.23,0.864
VH-10038,2026-09-04 14:23:45,2061,91.52,14.24,1.194
VH-10038,2026-09-04 11:07:38,2145,89.09,13.78,1.99
VH-10038,2026-09-04 15:04:58,1957,89.96,14.32,1.176
VH-10038,2026-09-04 06:12:00,2692,88.83,14.3,0.76
VH-10038,2026-09-04 07:52:25,2670,91.14,13.85,0.933
VH-10038,2026-09-04 16:30:37,2448,95.94,13.9,1.927
VH-10029,2026-09-04 06:57:53,3192,99.13,13.85,4.744
VH-10029,2026-09-04 05:43:39,3502,97.44,13.9,6.36
VH-10029,2026-09-04 06:18:40,2930,96.65,14.15,0.899
VH-10029,2026-09-04 17:36:32,2066,94.22,14.04,1.52
VH-10029,2026-09-04 20:15:39,1645,96.21,14.15,1.438
VH-10029,2026-09-04 10:00:37,2573,95.94,14.32,1.58
VH-10043,2026-09-04 17:55:24,2274,93.56,14.25,0.759
VH-10043,2026-09-04 14:18:03,2654,93.73,14.34,1.425
VH-10043,2026-09-04 15:25:51,1644,93.74,14.12,1.356
VH-10043,2026-09-04 13:16:05,3166,94.49,13.88,1.654
VH-10043,2026-09-04 10:46:04,1742,92.08,14.06,1.761
VH-10043,2026-09-04 10:24:04,2860,90.4,14.44,1.679
VH-10024,2026-09-04 18:18:31,3171,51.53,13.92,0.866
VH-10024,2026-09-04 14:13:27,6311,41.41,13.72,1.622
VH-10024,2026-09-04 07:18:00,4177,39.62,14.18,1.549
VH-10024,2026-09-04 18:02:12,6405,38.63,13.87,1.531
VH-10024,2026-09-04 09:51:25,5699,51.19,13.88,1.756
VH-10024,2026-09-04 07:03:57,4893,45.15,14.3,0.642
VH-10027,2026-09-04 12:17:18,2921,93.95,14.25,1.66
VH-10027,2026-09-04 13:31:00,3080,92.09,14.24,1.689
VH-10027,2026-09-04 05:41:41,2826,95.88,13.96,0.844
VH-10027,2026-09-04 06:07:51,1734,92.24,14.07,1.168
VH-10027,2026-09-04 14:27:30,2268,94.12,13.87,1.766
VH-10027,2026-09-04 15:10:22,2556,91.56,14.03,1.304
VH-10008,2026-09-04 17:28:18,2567,91.61,14.03,1.233
VH-10008,2026-09-04 08:03:14,1958,97.54,14.04,1.349
VH-10008,2026-09-04 17:14:52,2118,90.87,14.01,1.493
VH-10008,2026-09-04 14:25:53,1892,90.31,14.1,0.956
VH-10008,2026-09-04 08:48:40,1618,89.38,14.49,1.479
VH-10008,2026-09-04 12:13:35,2519,87.82,14.29,1.205
VH-10034,2026-09-04 13:36:33,3030,95.06,14.1,1.724
VH-10034,2026-09-04 13:17:12,2419,94.9,13.91,1.641
VH-10034,2026-09-04 19:05:26,2166,94.7,13.98,0.881
VH-10034,2026-09-04 17:00:02,3188,91.76,14.13,0.967
VH-10034,2026-09-04 20:33:05,1956,89.7,13.85,0.865
VH-10034,2026-09-04 18:10:50,2386,93.1,13.92,1.088
VH-10039,2026-09-04 15:58:50,2830,93.87,14.08,1.78
VH-10039,2026-09-04 10:54:59,2577,95.91,14.08,1.16
VH-10039,2026-09-04 17:34:30,2121,93.53,14.0,1.949
VH-10039,2026-09-04 07:54:23,3127,91.49,14.28,0.608
VH-10039,2026-09-04 06:52:30,2948,94.25,14.48,0.695
VH-10039,2026-09-04 14:21:52,1669,94.23,14.17,1.222
VH-10030,2026-09-04 19:54:20,2901,95.81,10.58,0.736
VH-10030,2026-09-04 15:27:53,2385,91.86,10.33,1.434
VH-10030,2026-09-04 04:55:50,3052,92.88,10.22,0.901
VH-10030,2026-09-04 20:01:38,2846,96.33,10.92,1.738
VH-10030,2026-09-04 09:32:47,3190,93.13,14.54,1.599
VH-10030,2026-09-04 09:30:11,2949,91.57,14.2,0.971
VH-10042,2026-09-04 18:10:32,2752,52.03,13.98,1.729
VH-10042,2026-09-04 13:50:01,5520,42.03,14.12,1.091
VH-10042,2026-09-04 15:28:36,1924,43.68,14.09,1.381
VH-10042,2026-09-04 12:00:16,2969,55.0,13.84,1.166
VH-10042,2026-09-04 07:11:23,3084,38.34,13.61,1.326
VH-10042,2026-09-04 13:28:39,6488,35.06,13.95,1.182
VH-10032,2026-09-04 09:23:25,1734,95.53,14.33,1.65
VH-10032,2026-09-04 07:24:41,3009,92.65,14.24,1.222
VH-10032,2026-09-04 15:39:28,1994,96.23,13.83,1.396
VH-10032,2026-09-04 16:08:58,3108,93.87,14.11,1.728
VH-10032,2026-09-04 15:49:49,2415,87.05,14.0,1.143
VH-10032,2026-09-04 05:19:30,2238,90.1,14.05,0.914
VH-10011,2026-09-04 08:45:16,1649,92.51,14.34,1.299
VH-10011,2026-09-04 12:06:34,2714,94.34,14.33,1.137
VH-10011,2026-09-04 04:43:36,2845,93.07,13.89,1.792
VH-10011,2026-09-04 11:20:26,2455,91.01,13.82,1.134
VH-10011,2026-09-04 06:23:00,2598,88.53,14.42,1.464
VH-10011,2026-09-04 06:17:56,3032,93.85,14.29,1.436
VH-10021,2026-09-04 11:39:16,1897,94.87,14.09,0.886
VH-10021,2026-09-04 14:45:02,1981,91.88,14.07,1.621
VH-10021,2026-09-04 09:43:12,2830,97.07,14.22,1.163
VH-10021,2026-09-04 20:20:55,1716,93.89,14.3,1.345
VH-10021,2026-09-04 19:22:15,3127,87.94,14.15,1.311
VH-10021,2026-09-04 20:25:35,1870,96.14,13.92,0.861
VH-10050,2026-09-04 11:34:19,1750,94.12,14.05,0.867
VH-10050,2026-09-04 11:32:35,1699,89.29,14.31,1.15
VH-10050,2026-09-04 04:57:13,2687,94.53,13.76,1.469
VH-10050,2026-09-04 07:35:06,1689,93.83,14.48,0.636
VH-10050,2026-09-04 08:35:49,1923,93.31,14.3,1.305
VH-10050,2026-09-04 12:28:18,1982,96.12,13.74,1.617
VH-10012,2026-09-04 18:57:09,2609,94.93,14.29,1.259
VH-10012,2026-09-04 05:54:29,2838,90.55,13.91,0.87
VH-10012,2026-09-04 08:19:46,2312,94.47,14.1,0.977
VH-10012,2026-09-04 16:45:06,3004,89.65,13.98,1.368
VH-10012,2026-09-04 12:25:37,2460,94.79,13.97,1.397
VH-10012,2026-09-04 09:22:37,2431,86.85,13.97,1.393
VH-10009,2026-09-04 15:46:54,2238,41.73,10.75,1.048
VH-10009,2026-09-04 05:57:19,2968,39.75,10.6,0.97
VH-10009,2026-09-04 12:37:56,4575,52.86,11.26,1.102
VH-10009,2026-09-04 19:11:14,4115,47.85,10.96,1.727
VH-10009,2026-09-04 17:01:58,3960,51.6,11.39,0.936
VH-10009,2026-09-04 11:47:07,4140,50.07,10.51,1.39
VH-10046,2026-09-04 04:57:54,3181,89.66,13.99,1.686
VH-10046,2026-09-04 12:50:05,3376,93.44,13.82,5.354
VH-10046,2026-09-04 09:18:56,3650,96.43,13.93,6.107
VH-10046,2026-09-04 05:46:06,3619,100.63,13.99,6.544
VH-10046,2026-09-04 09:50:21,3446,94.42,13.94,8.696
VH-10046,2026-09-04 08:36:19,2488,98.24,13.81,4.564
VH-10045,2026-09-04 10:48:59,5729,40.81,13.6,1.853
VH-10045,2026-09-04 09:30:49,4964,54.47,14.12,5.068
VH-10045,2026-09-04 16:38:09,6089,43.75,13.94,8.708
VH-10045,2026-09-04 07:35:11,5564,53.39,14.19,8.406
VH-10045,2026-09-04 09:32:19,6454,46.29,13.88,7.224
VH-10045,2026-09-04 05:59:36,4918,51.62,13.62,6.529
VH-10019,2026-09-04 11:59:02,2208,95.87,13.99,7.407
VH-10019,2026-09-04 07:21:03,2583,95.34,14.27,5.608
VH-10019,2026-09-04 18:05:01,4135,93.49,13.9,8.403
VH-10019,2026-09-04 18:27:21,1628,96.06,14.05,1.124
VH-10019,2026-09-04 17:31:01,2443,93.43,14.02,1.286
VH-10019,2026-09-04 08:08:10,2802,94.1,14.2,1.172
VH-10010,2026-09-04 06:50:49,2636,91.02,14.15,1.616
VH-10010,2026-09-04 10:44:03,2493,92.29,13.85,1.51
VH-10010,2026-09-04 08:40:21,2799,92.39,14.49,1.438
VH-10010,2026-09-04 14:10:10,2115,88.21,14.34,1.195
VH-10010,2026-09-04 09:43:09,2811,96.02,14.17,1.279
VH-10010,2026-09-04 09:55:36,3128,93.24,14.15,1.886
VH-10005,2026-09-04 08:47:39,2718,95.1,13.82,1.417
VH-10005,2026-09-04 05:58:55,3097,89.39,14.23,1.507
VH-10005,2026-09-04 12:59:12,2264,92.61,14.35,1.282
VH-10005,2026-09-04 11:35:05,2510,90.67,13.95,1.071
VH-10005,2026-09-04 17:39:35,1615,89.86,14.1,1.694
VH-10005,2026-09-04 12:55:42,2670,95.33,14.04,1.377
VH-10013,2026-09-04 09:50:41,3415,93.98,13.8,7.773
VH-10013,2026-09-04 18:25:44,2532,93.86,13.83,5.579
VH-10013,2026-09-04 08:46:08,3008,99.25,13.96,8.779
VH-10013,2026-09-04 04:44:02,2013,89.6,14.1,1.205
VH-10013,2026-09-04 15:26:41,3095,87.69,13.98,0.919
VH-10013,2026-09-04 12:44:09,2916,90.95,13.82,1.683
VH-10001,2026-09-04 11:35:49,2169,92.52,14.06,1.554
VH-10001,2026-09-04 20:12:42,2779,96.99,13.95,0.855
VH-10001,2026-09-04 15:58:50,1626,90.13,14.48,1.386
VH-10001,2026-09-04 19:53:43,1629,91.86,14.07,1.212
VH-10001,2026-09-04 15:12:04,2723,87.45,14.28,1.111
VH-10001,2026-09-04 06:25:25,2324,94.95,14.14,1.76
VH-10013,2026-09-05 12:40:47,2101,93.18,14.05,1.748
VH-10013,2026-09-05 17:19:50,1939,91.98,14.23,1.313
VH-10013,2026-09-05 11:18:11,1972,96.45,13.85,1.609
VH-10013,2026-09-05 07:03:45,2203,95.61,14.4,1.613
VH-10013,2026-09-05 05:33:37,2082,89.23,14.27,0.993
VH-10013,2026-09-05 04:44:07,2565,94.78,14.27,0.754
VH-10020,2026-09-05 13:30:02,2885,92.58,13.87,1.701
VH-10020,2026-09-05 15:19:27,2511,91.7,14.19,1.162
VH-10020,2026-09-05 06:27:39,2547,92.34,13.93,0.862
VH-10020,2026-09-05 16:06:49,2884,91.39,14.11,1.327
VH-10020,2026-09-05 11:07:12,1634,94.06,14.14,0.756
VH-10020,2026-09-05 05:15:05,1780,94.13,14.38,0.88
VH-10010,2026-09-05 17:28:52,1801,92.86,13.93,1.847
VH-10010,2026-09-05 17:19:59,2820,87.26,13.92,1.074
VH-10010,2026-09-05 08:58:46,2073,91.55,14.37,1.214
VH-10010,2026-09-05 19:32:13,2247,89.0,14.25,1.398
VH-10010,2026-09-05 11:46:32,2513,86.96,14.04,1.162
VH-10010,2026-09-05 10:40:31,2894,89.21,14.22,0.914
VH-10003,2026-09-05 07:07:41,2983,96.39,13.91,0.957
VH-10003,2026-09-05 10:40:15,2231,96.06,14.5,1.685
VH-10003,2026-09-05 15:28:14,2697,95.8,14.05,1.457
VH-10003,2026-09-05 07:21:13,2496,93.71,14.23,1.107
VH-10003,2026-09-05 14:26:00,2331,91.57,14.12,0.966
VH-10003,2026-09-05 12:27:00,2475,94.89,14.23,0.733
VH-10015,2026-09-05 11:22:42,2026,94.73,14.12,1.619
VH-10015,2026-09-05 09:16:39,2642,92.14,14.08,1.732
VH-10015,2026-09-05 15:09:34,2955,89.73,13.89,1.592
VH-10015,2026-09-05 15:38:46,3113,89.9,14.13,1.431
VH-10015,2026-09-05 13:53:01,2564,93.38,14.12,1.478
VH-10015,2026-09-05 14:15:16,2597,89.04,14.28,1.523
VH-10007,2026-09-05 04:45:08,2651,94.07,14.23,1.553
VH-10007,2026-09-05 07:49:01,2160,94.31,14.01,1.76
VH-10007,2026-09-05 20:25:39,3107,94.91,14.18,1.623
VH-10007,2026-09-05 11:47:00,1910,93.16,14.22,1.246
VH-10007,2026-09-05 17:20:03,2742,94.06,14.17,1.493
VH-10007,2026-09-05 18:01:15,2092,88.9,11.33,1.714
VH-10037,2026-09-05 08:42:54,2050,91.8,14.12,0.762
VH-10037,2026-09-05 18:09:25,2599,92.39,14.33,0.767
VH-10037,2026-09-05 13:52:03,2161,91.57,14.18,0.961
VH-10037,2026-09-05 17:32:34,2229,88.01,14.3,1.64
VH-10037,2026-09-05 08:58:24,2797,94.09,14.1,1.662
VH-10037,2026-09-05 10:14:22,2498,90.55,14.24,1.501
VH-10029,2026-09-05 14:34:22,2285,92.16,14.37,1.712
VH-10029,2026-09-05 14:33:54,2725,91.57,13.96,1.237
VH-10029,2026-09-05 11:48:15,2339,90.02,14.28,1.555
VH-10029,2026-09-05 10:43:33,2133,93.71,14.3,1.185
VH-10029,2026-09-05 09:29:55,2483,111.66,13.88,2.719
VH-10029,2026-09-05 16:06:14,2081,113.18,13.94,2.146
VH-10030,2026-09-05 06:38:27,2585,93.58,13.95,0.889
VH-10030,2026-09-05 18:40:13,2430,92.7,14.03,0.858
VH-10030,2026-09-05 04:44:06,2784,92.0,14.13,1.479
VH-10030,2026-09-05 10:34:36,1978,91.12,14.1,1.398
VH-10030,2026-09-05 15:32:55,1944,89.07,10.53,1.018
VH-10030,2026-09-05 19:36:17,2245,87.31,9.97,1.348
VH-10031,2026-09-05 17:02:08,3115,91.63,13.79,1.598
VH-10031,2026-09-05 08:45:53,2362,91.84,14.28,0.628
VH-10031,2026-09-05 06:41:59,2694,89.75,13.89,0.702
VH-10031,2026-09-05 16:42:01,2098,93.8,13.94,1.479
VH-10031,2026-09-05 13:45:43,3182,92.95,14.14,1.227
VH-10031,2026-09-05 17:46:28,1711,93.87,14.19,1.227
VH-10019,2026-09-05 11:51:53,2904,92.31,13.93,1.406
VH-10019,2026-09-05 15:18:22,2427,90.4,14.13,1.627
VH-10019,2026-09-05 09:58:01,2909,91.64,14.15,1.35
VH-10019,2026-09-05 15:48:26,2791,94.8,14.08,1.928
VH-10019,2026-09-05 17:01:57,2077,91.65,14.16,1.65
VH-10019,2026-09-05 15:21:26,2014,95.25,14.3,1.738
VH-10035,2026-09-05 15:04:16,2537,94.1,14.31,1.426
VH-10035,2026-09-05 14:51:24,2186,90.65,14.07,1.53
VH-10035,2026-09-05 07:59:57,2206,93.15,14.32,1.033
VH-10035,2026-09-05 07:00:17,2059,95.03,14.15,0.71
VH-10035,2026-09-05 18:39:12,2618,94.6,14.03,1.333
VH-10035,2026-09-05 04:40:28,2467,93.08,14.54,1.688
VH-10028,2026-09-05 13:10:24,1850,97.02,14.17,0.937
VH-10028,2026-09-05 09:54:52,1895,93.85,14.51,1.368
VH-10028,2026-09-05 16:48:09,2824,90.38,13.96,1.973
VH-10028,2026-09-05 04:47:36,2137,90.93,14.29,1.944
VH-10028,2026-09-05 17:19:29,1781,92.9,14.24,1.352
VH-10028,2026-09-05 14:48:49,1814,96.85,13.77,1.086
VH-10042,2026-09-05 12:10:49,6293,34.99,14.24,0.822
VH-10042,2026-09-05 18:27:41,3180,53.63,13.91,1.647
VH-10042,2026-09-05 12:39:57,2082,51.06,13.87,1.01
VH-10042,2026-09-05 07:59:11,6237,49.29,13.87,1.379
VH-10042,2026-09-05 10:32:09,5838,47.98,14.15,1.711
VH-10042,2026-09-05 06:21:15,6433,37.25,13.74,0.885
VH-10024,2026-09-05 14:53:46,2777,54.92,13.83,1.0
VH-10024,2026-09-05 08:06:04,6347,35.77,14.29,0.97
VH-10024,2026-09-05 07:24:42,2607,52.4,13.8,1.748
VH-10024,2026-09-05 14:31:40,1535,39.02,14.15,1.171
VH-10024,2026-09-05 19:28:51,2619,54.93,14.12,0.801
VH-10024,2026-09-05 16:05:35,5011,40.62,13.55,1.428
VH-10036,2026-09-05 14:13:18,3273,121.04,13.42,2.302
VH-10036,2026-09-05 14:30:14,2165,119.65,13.41,2.476
VH-10036,2026-09-05 09:58:15,2721,130.35,13.79,2.566
VH-10036,2026-09-05 14:31:15,2166,123.67,13.63,2.795
VH-10036,2026-09-05 13:07:44,2841,129.08,13.87,2.139
VH-10036,2026-09-05 15:40:48,3292,130.51,13.72,2.506
VH-10008,2026-09-05 14:30:20,1977,91.45,14.17,1.328
VH-10008,2026-09-05 16:57:12,1616,93.32,14.29,0.729
VH-10008,2026-09-05 11:35:03,2927,94.29,14.16,0.921
VH-10008,2026-09-05 08:30:11,2939,98.22,13.84,6.443
VH-10008,2026-09-05 08:34:41,2999,92.75,14.1,4.882
VH-10008,2026-09-05 09:09:20,2704,92.51,13.89,7.68
VH-10049,2026-09-05 10:56:49,2208,89.39,13.94,0.846
VH-10049,2026-09-05 07:48:34,1808,92.24,14.52,1.269
VH-10049,2026-09-05 10:55:00,1898,91.05,14.09,1.616
VH-10049,2026-09-05 13:41:51,2961,91.47,14.13,1.699
VH-10049,2026-09-05 09:33:45,2538,125.8,13.65,3.312
VH-10049,2026-09-05 09:24:59,3129,119.27,13.49,2.857
VH-10005,2026-09-05 09:09:13,2913,90.66,14.1,1.343
VH-10005,2026-09-05 05:17:25,2798,95.57,14.29,1.06
VH-10005,2026-09-05 18:51:10,2090,94.19,14.04,1.295
VH-10005,2026-09-05 16:32:42,2813,93.74,14.17,0.97
VH-10005,2026-09-05 05:27:37,2480,94.16,13.89,1.228
VH-10005,2026-09-05 17:34:35,1699,91.19,14.03,0.987
VH-10017,2026-09-05 05:39:36,3224,92.82,14.05,5.496
VH-10017,2026-09-05 05:42:33,2614,97.97,14.11,6.974
VH-10017,2026-09-05 16:52:28,2626,94.4,14.3,7.272
VH-10017,2026-09-05 09:49:58,2320,97.23,13.9,5.627
VH-10017,2026-09-05 19:19:19,2740,94.38,14.0,5.782
VH-10017,2026-09-05 14:54:40,2177,93.88,14.2,0.936
VH-10043,2026-09-05 04:44:28,2526,89.29,14.48,0.903
VH-10043,2026-09-05 13:56:22,1769,90.92,14.09,1.531
VH-10043,2026-09-05 09:12:38,3013,93.14,14.04,0.974
VH-10043,2026-09-05 08:35:30,2550,92.09,14.23,1.584
VH-10043,2026-09-05 16:58:49,1610,92.3,14.58,1.462
VH-10043,2026-09-05 12:11:21,2218,91.4,14.28,0.942
VH-10014,2026-09-05 05:40:47,2539,121.95,13.69,2.267
VH-10014,2026-09-05 06:15:12,2270,120.45,13.65,2.501
VH-10014,2026-09-05 13:18:42,2303,117.68,13.64,3.963
VH-10014,2026-09-05 08:48:11,2765,118.26,13.71,3.732
VH-10014,2026-09-05 19:04:09,3041,122.09,13.44,2.536
VH-10014,2026-09-05 08:13:29,3391,112.7,13.74,3.633
VH-10039,2026-09-05 18:00:56,1719,91.92,14.12,1.226
VH-10039,2026-09-05 10:09:16,2927,89.33,14.24,0.977
VH-10039,2026-09-05 08:49:15,2400,90.41,14.22,1.759
VH-10039,2026-09-05 17:47:32,1909,90.14,14.01,1.162
VH-10039,2026-09-05 14:15:43,2051,94.33,13.84,0.825
VH-10039,2026-09-05 05:21:26,2289,94.66,14.06,1.764
VH-10009,2026-09-05 06:47:20,3627,46.0,10.48,1.389
VH-10009,2026-09-05 10:42:41,5885,48.48,13.77,1.431
VH-10009,2026-09-05 07:30:32,5790,38.62,13.57,1.551
VH-10009,2026-09-05 15:44:55,3898,37.95,14.03,1.404
VH-10009,2026-09-05 09:05:22,4088,53.23,13.92,1.571
VH-10009,2026-09-05 16:55:10,5344,54.08,13.78,1.068
VH-10022,2026-09-05 14:19:34,1644,92.31,14.25,1.332
VH-10022,2026-09-05 17:54:35,2283,96.4,14.02,1.615
VH-10022,2026-09-05 18:19:42,2073,94.46,14.19,1.518
VH-10022,2026-09-05 13:29:19,2778,88.68,13.96,1.435
VH-10022,2026-09-05 10:53:08,2726,96.71,14.32,1.583
VH-10022,2026-09-05 16:05:57,1880,91.78,14.36,0.922
VH-10041,2026-09-05 08:39:29,2993,95.94,14.32,1.865
VH-10041,2026-09-05 09:18:14,3030,93.51,14.01,1.654
VH-10041,2026-09-05 04:59:23,2049,94.7,14.34,1.364
VH-10041,2026-09-05 06:43:07,1910,89.82,14.47,0.7
VH-10041,2026-09-05 12:42:35,3183,96.85,14.15,0.951
VH-10041,2026-09-05 16:36:01,3015,93.06,14.15,1.487
VH-10038,2026-09-05 15:14:54,2185,93.71,14.52,1.618
VH-10038,2026-09-05 13:10:56,1832,96.11,13.82,1.466
VH-10038,2026-09-05 10:57:14,1601,87.5,14.34,1.271
VH-10038,2026-09-05 06:09:07,2672,94.94,14.13,1.652
VH-10038,2026-09-05 05:52:14,1730,89.55,14.0,1.225
VH-10038,2026-09-05 07:51:43,2577,89.67,14.08,1.062
VH-10006,2026-09-05 17:08:10,2177,92.0,14.0,1.878
VH-10006,2026-09-05 05:44:07,2945,89.28,14.45,1.322
VH-10006,2026-09-05 08:01:16,2656,97.34,13.99,1.663
VH-10006,2026-09-05 20:27:04,2329,91.83,14.25,0.96
VH-10006,2026-09-05 06:20:31,2281,95.15,14.21,0.946
VH-10006,2026-09-05 16:01:31,1907,94.32,14.02,1.844
VH-10045,2026-09-05 09:52:21,5570,48.11,13.69,6.056
VH-10045,2026-09-05 05:38:54,4818,49.98,13.76,4.685
VH-10045,2026-09-05 10:34:20,6515,44.53,13.69,6.828
VH-10045,2026-09-05 11:50:31,2598,50.42,14.09,8.48
VH-10045,2026-09-05 15:53:38,2779,59.64,13.6,6.939
VH-10045,2026-09-05 19:43:07,2135,53.24,14.06,8.247
VH-10001,2026-09-05 20:04:40,3147,87.92,14.27,1.418
VH-10001,2026-09-05 16:46:11,1725,86.74,14.29,1.09
VH-10001,2026-09-05 08:46:29,2601,90.82,14.25,0.968
VH-10001,2026-09-05 19:04:17,3057,95.77,14.4,1.434
VH-10001,2026-09-05 17:57:00,3176,92.67,13.99,1.595
VH-10001,2026-09-05 10:53:00,1635,94.3,14.0,0.747
VH-10025,2026-09-05 17:17:56,2346,90.5,14.01,0.764
VH-10025,2026-09-05 07:22:27,2877,93.12,14.18,1.109
VH-10025,2026-09-05 07:55:42,2801,90.02,14.27,0.896
VH-10025,2026-09-05 09:00:11,1666,88.31,13.99,1.363
VH-10025,2026-09-05 15:12:40,2016,88.99,14.02,1.095
VH-10025,2026-09-05 09:40:29,2566,94.46,14.4,1.385
VH-10033,2026-09-05 17:28:29,2091,96.3,14.0,1.075
VH-10033,2026-09-05 18:01:34,2661,90.64,14.11,0.95
VH-10033,2026-09-05 20:16:19,1680,95.29,14.12,1.504
VH-10033,2026-09-05 05:39:30,2372,94.78,13.99,1.252
VH-10033,2026-09-05 09:06:07,2934,90.66,14.03,1.37
VH-10033,2026-09-05 18:28:52,2381,94.13,14.18,1.516
VH-10032,2026-09-05 06:11:14,2818,91.61,13.74,1.458
VH-10032,2026-09-05 05:45:44,2072,91.09,14.55,0.949
VH-10032,2026-09-05 06:13:58,2137,92.46,14.31,1.156
VH-10032,2026-09-05 05:07:01,1887,94.61,14.36,1.405
VH-10032,2026-09-05 14:23:40,2125,95.84,14.27,1.956
VH-10032,2026-09-05 06:36:33,2034,94.04,14.29,0.611
VH-10011,2026-09-05 19:13:43,1885,88.34,14.25,0.94
VH-10011,2026-09-05 20:00:57,2926,88.43,14.28,1.379
VH-10011,2026-09-05 20:04:36,1856,93.2,14.1,1.826
VH-10011,2026-09-05 15:35:16,2412,96.77,14.22,0.757
VH-10011,2026-09-05 18:01:38,3015,92.19,14.16,1.731
VH-10011,2026-09-05 14:44:22,2912,93.45,14.37,1.382
VH-10050,2026-09-05 12:25:31,1817,89.21,14.03,1.512
VH-10050,2026-09-05 19:58:29,2919,132.31,13.54,2.256
VH-10050,2026-09-05 18:41:08,3469,121.39,13.65,3.47
VH-10050,2026-09-05 16:29:36,2675,126.08,13.71,2.041
VH-10050,2026-09-05 16:23:13,1900,126.42,13.5,2.423
VH-10050,2026-09-05 19:56:51,3049,129.87,13.9,2.38
VH-10012,2026-09-05 08:55:51,2824,98.97,13.82,6.109
VH-10012,2026-09-05 15:43:22,2905,95.1,13.91,4.928
VH-10012,2026-09-05 10:30:13,2294,100.02,14.1,7.557
VH-10012,2026-09-05 17:15:56,3347,92.57,14.22,8.612
VH-10012,2026-09-05 13:35:55,2951,96.53,14.27,5.522
VH-10012,2026-09-05 16:31:37,3893,97.74,14.1,7.411
VH-10027,2026-09-05 16:15:30,2363,89.58,14.03,0.847
VH-10027,2026-09-05 17:57:10,2006,94.58,14.39,1.485
VH-10027,2026-09-05 16:15:46,2890,89.3,14.07,1.194
VH-10027,2026-09-05 14:49:20,3265,96.52,14.08,6.192
VH-10027,2026-09-05 18:24:02,3689,95.69,14.19,8.901
VH-10027,2026-09-05 15:29:45,2125,94.12,14.26,6.514
VH-10039,2026-09-06 04:53:32,2229,113.0,13.57,3.554
VH-10039,2026-09-06 12:26:25,3706,115.32,13.83,2.475
VH-10039,2026-09-06 08:49:53,2616,119.83,13.41,3.6
VH-10039,2026-09-06 09:09:38,3209,113.04,13.5,2.929
VH-10039,2026-09-06 11:09:56,3573,115.47,13.6,2.607
VH-10039,2026-09-06 07:11:25,2646,114.23,13.76,3.45
VH-10012,2026-09-06 19:18:13,4032,93.77,14.08,5.597
VH-10012,2026-09-06 18:50:35,2682,99.25,13.88,5.794
VH-10012,2026-09-06 18:20:57,3738,100.49,13.9,7.681
VH-10012,2026-09-06 05:06:27,3090,92.52,14.39,7.277
VH-10012,2026-09-06 06:01:47,2719,93.83,14.3,8.156
VH-10012,2026-09-06 14:38:38,4077,96.8,13.84,5.141
VH-10035,2026-09-06 09:32:54,2457,90.63,14.33,0.75
VH-10035,2026-09-06 12:27:00,2738,93.72,13.75,1.198
VH-10035,2026-09-06 08:37:20,2096,90.21,13.97,1.806
VH-10035,2026-09-06 07:49:27,2340,94.76,13.98,1.372
VH-10035,2026-09-06 14:11:12,2887,91.05,14.43,1.198
VH-10035,2026-09-06 15:49:09,1678,94.03,14.36,1.57
VH-10018,2026-09-06 07:54:12,2999,93.29,14.39,1.921
VH-10018,2026-09-06 15:25:15,2037,93.85,14.19,1.798
VH-10018,2026-09-06 19:49:03,1920,90.43,14.27,1.158
VH-10018,2026-09-06 19:02:00,3182,88.29,13.78,1.387
VH-10018,2026-09-06 16:28:49,3092,88.11,14.23,0.967
VH-10018,2026-09-06 09:34:19,2372,94.38,14.02,1.223
VH-10026,2026-09-06 14:14:33,1948,92.64,14.07,1.387
VH-10026,2026-09-06 12:34:49,2021,89.9,14.3,1.273
VH-10026,2026-09-06 08:50:01,2634,89.19,13.78,0.854
VH-10026,2026-09-06 06:29:59,2099,89.54,13.97,0.66
VH-10026,2026-09-06 09:58:01,1664,92.94,14.37,1.447
VH-10026,2026-09-06 08:21:00,2055,92.19,13.91,1.415
VH-10030,2026-09-06 19:49:58,2379,94.33,10.97,1.261
VH-10030,2026-09-06 18:04:22,1694,89.84,9.98,0.789
VH-10030,2026-09-06 06:05:09,1618,91.48,11.23,0.996
VH-10030,2026-09-06 14:40:22,2043,90.22,11.21,0.789
VH-10030,2026-09-06 07:13:27,2916,91.05,13.9,1.097
VH-10030,2026-09-06 14:59:03,1981,91.69,14.2,0.818
VH-10011,2026-09-06 18:22:20,2092,92.58,14.19,1.11
VH-10011,2026-09-06 19:08:25,2362,91.31,14.08,0.847
VH-10011,2026-09-06 14:26:13,1886,91.58,14.29,1.77
VH-10011,2026-09-06 13:54:01,2380,87.91,14.24,1.355
VH-10011,2026-09-06 19:01:00,2210,88.93,14.17,1.213
VH-10011,2026-09-06 17:48:07,2136,91.65,14.5,1.121
VH-10001,2026-09-06 20:33:12,2728,91.94,14.34,0.845
VH-10001,2026-09-06 11:59:57,1761,95.96,14.28,1.053
VH-10001,2026-09-06 08:16:52,1718,89.72,14.14,0.997
VH-10001,2026-09-06 09:11:17,2525,88.3,14.07,0.853
VH-10001,2026-09-06 08:02:55,2420,94.09,14.37,1.393
VH-10001,2026-09-06 13:27:47,2183,92.26,14.25,1.228
VH-10004,2026-09-06 19:41:18,2438,95.41,14.46,1.159
VH-10004,2026-09-06 08:31:11,2608,91.22,14.27,1.87
VH-10004,2026-09-06 08:00:23,1944,92.5,14.53,1.276
VH-10004,2026-09-06 17:40:37,2846,90.03,14.16,1.562
VH-10004,2026-09-06 05:59:44,1941,94.96,13.92,0.941
VH-10004,2026-09-06 19:56:23,3024,90.29,14.06,1.443
VH-10045,2026-09-06 11:38:41,5816,40.25,14.05,1.747
VH-10045,2026-09-06 12:04:54,4426,50.26,13.83,1.565
VH-10045,2026-09-06 12:17:49,5990,49.64,13.79,1.332
VH-10045,2026-09-06 08:44:09,4301,37.72,14.21,0.738
VH-10045,2026-09-06 07:14:58,3581,53.31,14.05,1.839
VH-10045,2026-09-06 10:19:23,1805,38.02,13.93,0.805
VH-10013,2026-09-06 11:21:00,2251,88.55,13.96,1.187
VH-10013,2026-09-06 20:12:36,3109,91.26,14.48,0.704
VH-10013,2026-09-06 18:42:51,3093,89.79,14.5,1.403
VH-10013,2026-09-06 10:55:52,1790,90.57,14.29,0.808
VH-10013,2026-09-06 18:02:12,1878,90.88,14.31,1.367
VH-10013,2026-09-06 09:15:21,3105,95.15,14.1,1.618
VH-10047,2026-09-06 06:00:54,1978,92.42,14.23,0.889
VH-10047,2026-09-06 13:52:28,3158,96.62,14.42,0.876
VH-10047,2026-09-06 12:50:02,2353,87.79,14.33,1.029
VH-10047,2026-09-06 18:16:15,2453,95.42,13.8,1.559
VH-10047,2026-09-06 07:31:23,2255,90.13,14.11,1.147
VH-10047,2026-09-06 06:07:09,2389,93.63,14.29,1.563
VH-10049,2026-09-06 15:13:28,2260,125.41,13.86,2.228
VH-10049,2026-09-06 17:01:48,3336,118.51,13.76,2.443
VH-10049,2026-09-06 07:10:27,1790,95.82,14.26,1.104
VH-10049,2026-09-06 12:25:01,2174,93.05,14.42,1.08
VH-10049,2026-09-06 10:51:37,2214,92.73,14.09,0.939
VH-10049,2026-09-06 17:02:08,3098,89.64,14.01,1.514
VH-10040,2026-09-06 09:58:50,2805,69.77,13.38,2.481
VH-10040,2026-09-06 16:12:28,5937,79.56,13.57,2.364
VH-10040,2026-09-06 14:47:31,6856,57.73,13.87,2.715
VH-10040,2026-09-06 10:34:13,6781,80.12,13.52,2.035
VH-10040,2026-09-06 14:21:57,5267,76.44,13.47,2.339
VH-10040,2026-09-06 05:00:55,2793,79.85,13.68,2.326
VH-10003,2026-09-06 13:13:39,1765,87.62,14.44,1.736
VH-10003,2026-09-06 18:40:32,2334,91.04,14.3,0.753
VH-10003,2026-09-06 05:17:17,2956,89.47,14.12,1.399
VH-10003,2026-09-06 16:14:07,2490,94.58,13.98,1.851
VH-10003,2026-09-06 05:15:32,2436,95.05,14.14,1.611
VH-10003,2026-09-06 13:31:22,2490,87.66,14.3,1.314
VH-10041,2026-09-06 13:37:05,1714,95.48,14.32,1.01
VH-10041,2026-09-06 10:22:35,2216,93.28,14.25,1.516
VH-10041,2026-09-06 12:22:58,2745,95.24,14.17,1.075
VH-10041,2026-09-06 06:36:00,3164,88.8,14.32,1.22
VH-10041,2026-09-06 10:34:59,2631,95.86,13.93,1.717
VH-10041,2026-09-06 19:38:08,2270,91.3,13.81,1.054
VH-10029,2026-09-06 11:14:49,2453,124.52,13.98,2.667
VH-10029,2026-09-06 08:46:25,2583,126.68,13.67,2.332
VH-10029,2026-09-06 08:30:39,2762,117.94,13.65,2.198
VH-10029,2026-09-06 11:59:39,3211,126.88,13.43,2.87
VH-10029,2026-09-06 20:24:05,2823,129.84,13.73,2.409
VH-10029,2026-09-06 16:28:23,3098,129.65,13.76,3.133
VH-10015,2026-09-06 19:00:46,1651,90.3,13.93,1.594
VH-10015,2026-09-06 18:56:23,1755,91.76,14.0,1.023
VH-10015,2026-09-06 06:15:56,2168,93.66,14.33,1.031
VH-10015,2026-09-06 14:20:27,2675,95.84,14.25,1.697
VH-10015,2026-09-06 11:29:54,2442,93.14,13.95,1.683
VH-10015,2026-09-06 05:50:40,2513,94.44,13.95,7.836
VH-10032,2026-09-06 06:39:49,2824,91.62,14.08,1.213
VH-10032,2026-09-06 15:06:24,2517,93.89,13.96,1.193
VH-10032,2026-09-06 07:06:52,2436,92.2,14.28,1.009
VH-10032,2026-09-06 17:10:07,2857,88.04,14.22,0.94
VH-10032,2026-09-06 05:07:52,2165,92.26,14.17,1.613
VH-10032,2026-09-06 20:02:09,1635,91.21,14.33,1.706
VH-10048,2026-09-06 06:50:14,2042,94.58,14.11,1.348
VH-10048,2026-09-06 11:09:48,2118,91.04,14.23,1.025
VH-10048,2026-09-06 08:34:23,2137,91.81,13.76,1.848
VH-10048,2026-09-06 20:15:25,1768,93.81,14.27,1.732
VH-10048,2026-09-06 20:04:30,1784,96.62,14.25,0.762
VH-10048,2026-09-06 15:46:28,2456,93.41,14.21,0.85
VH-10005,2026-09-06 16:14:21,2601,93.73,13.91,1.753
VH-10005,2026-09-06 14:20:07,1755,95.15,14.39,1.369
VH-10005,2026-09-06 07:58:40,2871,88.26,14.09,1.803
VH-10005,2026-09-06 07:10:08,1684,92.59,14.37,1.749
VH-10005,2026-09-06 12:42:56,1954,92.06,13.97,1.63
VH-10005,2026-09-06 12:23:05,2803,93.48,13.9,0.666
VH-10028,2026-09-06 06:39:29,1780,89.32,13.81,1.498
VH-10028,2026-09-06 06:54:25,1720,94.83,14.08,1.045
VH-10028,2026-09-06 06:14:07,2338,92.53,14.0,1.765
VH-10028,2026-09-06 17:49:58,2266,97.0,13.94,1.657
VH-10028,2026-09-06 09:00:50,2824,91.03,14.07,1.417
VH-10028,2026-09-06 07:35:37,3022,94.64,14.29,1.366
VH-10019,2026-09-06 08:44:53,3115,89.25,14.06,1.303
VH-10019,2026-09-06 19:57:10,1949,94.43,14.21,1.195
VH-10019,2026-09-06 11:14:28,3050,88.0,13.9,1.197
VH-10019,2026-09-06 16:05:19,2728,92.03,13.74,1.044
VH-10019,2026-09-06 19:33:05,2295,92.1,14.28,0.841
VH-10019,2026-09-06 15:39:29,3068,96.09,14.14,1.607
VH-10044,2026-09-06 09:32:51,2418,86.73,14.17,1.233
VH-10044,2026-09-06 12:34:37,2215,94.99,14.15,2.033
VH-10044,2026-09-06 06:19:48,3396,125.06,13.78,3.192
VH-10044,2026-09-06 15:15:04,2785,120.31,13.31,2.686
VH-10044,2026-09-06 16:56:38,3332,120.14,14.03,3.528
VH-10044,2026-09-06 18:15:19,2454,116.51,13.27,2.375
VH-10009,2026-09-06 05:33:28,6326,39.32,14.13,1.501
VH-10009,2026-09-06 04:47:32,3600,53.32,14.03,1.657
VH-10009,2026-09-06 13:53:15,2499,42.04,14.06,1.524
VH-10009,2026-09-06 12:11:33,4849,44.14,13.95,1.731
VH-10009,2026-09-06 17:05:11,3595,52.98,14.18,1.151
VH-10009,2026-09-06 14:58:55,6357,53.64,13.92,1.666
VH-10021,2026-09-06 10:08:08,2698,94.47,14.23,0.727
VH-10021,2026-09-06 18:31:43,2474,92.26,14.15,1.856
VH-10021,2026-09-06 05:13:36,2729,90.26,14.53,1.545
VH-10021,2026-09-06 08:39:25,2010,89.54,14.2,1.787
VH-10021,2026-09-06 10:33:43,2600,89.0,14.33,1.915
VH-10021,2026-09-06 14:07:35,1920,92.55,13.93,0.941
VH-10038,2026-09-06 20:01:27,2149,94.09,14.15,1.068
VH-10038,2026-09-06 08:13:36,2826,92.75,14.43,0.612
VH-10038,2026-09-06 09:38:04,1992,95.21,13.95,1.388
VH-10038,2026-09-06 12:43:19,3155,93.15,14.2,1.027
VH-10038,2026-09-06 06:10:51,2120,92.8,14.38,2.036
VH-10038,2026-09-06 12:35:01,2214,93.98,13.87,1.561
VH-10022,2026-09-06 16:59:58,2308,90.32,14.04,1.915
VH-10022,2026-09-06 06:14:07,2147,96.4,14.34,0.967
VH-10022,2026-09-06 15:21:24,3026,93.7,14.09,1.486
VH-10022,2026-09-06 16:00:39,2998,88.33,14.03,1.752
VH-10022,2026-09-06 15:54:57,2929,93.28,13.98,0.941
VH-10022,2026-09-06 15:09:19,1925,91.72,14.07,1.06
VH-10025,2026-09-06 12:52:58,2513,92.67,14.27,0.858
VH-10025,2026-09-06 08:12:43,2589,91.91,13.83,1.527
VH-10025,2026-09-06 09:55:24,2479,96.5,14.3,0.954
VH-10025,2026-09-06 15:16:47,2501,92.1,13.92,1.368
VH-10025,2026-09-06 14:53:57,2928,93.63,14.06,1.687
VH-10025,2026-09-06 19:40:32,2754,89.94,14.01,0.932
VH-10043,2026-09-06 06:05:36,3021,89.69,14.36,0.943
VH-10043,2026-09-06 06:16:14,2282,94.33,14.16,1.576
VH-10043,2026-09-06 07:27:08,3021,92.07,14.07,1.056
VH-10043,2026-09-06 12:40:25,2927,95.61,14.18,1.164
VH-10043,2026-09-06 18:47:50,1910,89.71,13.95,1.32
VH-10043,2026-09-06 16:05:58,2599,90.81,14.05,1.668
VH-10008,2026-09-06 13:14:51,2549,99.18,14.05,6.238
VH-10008,2026-09-06 13:35:40,2306,93.79,14.28,6.315
VH-10008,2026-09-06 20:16:48,3128,99.66,14.28,7.187
VH-10008,2026-09-06 15:10:32,2497,95.64,13.93,5.381
VH-10008,2026-09-06 18:35:23,3277,97.99,13.86,6.922
VH-10008,2026-09-06 06:22:17,3173,99.16,14.36,7.005
VH-10050,2026-09-06 20:08:38,3438,125.02,13.8,2.062
VH-10050,2026-09-06 16:12:02,3625,120.43,13.77,2.721
VH-10050,2026-09-06 11:24:38,3065,122.41,13.58,2.305
VH-10050,2026-09-06 06:03:19,2190,129.68,13.41,3.505
VH-10050,2026-09-06 11:13:11,2036,125.61,13.43,2.449
VH-10050,2026-09-06 12:01:36,3388,128.47,13.61,3.432
VH-10023,2026-09-06 07:18:28,1645,90.4,14.36,2.028
VH-10023,2026-09-06 12:25:34,2494,96.13,14.19,1.156
VH-10023,2026-09-06 14:45:53,3093,92.99,14.08,1.234
VH-10023,2026-09-06 17:01:48,1858,92.46,14.35,1.705
VH-10023,2026-09-06 15:29:21,1769,95.8,14.29,1.442
VH-10023,2026-09-06 15:25:50,2407,95.24,14.34,1.185
VH-10036,2026-09-06 16:18:24,2226,127.64,13.88,2.924
VH-10036,2026-09-06 14:39:24,2382,96.28,13.86,1.666
VH-10036,2026-09-06 08:18:48,3079,92.66,13.96,0.858
VH-10036,2026-09-06 06:50:35,1939,87.58,13.82,1.362
VH-10036,2026-09-06 06:31:17,2507,88.54,13.98,1.367
VH-10036,2026-09-06 17:32:29,2588,89.18,14.19,1.645
VH-10014,2026-09-06 12:23:40,2819,116.73,13.69,1.595
VH-10014,2026-09-06 17:45:17,3108,118.47,13.75,2.496
VH-10014,2026-09-06 17:26:47,2407,115.33,13.87,3.353
VH-10014,2026-09-06 13:13:38,2556,89.02,14.27,0.934
VH-10014,2026-09-06 12:12:54,2756,92.9,10.04,1.41
VH-10014,2026-09-06 08:19:49,2522,95.78,10.81,0.776
VH-10017,2026-09-06 07:46:36,1891,92.11,14.01,0.678
VH-10017,2026-09-06 11:38:49,2415,92.93,14.41,0.945
VH-10017,2026-09-06 08:01:47,3149,89.48,14.28,1.072
VH-10017,2026-09-06 11:47:00,2716,90.73,14.19,0.869
VH-10017,2026-09-06 17:57:39,2268,94.2,14.16,1.258
VH-10017,2026-09-06 15:41:12,3104,87.46,14.0,1.511
VH-10006,2026-09-06 07:10:32,2900,94.42,14.09,1.515
VH-10006,2026-09-06 18:40:42,1766,94.57,14.27,1.165
VH-10006,2026-09-06 13:38:19,3030,90.44,14.14,1.94
VH-10006,2026-09-06 14:47:26,2744,91.49,14.29,1.432
VH-10006,2026-09-06 18:28:14,2235,93.25,11.24,1.627
VH-10006,2026-09-06 19:17:51,2968,95.1,10.23,1.403
VH-10046,2026-09-06 11:48:22,2141,93.68,14.05,1.789
VH-10046,2026-09-06 20:31:27,2296,90.57,13.96,1.39
VH-10046,2026-09-06 19:21:02,1839,93.83,14.55,1.007
VH-10046,2026-09-06 06:03:49,2795,96.74,14.16,1.344
VH-10046,2026-09-06 07:40:17,2779,91.3,14.11,1.204
VH-10046,2026-09-06 18:43:43,2533,88.75,14.03,1.606
VH-10016,2026-09-06 05:22:24,2846,93.56,14.5,0.924
VH-10016,2026-09-06 17:58:57,2823,90.98,14.24,1.475
VH-10016,2026-09-06 18:24:46,2879,94.24,14.14,1.219
VH-10016,2026-09-06 11:10:47,2432,88.3,14.06,1.395
VH-10016,2026-09-06 18:38:53,1712,94.5,14.32,1.797
VH-10016,2026-09-06 10:17:01,2705,94.94,14.16,1.027
VH-10002,2026-09-06 11:38:01,2863,91.29,13.96,1.162
VH-10002,2026-09-06 05:28:05,2373,93.41,14.29,1.584
VH-10002,2026-09-06 08:46:32,2402,89.56,13.89,1.077
VH-10002,2026-09-06 05:37:01,2142,89.54,14.38,1.585
VH-10002,2026-09-06 11:40:18,2893,93.42,14.29,1.843
VH-10002,2026-09-06 09:08:02,2655,120.08,13.59,2.849
VH-10024,2026-09-06 18:09:44,5158,45.19,13.69,0.763
VH-10024,2026-09-06 07:50:07,5436,36.69,14.14,1.384
VH-10024,2026-09-06 18:33:24,6224,48.57,13.97,1.479
VH-10024,2026-09-06 19:47:03,2124,39.8,13.72,1.129
VH-10024,2026-09-06 08:05:09,4713,40.38,13.62,0.788
VH-10024,2026-09-06 05:04:11,3174,68.24,13.53,2.476
VH-10034,2026-09-06 04:39:57,2339,89.84,14.42,0.642
VH-10034,2026-09-06 06:38:06,2431,92.41,14.46,1.029
VH-10034,2026-09-06 17:17:54,2117,91.23,14.21,1.02
VH-10034,2026-09-06 14:52:58,1986,91.45,14.09,1.029
VH-10034,2026-09-06 10:59:45,1621,91.08,14.47,1.528
VH-10034,2026-09-06 08:59:42,3118,93.98,14.04,1.322
VH-10033,2026-09-06 06:20:17,2616,91.84,14.39,1.207
VH-10033,2026-09-06 08:36:18,1916,91.69,14.18,0.922
VH-10033,2026-09-06 05:27:28,2004,94.61,14.08,1.324
VH-10033,2026-09-06 16:32:31,1758,91.49,13.91,1.247
VH-10033,2026-09-06 05:32:01,2541,92.29,14.49,1.744
VH-10033,2026-09-06 19:26:26,1924,92.82,13.98,0.623
VH-10010,2026-09-06 14:15:47,2562,93.84,14.08,1.756
VH-10010,2026-09-06 12:53:23,2004,94.68,14.06,0.917
VH-10010,2026-09-06 16:57:41,2431,94.34,14.41,0.767
VH-10010,2026-09-06 10:14:09,3162,93.01,13.95,1.234
VH-10010,2026-09-06 17:37:51,1702,93.49,13.85,0.811
VH-10010,2026-09-06 08:53:07,2382,92.5,14.36,1.494
VH-10027,2026-09-07 13:03:02,2957,94.64,14.15,7.367
VH-10027,2026-09-07 18:32:55,3005,97.71,14.28,7.449
VH-10027,2026-09-07 10:02:00,2344,97.54,14.08,5.228
VH-10027,2026-09-07 10:43:49,3459,90.35,13.82,8.638
VH-10027,2026-09-07 17:39:06,3652,93.49,13.89,6.026
VH-10027,2026-09-07 06:20:09,2728,93.38,13.95,7.537
VH-10039,2026-09-07 06:21:38,3025,125.88,14.01,3.133
VH-10039,2026-09-07 17:11:12,2460,121.18,13.41,3.32
VH-10039,2026-09-07 10:06:41,3203,128.44,13.76,2.028
VH-10039,2026-09-07 05:33:41,2301,122.44,13.68,2.81
VH-10039,2026-09-07 13:41:05,2457,109.61,13.84,2.794
VH-10039,2026-09-07 18:44:14,2359,117.04,13.53,2.692
VH-10015,2026-09-07 08:26:12,3508,97.81,14.02,4.809
VH-10015,2026-09-07 13:14:55,2413,94.94,13.89,8.698
VH-10015,2026-09-07 16:53:15,2295,98.17,13.89,6.377
VH-10015,2026-09-07 06:06:00,3411,94.51,13.85,8.088
VH-10015,2026-09-07 16:19:58,2057,95.59,14.18,1.865
VH-10015,2026-09-07 19:41:32,3149,92.27,14.13,0.749
VH-10004,2026-09-07 08:51:37,2481,87.72,14.15,1.698
VH-10004,2026-09-07 16:31:56,2247,89.08,14.25,0.522
VH-10004,2026-09-07 08:37:31,2950,91.05,14.32,1.673
VH-10004,2026-09-07 13:46:54,2465,89.37,14.27,0.568
VH-10004,2026-09-07 14:22:59,1796,95.0,14.29,1.41
VH-10004,2026-09-07 08:08:49,2175,94.24,14.31,1.484
VH-10049,2026-09-07 18:06:41,3102,92.58,14.3,1.276
VH-10049,2026-09-07 16:14:13,2381,91.83,14.05,1.201
VH-10049,2026-09-07 05:34:41,3063,93.85,14.23,1.631
VH-10049,2026-09-07 14:02:20,2538,89.99,14.17,0.875
VH-10049,2026-09-07 05:08:25,2419,93.42,14.46,1.357
VH-10049,2026-09-07 08:15:27,2181,91.64,13.94,1.139
VH-10006,2026-09-07 06:01:35,2678,94.46,10.41,1.11
VH-10006,2026-09-07 20:31:17,1772,92.74,11.23,0.75
VH-10006,2026-09-07 16:47:30,2109,96.54,10.59,0.754
VH-10006,2026-09-07 08:35:57,1666,89.22,11.17,1.757
VH-10006,2026-09-07 10:50:00,2561,95.01,9.98,0.966
VH-10006,2026-09-07 20:18:46,2585,87.74,14.25,1.664
VH-10018,2026-09-07 08:35:05,2137,94.68,13.88,0.924
VH-10018,2026-09-07 05:55:29,1664,92.53,14.42,0.962
VH-10018,2026-09-07 19:59:51,2665,91.95,13.79,1.314
VH-10018,2026-09-07 13:49:44,2974,87.76,13.77,0.741
VH-10018,2026-09-07 11:35:42,3062,92.09,14.09,1.62
VH-10018,2026-09-07 18:22:35,2868,92.59,13.93,0.682
VH-10041,2026-09-07 09:03:00,2427,87.4,14.07,0.918
VH-10041,2026-09-07 15:58:58,1809,89.95,13.76,1.037
VH-10041,2026-09-07 10:24:06,1624,91.68,14.19,1.399
VH-10041,2026-09-07 11:11:19,2733,88.97,14.03,1.598
VH-10041,2026-09-07 17:39:31,2400,94.39,14.28,1.543
VH-10041,2026-09-07 04:43:21,2131,94.98,13.85,1.126
VH-10047,2026-09-07 18:49:40,2351,89.88,14.54,1.437
VH-10047,2026-09-07 08:58:54,2802,95.11,14.33,1.654
VH-10047,2026-09-07 04:58:16,2626,94.62,11.25,1.614
VH-10047,2026-09-07 09:20:31,2374,95.17,10.68,0.857
VH-10047,2026-09-07 10:52:15,1692,91.54,10.73,0.803
VH-10047,2026-09-07 08:29:05,2751,92.78,9.95,1.744
VH-10007,2026-09-07 11:44:31,2902,88.48,10.61,1.435
VH-10007,2026-09-07 16:00:11,2772,96.47,10.62,1.587
VH-10007,2026-09-07 14:17:03,2630,90.19,11.26,0.724
VH-10007,2026-09-07 16:23:09,2398,88.94,10.39,1.741
VH-10007,2026-09-07 20:12:28,1711,93.93,11.49,0.945
VH-10007,2026-09-07 12:50:50,2884,90.66,11.5,1.278
VH-10022,2026-09-07 12:12:17,2405,93.13,14.49,1.3
VH-10022,2026-09-07 06:35:04,2059,88.66,14.18,1.319
VH-10022,2026-09-07 05:56:42,2412,88.53,14.27,0.743
VH-10022,2026-09-07 14:52:37,1939,90.09,13.96,1.148
VH-10022,2026-09-07 17:03:49,2749,91.34,14.16,1.268
VH-10022,2026-09-07 07:03:11,2104,92.97,13.9,1.821
VH-10010,2026-09-07 07:02:42,3167,96.57,14.27,1.249
VH-10010,2026-09-07 06:02:44,1751,92.95,14.34,1.474
VH-10010,2026-09-07 04:45:10,2186,90.02,14.44,1.615
VH-10010,2026-09-07 11:48:25,2662,91.38,14.14,1.418
VH-10010,2026-09-07 12:10:17,2992,87.57,13.83,1.226
VH-10010,2026-09-07 05:53:50,2799,92.39,14.15,1.303
VH-10030,2026-09-07 20:16:04,1812,95.52,13.96,1.581
VH-10030,2026-09-07 13:06:42,1911,95.89,13.92,1.584
VH-10030,2026-09-07 15:16:26,1914,95.01,14.12,1.277
VH-10030,2026-09-07 11:51:47,1854,95.2,14.0,1.173
VH-10030,2026-09-07 16:09:52,2068,96.18,14.01,0.706
VH-10030,2026-09-07 04:59:55,2741,92.32,14.35,1.012
VH-10016,2026-09-07 18:34:17,2957,94.33,14.35,1.196
VH-10016,2026-09-07 11:50:53,3024,94.6,14.05,1.387
VH-10016,2026-09-07 08:57:31,2928,88.3,13.73,1.54
VH-10016,2026-09-07 07:25:01,2966,94.15,13.86,1.823
VH-10016,2026-09-07 18:46:46,2116,94.53,14.43,1.617
VH-10016,2026-09-07 04:37:54,2648,88.68,14.45,1.5
VH-10043,2026-09-07 06:22:54,3051,93.75,14.49,1.063
VH-10043,2026-09-07 13:16:27,2611,94.11,14.45,1.219
VH-10043,2026-09-07 15:54:57,2840,89.46,14.33,1.419
VH-10043,2026-09-07 17:47:59,3089,95.72,14.38,0.947
VH-10043,2026-09-07 12:27:12,2446,90.72,13.9,1.285
VH-10043,2026-09-07 07:01:05,2160,88.64,13.87,1.034
VH-10008,2026-09-07 12:16:22,3114,94.67,14.34,7.584
VH-10008,2026-09-07 07:45:35,2833,90.61,14.15,1.596
VH-10008,2026-09-07 09:54:22,2448,93.57,14.14,1.653
VH-10008,2026-09-07 18:23:56,2490,90.82,14.46,1.583
VH-10008,2026-09-07 06:01:27,2406,93.9,14.1,6.669
VH-10008,2026-09-07 06:23:51,2848,97.5,13.9,5.417
VH-10038,2026-09-07 16:10:17,1632,93.03,13.91,1.135
VH-10038,2026-09-07 16:59:57,2626,115.22,13.51,3.243
VH-10038,2026-09-07 20:04:00,2448,117.29,13.79,3.57
VH-10038,2026-09-07 15:22:33,2075,125.47,13.71,1.764
VH-10038,2026-09-07 20:17:24,2676,125.2,13.49,2.29
VH-10038,2026-09-07 19:29:38,2095,121.97,13.74,2.154
VH-10012,2026-09-07 05:08:13,2340,91.46,13.89,1.799
VH-10012,2026-09-07 13:14:46,2555,91.08,14.26,1.687
VH-10012,2026-09-07 10:39:21,2070,93.25,14.39,1.431
VH-10012,2026-09-07 19:42:11,2519,94.9,14.28,0.686
VH-10012,2026-09-07 10:05:50,3160,94.15,14.3,1.022
VH-10012,2026-09-07 14:39:54,1637,94.56,14.32,0.804
VH-10033,2026-09-07 13:19:19,1954,88.2,13.86,0.795
VH-10033,2026-09-07 14:36:20,2683,89.3,14.17,1.119
VH-10033,2026-09-07 12:46:40,2019,91.59,14.58,1.359
VH-10033,2026-09-07 08:29:37,2052,89.63,14.45,1.599
VH-10033,2026-09-07 13:34:26,1602,91.83,13.98,0.996
VH-10033,2026-09-07 13:11:40,2685,92.72,14.24,6.767
VH-10013,2026-09-07 13:43:48,3019,88.2,13.81,0.801
VH-10013,2026-09-07 05:15:50,2435,93.98,14.52,1.018
VH-10013,2026-09-07 10:19:32,3029,91.89,14.08,1.389
VH-10013,2026-09-07 11:03:52,2222,91.72,14.51,1.467
VH-10013,2026-09-07 16:45:32,2985,88.39,14.19,1.737
VH-10013,2026-09-07 14:54:43,1971,90.82,14.13,1.149
VH-10046,2026-09-07 18:51:45,2087,89.82,14.51,1.148
VH-10046,2026-09-07 19:42:04,1738,96.05,14.26,1.336
VH-10046,2026-09-07 11:57:55,3017,95.72,14.11,1.269
VH-10046,2026-09-07 16:10:37,2511,90.84,14.12,1.662
VH-10046,2026-09-07 11:35:56,2278,91.12,14.51,1.328
VH-10046,2026-09-07 06:58:11,2330,94.38,14.27,1.942
VH-10003,2026-09-07 09:45:18,2012,89.74,14.29,1.452
VH-10003,2026-09-07 19:01:54,1866,93.93,14.3,1.48
VH-10003,2026-09-07 19:51:35,3116,89.55,14.04,1.709
VH-10003,2026-09-07 09:03:17,2272,95.06,14.33,1.764
VH-10003,2026-09-07 20:21:45,2985,91.89,14.49,1.345
VH-10003,2026-09-07 17:06:52,3183,94.27,14.37,1.592
VH-10009,2026-09-07 05:15:11,5566,48.22,14.15,1.905
VH-10009,2026-09-07 14:24:28,3569,54.26,13.82,0.912
VH-10009,2026-09-07 10:21:38,4312,42.1,13.94,1.4
VH-10009,2026-09-07 16:36:10,3622,39.22,14.03,1.676
VH-10009,2026-09-07 06:04:02,6188,54.4,13.95,1.902
VH-10009,2026-09-07 19:55:37,6023,37.82,14.08,1.179
VH-10037,2026-09-07 20:27:55,2506,93.35,14.05,1.302
VH-10037,2026-09-07 10:54:53,3209,94.66,13.93,7.704
VH-10037,2026-09-07 14:52:11,3050,98.59,14.05,6.179
VH-10037,2026-09-07 06:20:22,2861,93.98,14.4,5.612
VH-10037,2026-09-07 10:03:26,3103,96.69,14.23,5.713
VH-10037,2026-09-07 05:46:19,1862,89.95,14.17,1.025
VH-10011,2026-09-07 12:19:33,2305,95.5,14.3,0.752
VH-10011,2026-09-07 19:50:15,2233,89.58,14.4,1.092
VH-10011,2026-09-07 09:40:46,2957,93.65,14.5,0.669
VH-10011,2026-09-07 17:54:12,2429,90.5,13.95,1.575
VH-10011,2026-09-07 04:57:35,2458,94.24,14.02,1.4
VH-10011,2026-09-07 15:11:32,2435,89.94,14.13,0.81
VH-10014,2026-09-07 14:34:01,2043,92.79,10.84,1.151
VH-10014,2026-09-07 05:50:54,2441,90.41,10.52,1.464
VH-10014,2026-09-07 17:20:53,1891,94.15,14.24,1.614
VH-10014,2026-09-07 06:10:39,2290,94.03,14.07,1.473
VH-10014,2026-09-07 18:36:09,2297,93.97,13.87,0.716
VH-10014,2026-09-07 06:03:38,1935,95.73,13.99,1.42
VH-10019,2026-09-07 12:11:58,1748,95.17,13.98,1.568
VH-10019,2026-09-07 14:48:12,1926,91.03,13.99,1.525
VH-10019,2026-09-07 12:15:40,2172,90.13,14.26,1.215
VH-10019,2026-09-07 19:24:21,1897,89.31,14.07,1.048
VH-10019,2026-09-07 04:39:21,2781,93.39,14.35,1.074
VH-10019,2026-09-07 09:22:07,2436,89.48,14.23,1.843
VH-10001,2026-09-07 13:02:20,2126,95.45,14.44,0.927
VH-10001,2026-09-07 13:04:42,2698,91.03,14.05,1.551
VH-10001,2026-09-07 19:04:00,2488,89.31,14.53,1.142
VH-10001,2026-09-07 13:43:36,2826,88.99,14.39,1.015
VH-10001,2026-09-07 16:50:18,1602,91.04,14.35,0.749
VH-10001,2026-09-07 17:08:43,3508,132.7,13.65,2.806
VH-10023,2026-09-07 09:03:48,1852,94.01,14.36,1.715
VH-10023,2026-09-07 16:17:54,2416,96.25,13.92,1.295
VH-10023,2026-09-07 05:07:39,3070,91.61,14.11,6.464
VH-10023,2026-09-07 06:04:40,3619,91.97,14.37,5.623
VH-10023,2026-09-07 18:09:48,3063,96.46,14.16,6.347
VH-10023,2026-09-07 05:54:15,2667,90.48,14.3,5.422
VH-10021,2026-09-07 08:05:46,1657,93.53,13.79,0.79
VH-10021,2026-09-07 12:19:54,1667,90.31,14.44,1.142
VH-10021,2026-09-07 19:51:52,3018,92.54,14.4,1.028
VH-10021,2026-09-07 19:21:30,3156,90.22,14.02,1.358
VH-10021,2026-09-07 09:37:29,2182,88.43,14.45,1.126
VH-10021,2026-09-07 15:40:08,1984,91.09,14.52,1.976
VH-10029,2026-09-07 17:21:47,3725,116.34,13.6,2.991
VH-10029,2026-09-07 05:27:44,2255,90.85,14.34,1.412
VH-10029,2026-09-07 16:07:30,2400,92.77,13.9,0.906
VH-10029,2026-09-07 15:06:36,3104,88.02,14.08,1.07
VH-10029,2026-09-07 17:47:22,3166,90.52,13.82,1.044
VH-10029,2026-09-07 06:32:55,3019,95.76,14.55,1.08
VH-10017,2026-09-07 15:12:25,1756,90.19,14.26,1.363
VH-10017,2026-09-07 19:20:55,2163,94.7,14.48,0.583
VH-10017,2026-09-07 17:50:20,2614,92.96,13.94,0.95
VH-10017,2026-09-07 20:33:01,1808,94.9,13.87,1.057
VH-10017,2026-09-07 13:12:57,2515,89.81,13.84,0.744
VH-10017,2026-09-07 13:17:41,1969,88.89,14.12,1.408
VH-10028,2026-09-07 16:25:20,1970,92.06,14.37,1.747
VH-10028,2026-09-07 19:11:45,2563,92.24,14.09,1.547
VH-10028,2026-09-07 11:51:11,2850,97.38,14.08,1.737
VH-10028,2026-09-07 05:18:32,2490,88.18,14.18,1.334
VH-10028,2026-09-07 17:31:26,1655,89.23,14.44,1.665
VH-10028,2026-09-07 12:01:57,2315,91.02,14.42,0.778
VH-10005,2026-09-07 09:19:09,1727,95.69,14.37,0.79
VH-10005,2026-09-07 14:48:17,1868,93.0,13.99,1.935
VH-10005,2026-09-07 10:26:07,3065,94.73,14.04,1.24
VH-10005,2026-09-07 16:00:23,1815,87.59,13.91,1.191
VH-10005,2026-09-07 20:08:59,2409,91.04,14.15,1.636
VH-10005,2026-09-07 16:58:25,2267,92.27,14.07,1.351
VH-10035,2026-09-07 09:55:19,1950,95.33,14.03,1.557
VH-10035,2026-09-07 12:58:48,2840,93.82,14.18,1.511
VH-10035,2026-09-07 14:03:07,1915,89.22,13.99,1.012
VH-10035,2026-09-07 18:40:01,1943,91.21,14.08,0.78
VH-10035,2026-09-07 13:43:01,3133,92.24,14.13,1.139
VH-10035,2026-09-07 19:43:44,2375,96.12,14.41,0.889
VH-10042,2026-09-07 12:27:28,2155,54.51,13.75,0.833
VH-10042,2026-09-07 16:27:06,4516,43.78,13.9,1.397
VH-10042,2026-09-07 19:05:52,1799,35.87,13.87,0.983
VH-10042,2026-09-07 09:23:40,2536,38.47,13.98,1.673
VH-10042,2026-09-07 10:24:27,2748,41.95,13.92,1.849
VH-10042,2026-09-07 12:12:01,5253,48.15,13.84,1.041
VH-10045,2026-09-07 06:58:01,3838,42.86,14.12,1.193
VH-10045,2026-09-07 17:12:11,3781,46.15,14.21,0.905
VH-10045,2026-09-07 10:19:22,2077,53.95,13.76,1.558
VH-10045,2026-09-07 18:35:11,4967,54.61,13.82,1.473
VH-10045,2026-09-07 12:44:37,5499,42.47,13.91,1.626
VH-10045,2026-09-07 05:49:06,6217,47.04,14.07,1.199
VH-10035,2026-09-08 16:03:55,2967,95.67,14.1,1.23
VH-10035,2026-09-08 15:36:08,2928,90.91,14.1,0.705
VH-10035,2026-09-08 16:31:07,2186,96.98,14.24,1.252
VH-10035,2026-09-08 15:44:02,2528,95.41,14.4,1.247
VH-10035,2026-09-08 14:41:06,2888,93.49,13.84,1.563
VH-10035,2026-09-08 08:38:02,2961,90.67,14.22,1.354
VH-10015,2026-09-08 08:53:14,3092,92.68,14.45,1.058
VH-10015,2026-09-08 14:30:29,3215,94.18,14.26,6.76
VH-10015,2026-09-08 06:46:02,3635,93.58,14.13,5.657
VH-10015,2026-09-08 15:11:47,2383,98.09,13.97,5.453
VH-10015,2026-09-08 12:31:20,2781,94.8,13.8,5.625
VH-10015,2026-09-08 14:21:57,2696,92.37,14.1,7.007
VH-10016,2026-09-08 18:18:22,2475,91.89,13.79,1.427
VH-10016,2026-09-08 08:36:00,1776,97.04,14.14,1.198
VH-10016,2026-09-08 14:09:13,2676,95.96,13.75,1.289
VH-10016,2026-09-08 17:54:02,1985,90.48,14.05,1.321
VH-10016,2026-09-08 10:46:31,2750,95.67,14.19,0.819
VH-10016,2026-09-08 17:05:14,3057,93.84,14.55,1.611
VH-10023,2026-09-08 07:13:18,3066,99.6,14.09,4.687
VH-10023,2026-09-08 11:24:21,1646,95.4,14.47,1.015
VH-10023,2026-09-08 19:38:27,2572,94.4,14.01,1.761
VH-10023,2026-09-08 16:20:06,1911,89.04,14.31,1.749
VH-10023,2026-09-08 20:15:43,1790,94.41,14.31,1.763
VH-10023,2026-09-08 19:28:12,3155,94.08,14.19,1.881
VH-10028,2026-09-08 04:34:33,2175,91.11,14.26,1.544
VH-10028,2026-09-08 09:23:26,2544,88.09,14.24,1.707
VH-10028,2026-09-08 20:30:09,2943,87.65,14.02,0.79
VH-10028,2026-09-08 16:56:07,2605,90.69,14.29,1.534
VH-10028,2026-09-08 09:49:40,3099,88.38,14.31,1.162
VH-10028,2026-09-08 09:17:34,2291,92.84,14.1,1.656
VH-10036,2026-09-08 18:24:12,2236,92.15,13.96,1.781
VH-10036,2026-09-08 19:46:36,2900,88.15,14.48,1.291
VH-10036,2026-09-08 18:57:44,2462,95.37,14.08,1.023
VH-10036,2026-09-08 12:06:00,1679,92.82,13.94,1.107
VH-10036,2026-09-08 05:41:27,2218,87.48,14.0,1.509
VH-10036,2026-09-08 10:08:18,3056,89.66,14.04,0.626
VH-10040,2026-09-08 17:32:12,3124,51.63,13.77,1.079
VH-10040,2026-09-08 14:55:32,3708,43.68,13.86,0.907
VH-10040,2026-09-08 13:34:05,3396,43.59,13.64,1.193
VH-10040,2026-09-08 13:14:54,4268,51.94,13.72,1.448
VH-10040,2026-09-08 06:39:49,2627,39.93,14.08,1.846
VH-10040,2026-09-08 13:17:19,5145,50.23,14.14,1.259
VH-10004,2026-09-08 06:11:31,2892,91.01,14.52,1.446
VH-10004,2026-09-08 07:00:54,2338,89.58,14.01,1.136
VH-10004,2026-09-08 04:49:28,2886,91.88,14.11,1.476
VH-10004,2026-09-08 17:46:02,2768,91.63,14.19,0.96
VH-10004,2026-09-08 15:50:29,2392,90.22,14.12,1.0
VH-10004,2026-09-08 16:28:38,2302,89.3,13.98,0.958
VH-10021,2026-09-08 07:15:39,2226,92.82,14.27,0.93
VH-10021,2026-09-08 08:26:37,2728,90.89,13.98,1.166
VH-10021,2026-09-08 05:37:16,2552,93.44,14.35,0.966
VH-10021,2026-09-08 18:59:15,2090,90.14,14.03,1.879
VH-10021,2026-09-08 07:19:09,1955,94.31,14.33,1.608
VH-10021,2026-09-08 09:25:07,2709,89.99,13.97,0.865
VH-10045,2026-09-08 17:16:42,6044,37.44,13.72,1.647
VH-10045,2026-09-08 19:19:41,2178,42.88,13.86,1.734
VH-10045,2026-09-08 18:36:54,6370,40.76,14.23,1.588
VH-10045,2026-09-08 17:41:15,4787,42.04,14.03,1.643
VH-10045,2026-09-08 11:37:59,4475,52.56,13.75,1.824
VH-10045,2026-09-08 15:19:22,5455,55.46,13.97,1.451
VH-10005,2026-09-08 08:14:20,1953,91.45,13.99,1.009
VH-10005,2026-09-08 10:22:21,2770,95.69,13.95,1.024
VH-10005,2026-09-08 17:58:09,2016,94.39,13.97,1.333
VH-10005,2026-09-08 17:23:03,1873,94.35,14.37,0.874
VH-10005,2026-09-08 05:27:59,1643,92.79,14.34,1.292
VH-10005,2026-09-08 18:32:56,2490,92.64,14.5,1.145
VH-10003,2026-09-08 06:11:07,2080,91.12,13.99,1.031
VH-10003,2026-09-08 19:29:37,1960,94.22,14.11,1.572
VH-10003,2026-09-08 14:59:31,2474,92.97,14.07,1.055
VH-10003,2026-09-08 19:11:28,2782,89.98,14.32,1.453
VH-10003,2026-09-08 08:37:22,1967,90.44,14.55,0.943
VH-10003,2026-09-08 12:56:21,2360,97.31,14.06,1.011
VH-10050,2026-09-08 19:23:00,2549,120.23,13.42,2.124
VH-10050,2026-09-08 08:51:40,2418,94.94,13.98,1.018
VH-10050,2026-09-08 04:37:57,2029,92.95,14.31,1.195
VH-10050,2026-09-08 11:47:27,2691,97.36,14.27,0.908
VH-10050,2026-09-08 12:05:54,2290,95.34,14.04,0.951
VH-10050,2026-09-08 05:34:45,2239,87.76,14.05,1.535
VH-10002,2026-09-08 10:46:25,3622,125.54,13.59,2.583
VH-10002,2026-09-08 17:15:00,1974,120.29,13.88,2.787
VH-10002,2026-09-08 08:11:44,3499,125.33,13.44,3.329
VH-10002,2026-09-08 17:08:12,3290,119.44,13.49,3.396
VH-10002,2026-09-08 07:57:42,3385,125.61,13.96,2.462
VH-10002,2026-09-08 09:15:03,2993,117.3,14.04,2.851
VH-10008,2026-09-08 09:07:46,2916,96.91,14.14,8.098
VH-10008,2026-09-08 11:17:24,2547,97.92,13.81,7.412
VH-10008,2026-09-08 17:57:02,2754,96.75,14.21,6.585
VH-10008,2026-09-08 18:31:09,3976,95.34,14.04,5.831
VH-10008,2026-09-08 14:05:37,3402,93.46,13.98,5.812
VH-10008,2026-09-08 16:20:50,2332,97.87,13.8,8.207
VH-10024,2026-09-08 16:44:20,2771,77.84,13.62,2.742
VH-10024,2026-09-08 17:48:49,6929,60.27,13.38,2.605
VH-10024,2026-09-08 14:00:34,5529,79.03,13.6,1.762
VH-10024,2026-09-08 09:22:05,2245,35.45,13.65,1.723
VH-10024,2026-09-08 12:17:58,4374,50.74,14.14,1.092
VH-10024,2026-09-08 10:53:09,3694,47.12,13.86,0.62
VH-10014,2026-09-08 07:36:49,3039,94.94,14.38,5.879
VH-10014,2026-09-08 14:33:59,3396,98.95,14.13,6.885
VH-10014,2026-09-08 16:14:28,2210,97.14,14.06,6.662
VH-10014,2026-09-08 19:41:09,3421,94.99,14.36,5.408
VH-10014,2026-09-08 13:56:59,3312,100.36,14.23,5.68
VH-10014,2026-09-08 20:24:24,3468,99.88,13.94,7.661
VH-10034,2026-09-08 14:42:43,1661,95.23,14.1,1.1
VH-10034,2026-09-08 14:21:39,2815,94.15,14.23,1.46
VH-10034,2026-09-08 15:36:49,2640,89.6,13.93,0.62
VH-10034,2026-09-08 06:07:06,2811,95.26,14.13,1.065
VH-10034,2026-09-08 11:54:00,2333,92.0,14.0,0.914
VH-10034,2026-09-08 15:58:13,2633,90.85,13.96,1.31
VH-10030,2026-09-08 13:58:38,2034,91.97,11.45,1.004
VH-10030,2026-09-08 08:16:58,1767,91.1,11.57,0.827
VH-10030,2026-09-08 12:20:47,2993,93.18,11.08,1.086
VH-10030,2026-09-08 07:14:47,2908,87.92,10.88,1.033
VH-10030,2026-09-08 10:47:34,1868,94.66,13.98,1.398
VH-10030,2026-09-08 14:54:58,3054,120.05,13.72,2.95
VH-10009,2026-09-08 06:46:05,4398,53.81,13.72,1.289
VH-10009,2026-09-08 07:12:29,6238,38.35,14.06,1.366
VH-10009,2026-09-08 08:10:17,6358,39.49,14.21,1.35
VH-10009,2026-09-08 19:38:41,6984,76.89,13.4,3.06
VH-10009,2026-09-08 15:35:42,2601,70.96,13.42,2.832
VH-10009,2026-09-08 15:44:19,2384,71.02,13.94,3.738
VH-10027,2026-09-08 11:05:06,3741,92.67,14.36,6.287
VH-10027,2026-09-08 18:50:45,2199,96.69,13.86,8.58
VH-10027,2026-09-08 09:20:13,2930,91.82,13.85,0.964
VH-10027,2026-09-08 15:05:54,1825,87.67,13.98,1.475
VH-10027,2026-09-08 09:29:53,3197,91.58,14.17,1.519
VH-10027,2026-09-08 16:12:06,3174,91.96,14.18,0.707
VH-10026,2026-09-08 14:26:53,2481,94.43,14.36,1.694
VH-10026,2026-09-08 17:14:17,2428,93.49,13.78,0.85
VH-10026,2026-09-08 06:27:24,1612,91.01,14.15,1.08
VH-10026,2026-09-08 04:50:27,2433,95.64,14.38,1.323
VH-10026,2026-09-08 06:26:00,2083,90.67,14.14,1.2
VH-10026,2026-09-08 05:11:54,3115,90.61,14.28,1.524
VH-10007,2026-09-08 12:55:36,2485,93.48,11.3,1.38
VH-10007,2026-09-08 06:05:27,1890,94.19,10.98,1.036
VH-10007,2026-09-08 14:13:33,2530,95.59,10.37,1.187
VH-10007,2026-09-08 11:17:59,2884,92.89,14.24,1.731
VH-10007,2026-09-08 10:36:17,2185,90.9,14.31,1.529
VH-10007,2026-09-08 17:30:44,1629,88.03,14.41,1.734
VH-10011,2026-09-08 06:41:59,1880,95.34,14.12,1.24
VH-10011,2026-09-08 13:25:36,2817,95.53,14.31,1.441
VH-10011,2026-09-08 16:45:04,2605,96.21,14.12,0.923
VH-10011,2026-09-08 08:47:16,1902,90.27,13.97,1.929
VH-10011,2026-09-08 05:34:44,2670,93.42,13.94,1.111
VH-10011,2026-09-08 05:56:00,2881,90.08,14.17,1.11
VH-10013,2026-09-08 12:58:09,2274,93.72,14.27,0.816
VH-10013,2026-09-08 07:34:49,1900,96.98,14.12,1.563
VH-10013,2026-09-08 13:32:55,1753,91.99,13.86,1.605
VH-10013,2026-09-08 11:18:04,2586,92.3,14.25,1.306
VH-10013,2026-09-08 08:02:10,2067,90.27,14.27,1.793
VH-10013,2026-09-08 08:15:11,2994,94.44,13.89,1.073
VH-10049,2026-09-08 18:25:24,2340,93.84,14.08,0.874
VH-10049,2026-09-08 11:23:55,2670,97.58,14.03,1.398
VH-10049,2026-09-08 13:52:58,2909,90.71,14.05,0.853
VH-10049,2026-09-08 10:09:12,2111,90.36,14.07,1.345
VH-10049,2026-09-08 04:50:39,2491,89.99,14.09,0.796
VH-10049,2026-09-08 15:19:55,2514,88.79,14.16,0.903
VH-10001,2026-09-08 11:20:09,2961,126.43,13.91,1.793
VH-10001,2026-09-08 06:05:04,2517,130.88,14.16,2.929
VH-10001,2026-09-08 05:25:35,2272,124.41,13.62,2.085
VH-10001,2026-09-08 18:53:28,2281,118.33,13.68,2.681
VH-10001,2026-09-08 12:26:26,2166,94.3,14.44,0.695
VH-10001,2026-09-08 05:22:13,2896,90.66,14.1,1.431
VH-10044,2026-09-08 16:26:46,3511,120.43,13.44,2.159
VH-10044,2026-09-08 08:41:34,3084,120.94,13.69,2.468
VH-10044,2026-09-08 14:12:06,2009,118.63,13.38,2.079
VH-10044,2026-09-08 06:34:07,3073,125.76,13.49,3.287
VH-10044,2026-09-08 11:25:36,2940,120.64,13.69,2.605
VH-10044,2026-09-08 17:01:06,3728,118.91,13.55,3.436
VH-10042,2026-09-08 08:42:06,5913,39.05,14.0,1.953
VH-10042,2026-09-08 10:04:46,5107,38.27,13.72,1.375
VH-10042,2026-09-08 14:21:00,6302,56.13,14.03,0.883
VH-10042,2026-09-08 16:37:07,4386,55.56,13.64,1.222
VH-10042,2026-09-08 13:12:07,2250,38.76,13.94,0.889
VH-10042,2026-09-08 12:45:18,5331,44.24,10.81,1.533
VH-10022,2026-09-08 12:24:35,2683,89.29,14.39,1.668
VH-10022,2026-09-08 16:11:10,1750,94.71,14.06,1.757
VH-10022,2026-09-08 11:32:55,2780,92.29,14.14,1.19
VH-10022,2026-09-08 10:58:01,1747,89.07,14.34,0.891
VH-10022,2026-09-08 12:24:03,1648,94.81,14.33,1.807
VH-10022,2026-09-08 10:46:49,2991,96.02,14.22,0.664
VH-10025,2026-09-08 12:13:17,2676,94.93,14.18,0.951
VH-10025,2026-09-08 10:22:15,2798,93.17,13.87,1.851
VH-10025,2026-09-08 17:24:03,2112,96.04,14.42,0.85
VH-10025,2026-09-08 06:56:08,2686,95.08,13.83,1.333
VH-10025,2026-09-08 17:02:22,2796,94.57,13.91,1.597
VH-10025,2026-09-08 12:17:22,2642,93.44,14.12,1.164
VH-10048,2026-09-08 19:40:53,2922,90.1,14.48,1.233
VH-10048,2026-09-08 04:41:18,2231,94.29,13.82,1.966
VH-10048,2026-09-08 17:35:03,2468,92.44,14.14,1.382
VH-10048,2026-09-08 06:37:10,2302,93.64,14.28,1.775
VH-10048,2026-09-08 14:27:24,1998,96.18,14.0,0.899
VH-10048,2026-09-08 20:00:04,2468,94.96,14.42,1.018
VH-10006,2026-09-08 15:07:39,2393,90.51,13.99,1.181
VH-10006,2026-09-08 16:27:51,2088,89.82,13.98,1.097
VH-10006,2026-09-08 12:36:00,2506,93.0,14.26,0.88
VH-10006,2026-09-08 16:55:07,2877,91.39,14.33,1.038
VH-10006,2026-09-08 06:23:41,2367,89.64,13.95,1.397
VH-10006,2026-09-08 07:49:37,2220,95.28,14.25,1.504
VH-10017,2026-09-08 18:47:14,2162,87.96,13.94,1.821
VH-10017,2026-09-08 04:54:17,3111,96.58,14.08,1.359
VH-10017,2026-09-08 10:47:08,2408,93.68,14.33,1.244
VH-10017,2026-09-08 18:21:13,1879,95.9,13.9,1.53
VH-10017,2026-09-08 09:24:14,3152,94.17,14.2,0.891
VH-10017,2026-09-08 17:36:41,1825,93.0,14.21,0.922
VH-10020,2026-09-08 19:04:47,2014,90.72,14.32,1.575
VH-10020,2026-09-08 15:03:06,2152,95.14,13.99,1.553
VH-10020,2026-09-08 16:16:59,3005,88.07,13.84,1.601
VH-10020,2026-09-08 15:01:59,2584,89.56,14.24,1.35
VH-10020,2026-09-08 09:50:07,1794,95.12,14.12,0.939
VH-10020,2026-09-08 14:17:17,2024,95.53,13.85,1.411
VH-10037,2026-09-08 05:05:48,1691,92.8,14.42,1.839
VH-10037,2026-09-08 12:36:42,2531,91.78,14.32,1.383
VH-10037,2026-09-08 11:25:11,2659,96.49,14.01,0.877
VH-10037,2026-09-08 05:29:29,2870,87.57,13.85,0.789
VH-10037,2026-09-08 12:24:53,2124,91.07,14.37,1.283
VH-10037,2026-09-08 12:50:28,2728,93.59,14.11,0.947
VH-10018,2026-09-08 10:14:13,2361,90.53,14.39,1.798
VH-10018,2026-09-08 08:21:34,2929,89.11,13.9,1.64
VH-10018,2026-09-08 05:13:03,2103,92.76,14.57,0.903
VH-10018,2026-09-08 08:25:33,1723,93.51,14.14,1.163
VH-10018,2026-09-08 15:47:16,2268,88.86,14.03,1.07
VH-10018,2026-09-08 17:33:44,1713,89.02,14.3,1.844
VH-10046,2026-09-08 15:53:44,2518,91.13,14.19,1.43
VH-10046,2026-09-08 08:52:04,2906,93.25,13.87,1.491
VH-10046,2026-09-08 09:29:54,2655,93.92,14.07,1.28
VH-10046,2026-09-08 14:46:06,2924,92.08,14.17,1.249
VH-10046,2026-09-08 15:11:13,2651,90.4,14.05,1.451
VH-10046,2026-09-08 18:58:17,2293,88.56,14.3,0.881
VH-10033,2026-09-08 15:21:12,3087,97.42,14.19,5.466
VH-10033,2026-09-08 14:35:39,3060,97.17,14.02,6.535
VH-10033,2026-09-08 15:06:43,2616,99.53,14.1,6.738
VH-10033,2026-09-08 14:53:39,4160,97.78,14.18,8.723
VH-10033,2026-09-08 15:53:07,4050,94.35,13.93,7.941
VH-10033,2026-09-08 12:04:49,3300,96.07,13.81,7.839
VH-10010,2026-09-08 14:10:04,3009,94.92,14.24,1.01
VH-10010,2026-09-08 08:46:54,2463,93.05,14.06,1.12
VH-10010,2026-09-08 10:23:39,2139,91.93,14.22,1.301
VH-10010,2026-09-08 09:05:20,2413,92.24,14.47,1.883
VH-10010,2026-09-08 10:51:17,2904,94.33,13.9,1.206
VH-10010,2026-09-08 15:56:50,2344,95.37,14.35,2.039
VH-10029,2026-09-08 10:47:34,2947,91.82,14.3,1.751
VH-10029,2026-09-08 16:22:11,3123,93.66,13.81,0.999
VH-10029,2026-09-08 06:58:09,2565,93.49,14.3,0.719
VH-10029,2026-09-08 17:09:35,3194,94.25,14.31,0.785
VH-10029,2026-09-08 16:15:54,2609,112.38,13.91,2.003
VH-10029,2026-09-08 05:44:36,2504,120.59,13.68,3.025
VH-10032,2026-09-09 17:01:29,1904,92.43,14.09,1.082
VH-10032,2026-09-09 10:22:42,2489,90.9,13.99,1.71
VH-10032,2026-09-09 20:03:03,2158,92.94,13.83,1.393
VH-10032,2026-09-09 12:59:03,2765,92.58,14.14,0.803
VH-10032,2026-09-09 08:46:50,1912,91.55,14.34,1.424
VH-10032,2026-09-09 16:52:00,2395,89.85,14.37,1.719
VH-10038,2026-09-09 10:27:19,3310,125.95,13.63,2.769
VH-10038,2026-09-09 19:42:22,2045,119.86,13.7,2.576
VH-10038,2026-09-09 06:47:43,2447,92.26,13.98,1.722
VH-10038,2026-09-09 06:33:27,2271,92.31,14.34,1.836
VH-10038,2026-09-09 16:27:02,2389,92.17,13.96,1.541
VH-10038,2026-09-09 17:14:58,2469,89.34,13.98,1.274
VH-10003,2026-09-09 18:36:34,2122,97.0,13.97,1.502
VH-10003,2026-09-09 08:39:54,2507,88.98,14.2,1.493
VH-10003,2026-09-09 07:10:44,2946,87.03,13.97,1.351
VH-10003,2026-09-09 14:37:45,2138,96.89,14.4,1.881
VH-10003,2026-09-09 18:00:56,1981,93.5,14.19,1.365
VH-10003,2026-09-09 07:34:36,3123,95.79,14.08,0.767
VH-10012,2026-09-09 09:12:16,2315,93.39,14.38,1.74
VH-10012,2026-09-09 16:13:49,1895,115.35,13.49,2.484
VH-10012,2026-09-09 10:36:30,1875,125.97,13.8,3.086
VH-10012,2026-09-09 05:12:59,2346,125.07,14.07,2.745
VH-10012,2026-09-09 11:26:40,2170,113.05,13.77,3.416
VH-10012,2026-09-09 18:52:26,2067,124.84,13.77,2.449
VH-10001,2026-09-09 17:56:32,2457,93.79,13.98,1.329
VH-10001,2026-09-09 06:17:26,2568,92.87,13.79,1.777
VH-10001,2026-09-09 18:09:42,2785,86.77,14.03,0.933
VH-10001,2026-09-09 07:28:35,3009,92.57,14.42,1.856
VH-10001,2026-09-09 12:22:55,1634,94.11,14.13,1.567
VH-10001,2026-09-09 17:55:41,2505,93.63,13.88,1.521
VH-10043,2026-09-09 09:59:54,3135,91.88,13.93,1.534
VH-10043,2026-09-09 05:53:15,2936,95.51,14.13,0.885
VH-10043,2026-09-09 11:46:29,2347,94.96,13.84,1.199
VH-10043,2026-09-09 16:18:30,3034,96.61,13.74,1.787
VH-10043,2026-09-09 12:48:39,1667,91.66,14.08,1.5
VH-10043,2026-09-09 05:42:03,3041,94.48,14.31,1.538
VH-10045,2026-09-09 19:39:39,5916,43.1,13.93,1.177
VH-10045,2026-09-09 08:05:58,6110,38.48,14.06,0.758
VH-10045,2026-09-09 07:23:35,5990,39.35,14.23,0.769
VH-10045,2026-09-09 19:35:44,3611,50.46,13.71,1.349
VH-10045,2026-09-09 16:26:20,4236,44.99,14.21,1.376
VH-10045,2026-09-09 17:29:34,2973,51.99,10.06,1.669
VH-10016,2026-09-09 10:02:18,1927,92.69,14.35,1.97
VH-10016,2026-09-09 06:41:46,1640,95.7,13.78,1.586
VH-10016,2026-09-09 07:11:28,1607,93.19,13.8,1.082
VH-10016,2026-09-09 17:16:21,2305,95.77,14.32,1.479
VH-10016,2026-09-09 20:24:14,2974,91.66,14.07,0.977
VH-10016,2026-09-09 15:01:52,3105,94.67,14.08,1.295
VH-10035,2026-09-09 15:58:55,3004,87.53,14.32,1.135
VH-10035,2026-09-09 07:47:34,3093,95.96,14.48,1.62
VH-10035,2026-09-09 09:56:13,2330,90.18,14.14,1.112
VH-10035,2026-09-09 10:57:45,1867,94.13,14.28,1.187
VH-10035,2026-09-09 19:12:26,2857,96.22,14.19,1.808
VH-10035,2026-09-09 15:58:49,2561,92.64,13.83,0.759
VH-10036,2026-09-09 17:31:27,2783,89.51,14.1,1.521
VH-10036,2026-09-09 10:47:34,1676,89.88,13.81,1.502
VH-10036,2026-09-09 17:07:19,3111,93.44,14.09,0.967
VH-10036,2026-09-09 09:37:19,2166,94.47,14.31,1.058
VH-10036,2026-09-09 17:12:05,2003,90.82,13.97,1.061
VH-10036,2026-09-09 11:39:39,2645,90.81,14.44,0.852
VH-10029,2026-09-09 18:58:04,3690,121.84,13.44,2.534
VH-10029,2026-09-09 07:03:30,2380,114.03,13.59,2.178
VH-10029,2026-09-09 06:38:55,2276,93.61,13.86,1.171
VH-10029,2026-09-09 13:06:13,1985,91.8,14.42,1.004
VH-10029,2026-09-09 12:46:23,2433,94.2,14.48,1.639
VH-10029,2026-09-09 14:35:36,2157,89.28,14.49,1.238
VH-10034,2026-09-09 06:35:30,2596,93.41,14.14,1.079
VH-10034,2026-09-09 08:32:11,2674,95.05,14.19,1.934
VH-10034,2026-09-09 07:47:20,2885,92.31,14.08,1.967
VH-10034,2026-09-09 06:40:16,2622,88.19,14.01,1.439
VH-10034,2026-09-09 17:53:04,3007,88.96,13.91,1.623
VH-10034,2026-09-09 09:35:09,1852,94.51,14.12,0.861
VH-10011,2026-09-09 12:10:29,2623,129.77,13.37,3.09
VH-10011,2026-09-09 13:04:54,2193,128.01,13.42,2.935
VH-10011,2026-09-09 06:02:47,3707,112.2,13.53,1.991
VH-10011,2026-09-09 09:35:09,2345,116.51,13.77,3.304
VH-10011,2026-09-09 15:01:27,3222,120.68,13.84,3.493
VH-10011,2026-09-09 17:59:34,3330,131.36,13.55,2.478
VH-10005,2026-09-09 15:09:18,2854,87.89,13.94,1.185
VH-10005,2026-09-09 14:11:22,2797,94.39,14.26,1.068
VH-10005,2026-09-09 13:06:18,2182,89.92,13.96,1.596
VH-10005,2026-09-09 11:11:18,1944,92.7,14.04,1.512
VH-10005,2026-09-09 18:54:07,1705,92.53,14.19,1.085
VH-10005,2026-09-09 16:59:34,2713,90.38,14.21,1.133
VH-10041,2026-09-09 17:04:07,2842,95.07,14.44,0.905
VH-10041,2026-09-09 14:47:01,1832,91.65,13.87,1.046
VH-10041,2026-09-09 10:40:33,2692,93.28,14.31,1.117
VH-10041,2026-09-09 05:20:19,3087,96.81,14.4,0.975
VH-10041,2026-09-09 12:23:21,2579,118.36,14.01,3.589
VH-10041,2026-09-09 19:04:35,2184,114.05,13.31,3.436
VH-10042,2026-09-09 20:14:56,4994,52.02,11.06,1.033
VH-10042,2026-09-09 20:06:06,2598,38.47,11.32,1.072
VH-10042,2026-09-09 05:35:26,3291,47.34,11.04,1.107
VH-10042,2026-09-09 20:32:20,3823,50.35,10.58,0.851
VH-10042,2026-09-09 14:30:15,5078,51.25,10.87,1.285
VH-10042,2026-09-09 20:28:38,3416,47.4,9.99,0.904
VH-10014,2026-09-09 10:25:10,3217,98.49,14.34,8.021
VH-10014,2026-09-09 19:09:52,3153,97.8,14.09,6.005
VH-10014,2026-09-09 11:57:08,3527,98.59,13.94,5.714
VH-10014,2026-09-09 07:20:38,3651,95.39,13.91,5.539
VH-10014,2026-09-09 19:20:14,3215,92.68,14.08,7.058
VH-10014,2026-09-09 05:20:46,3538,99.99,14.34,5.614
VH-10020,2026-09-09 16:03:35,3042,96.08,13.78,0.74
VH-10020,2026-09-09 15:38:50,2126,91.52,14.41,1.097
VH-10020,2026-09-09 14:40:23,1986,93.39,14.17,1.38
VH-10020,2026-09-09 15:42:09,1803,87.08,14.02,1.27
VH-10020,2026-09-09 17:48:36,3103,91.45,14.29,0.987
VH-10020,2026-09-09 08:43:26,2459,96.26,14.25,1.531
VH-10019,2026-09-09 11:31:03,2043,91.85,14.05,1.05
VH-10019,2026-09-09 11:57:06,2507,92.92,14.46,0.887
VH-10019,2026-09-09 10:02:58,2790,92.74,14.18,1.201
VH-10019,2026-09-09 10:49:17,2695,93.39,14.02,0.932
VH-10019,2026-09-09 13:18:04,2185,117.44,13.33,3.224
VH-10019,2026-09-09 05:42:15,3054,119.02,13.63,2.503
VH-10031,2026-09-09 17:38:38,2563,91.41,14.1,1.48
VH-10031,2026-09-09 20:30:09,2029,94.07,14.48,0.936
VH-10031,2026-09-09 10:53:30,1688,89.86,13.99,0.55
VH-10031,2026-09-09 05:14:29,1849,89.97,14.01,1.58
VH-10031,2026-09-09 20:22:20,1861,94.57,14.36,1.125
VH-10031,2026-09-09 07:05:35,1757,94.84,14.46,1.437
VH-10015,2026-09-09 19:05:38,3466,96.76,14.35,7.01
VH-10015,2026-09-09 06:43:01,2036,92.13,13.89,1.886
VH-10015,2026-09-09 09:36:28,2060,87.93,14.14,1.351
VH-10015,2026-09-09 07:15:58,3083,90.69,13.92,1.598
VH-10015,2026-09-09 17:23:30,1682,91.55,14.32,0.873
VH-10015,2026-09-09 11:32:47,2704,92.09,13.95,1.07
VH-10017,2026-09-09 14:12:23,2795,88.84,14.03,1.234
VH-10017,2026-09-09 15:28:37,1617,89.84,13.96,1.114
VH-10017,2026-09-09 12:45:14,2309,92.02,14.29,1.424
VH-10017,2026-09-09 06:02:59,2657,94.61,14.26,1.264
VH-10017,2026-09-09 10:15:56,1877,94.41,14.19,1.728
VH-10017,2026-09-09 05:33:28,3424,96.77,13.84,4.76
VH-10004,2026-09-09 18:57:53,3018,89.73,14.55,1.097
VH-10004,2026-09-09 18:00:41,2456,89.0,13.95,1.968
VH-10004,2026-09-09 19:37:55,2723,93.24,13.9,1.619
VH-10004,2026-09-09 04:48:26,2548,93.5,14.34,1.457
VH-10004,2026-09-09 08:54:04,2466,94.37,14.31,1.475
VH-10004,2026-09-09 06:22:24,1716,88.94,14.42,1.377
VH-10025,2026-09-09 08:50:36,1929,89.19,13.99,1.781
VH-10025,2026-09-09 05:39:43,2190,91.69,14.06,1.803
VH-10025,2026-09-09 08:07:01,2549,89.64,13.82,1.52
VH-10025,2026-09-09 18:51:23,1916,90.37,14.22,1.648
VH-10025,2026-09-09 14:47:35,1787,93.76,14.2,0.781
VH-10025,2026-09-09 06:41:48,1655,91.98,13.94,0.838
VH-10027,2026-09-09 10:38:01,1863,88.49,14.55,1.232
VH-10027,2026-09-09 19:15:26,2348,94.14,14.16,1.299
VH-10027,2026-09-09 17:40:54,3165,94.04,14.25,1.193
VH-10027,2026-09-09 13:29:03,2029,91.88,14.21,1.731
VH-10027,2026-09-09 15:37:45,2853,91.25,14.45,0.909
VH-10027,2026-09-09 16:09:34,2312,93.17,14.3,1.982
VH-10039,2026-09-09 10:06:44,1661,89.35,14.4,1.378
VH-10039,2026-09-09 07:11:54,2891,95.83,14.43,1.353
VH-10039,2026-09-09 15:45:28,2569,93.62,14.16,0.946
VH-10039,2026-09-09 11:36:30,1708,89.95,13.98,1.32
VH-10039,2026-09-09 17:42:58,2345,95.03,14.42,1.454
VH-10039,2026-09-09 16:31:52,2937,93.36,13.98,0.738
VH-10030,2026-09-09 18:45:06,2560,120.88,14.15,2.912
VH-10030,2026-09-09 11:44:04,3163,116.53,13.74,3.298
VH-10030,2026-09-09 08:19:41,2597,113.53,13.99,3.507
VH-10030,2026-09-09 13:49:54,3178,117.59,13.98,2.587
VH-10030,2026-09-09 09:18:10,2588,127.8,13.91,2.417
VH-10030,2026-09-09 14:12:55,3132,95.26,14.28,0.947
VH-10026,2026-09-09 19:20:23,2609,94.48,13.92,1.665
VH-10026,2026-09-09 11:43:05,2998,92.12,13.83,1.067
VH-10026,2026-09-09 09:04:35,2436,96.18,14.16,0.673
VH-10026,2026-09-09 16:55:53,1765,91.16,14.22,1.23
VH-10026,2026-09-09 09:20:06,2689,94.52,14.0,1.194
VH-10026,2026-09-09 15:45:01,2677,97.58,14.39,1.227
VH-10013,2026-09-09 12:45:24,2251,94.96,14.13,1.556
VH-10013,2026-09-09 09:19:39,2042,91.64,14.45,1.196
VH-10013,2026-09-09 04:42:35,1738,92.83,11.05,1.389
VH-10013,2026-09-09 17:30:47,2964,94.01,11.37,1.719
VH-10013,2026-09-09 06:58:08,2330,90.72,10.81,0.729
VH-10013,2026-09-09 10:38:46,2528,89.58,10.66,1.325
VH-10008,2026-09-09 11:27:25,3443,97.52,14.3,8.406
VH-10008,2026-09-09 12:39:58,3101,94.78,13.83,7.956
VH-10008,2026-09-09 16:12:51,3486,90.29,13.89,6.687
VH-10008,2026-09-09 09:35:46,3875,98.04,13.85,6.71
VH-10008,2026-09-09 12:56:22,2102,92.72,14.1,0.973
VH-10008,2026-09-09 07:26:31,3196,94.88,14.15,1.234
VH-10009,2026-09-09 04:46:21,3532,56.3,13.62,3.319
VH-10009,2026-09-09 13:38:40,4567,57.43,13.6,2.374
VH-10009,2026-09-09 18:05:52,4736,77.6,13.49,1.864
VH-10009,2026-09-09 15:10:59,2584,77.43,13.07,2.728
VH-10009,2026-09-09 14:17:36,2811,65.79,13.59,3.517
VH-10009,2026-09-09 05:54:01,3351,49.72,13.87,1.573
VH-10037,2026-09-09 16:43:17,2390,91.63,14.07,1.278
VH-10037,2026-09-09 08:02:01,3064,92.63,14.09,1.121
VH-10037,2026-09-09 18:10:43,3026,95.25,14.45,1.565
VH-10037,2026-09-09 06:37:36,2494,93.49,13.94,1.284
VH-10037,2026-09-09 19:08:50,2043,91.11,13.8,1.985
VH-10037,2026-09-09 18:21:28,2972,92.19,14.37,1.987
VH-10046,2026-09-09 04:51:39,3314,121.87,13.68,2.676
VH-10046,2026-09-09 10:02:08,3625,132.7,13.31,1.864
VH-10046,2026-09-09 10:04:24,2595,130.25,13.28,2.117
VH-10046,2026-09-09 11:34:12,3231,124.61,13.83,2.384
VH-10046,2026-09-09 13:45:32,3388,125.23,13.26,2.605
VH-10046,2026-09-09 20:25:45,2338,114.96,13.6,2.644
VH-10021,2026-09-09 12:26:51,2939,90.58,14.21,1.164
VH-10021,2026-09-09 19:29:57,1656,92.48,14.26,1.157
VH-10021,2026-09-09 13:24:26,2511,88.82,13.95,1.136
VH-10021,2026-09-09 14:31:29,2746,92.97,14.21,1.452
VH-10021,2026-09-09 19:01:22,2332,96.55,14.35,1.507
VH-10021,2026-09-09 16:27:43,1849,92.44,13.89,1.178
VH-10010,2026-09-09 16:30:25,2113,89.02,14.27,1.408
VH-10010,2026-09-09 09:39:51,2019,95.01,14.31,1.552
VH-10010,2026-09-09 09:41:31,1648,89.63,14.16,0.983
VH-10010,2026-09-09 14:19:28,2129,96.67,13.93,1.414
VH-10010,2026-09-09 12:41:57,2931,93.53,14.11,0.942
VH-10010,2026-09-09 07:31:17,3112,92.2,14.21,1.414
VH-10033,2026-09-09 17:33:34,3373,97.68,14.03,5.335
VH-10033,2026-09-09 15:42:11,3470,95.93,14.36,6.378
VH-10033,2026-09-09 15:33:22,2650,96.08,13.84,6.947
VH-10033,2026-09-09 19:43:40,3305,94.12,13.97,5.831
VH-10033,2026-09-09 06:01:07,3781,94.08,14.3,6.441
VH-10033,2026-09-09 12:36:14,2378,96.26,13.84,0.975
VH-10047,2026-09-09 10:26:06,1779,91.54,11.6,0.798
VH-10047,2026-09-09 11:50:03,1640,96.72,13.84,0.634
VH-10047,2026-09-09 15:50:43,2302,91.7,13.94,0.843
VH-10047,2026-09-09 14:38:28,2846,93.5,13.92,1.037
VH-10047,2026-09-09 19:11:07,2931,91.36,14.23,0.797
VH-10047,2026-09-09 18:32:50,2106,94.25,13.99,1.78
VH-10002,2026-09-09 18:16:27,2137,128.71,13.56,2.624
VH-10002,2026-09-09 08:24:03,3629,122.31,13.57,2.952
VH-10002,2026-09-09 10:11:23,2873,116.89,13.67,3.261
VH-10002,2026-09-09 20:11:40,2215,127.43,13.9,3.651
VH-10002,2026-09-09 09:16:10,2612,95.76,14.25,0.992
VH-10002,2026-09-09 09:27:11,2952,92.85,14.0,0.96
VH-10048,2026-09-09 06:14:28,3097,96.32,13.88,1.18
VH-10048,2026-09-09 08:36:17,2470,90.51,14.28,0.778
VH-10048,2026-09-09 08:52:23,2384,90.87,13.85,1.119
VH-10048,2026-09-09 19:54:31,2819,93.51,14.25,0.643
VH-10048,2026-09-09 14:07:30,2309,90.24,14.05,0.885
VH-10048,2026-09-09 11:45:43,2796,93.25,14.27,1.304
VH-10050,2026-09-09 14:34:01,1649,96.1,13.76,1.371
VH-10050,2026-09-09 12:33:19,2601,91.54,14.16,1.237
VH-10050,2026-09-09 18:42:39,2061,90.21,14.17,1.609
VH-10050,2026-09-09 17:00:38,2999,91.08,13.87,1.482
VH-10050,2026-09-09 19:19:14,1741,92.36,14.51,0.719
VH-10050,2026-09-09 12:10:14,2567,93.7,14.24,1.66
VH-10023,2026-09-09 14:25:39,2040,92.6,14.46,1.009
VH-10023,2026-09-09 12:03:09,2829,88.23,14.5,1.063
VH-10023,2026-09-09 19:17:09,2189,94.39,13.95,1.805
VH-10023,2026-09-09 06:28:10,2938,92.29,13.98,0.723
VH-10023,2026-09-09 16:51:07,2146,91.54,14.07,0.886
VH-10023,2026-09-09 06:50:20,3156,95.97,14.17,1.655
VH-10026,2026-09-10 19:15:12,2161,95.42,14.33,0.919
VH-10026,2026-09-10 18:29:06,3179,87.72,13.91,1.108
VH-10026,2026-09-10 10:54:59,2654,91.18,14.34,1.621
VH-10026,2026-09-10 16:32:48,2443,89.29,14.45,1.557
VH-10026,2026-09-10 19:21:31,2766,95.48,14.17,1.349
VH-10026,2026-09-10 10:30:19,3099,90.84,14.16,1.609
VH-10046,2026-09-10 08:48:42,2769,128.15,13.68,2.072
VH-10046,2026-09-10 19:36:45,2020,119.84,13.89,2.788
VH-10046,2026-09-10 16:14:59,2414,113.24,13.93,1.755
VH-10046,2026-09-10 14:10:36,2413,124.64,13.38,2.846
VH-10046,2026-09-10 06:32:45,3013,117.6,13.57,3.56
VH-10046,2026-09-10 04:37:39,2635,89.12,14.06,1.318
VH-10033,2026-09-10 12:02:10,1609,93.75,14.19,1.28
VH-10033,2026-09-10 16:31:57,2786,90.3,11.23,1.17
VH-10033,2026-09-10 16:58:47,3137,93.52,10.61,1.704
VH-10033,2026-09-10 10:05:26,2894,98.17,11.28,1.67
VH-10033,2026-09-10 10:04:14,3090,94.82,10.23,0.912
VH-10033,2026-09-10 13:31:07,2481,94.02,10.34,1.089
VH-10016,2026-09-10 16:39:45,2375,95.38,14.16,1.425
VH-10016,2026-09-10 20:13:21,2113,93.97,14.5,1.877
VH-10016,2026-09-10 15:39:44,2873,94.49,14.03,1.02
VH-10016,2026-09-10 12:18:52,1807,92.88,14.08,0.868
VH-10016,2026-09-10 07:25:19,2016,91.32,14.29,1.842
VH-10016,2026-09-10 04:40:00,1923,88.53,14.33,0.768
VH-10021,2026-09-10 04:34:51,2787,87.98,14.04,0.778
VH-10021,2026-09-10 11:17:15,1609,91.41,13.88,0.959
VH-10021,2026-09-10 18:04:22,1830,90.93,13.98,0.852
VH-10021,2026-09-10 19:05:51,2778,94.5,13.91,1.588
VH-10021,2026-09-10 07:03:35,2035,94.15,13.88,1.319
VH-10021,2026-09-10 19:41:34,2240,89.18,14.14,1.292
VH-10011,2026-09-10 18:34:19,2815,124.31,14.16,2.829
VH-10011,2026-09-10 05:30:06,2974,125.69,13.65,2.477
VH-10011,2026-09-10 07:58:53,3286,120.88,13.72,2.267
VH-10011,2026-09-10 11:42:54,3382,116.92,13.45,2.056
VH-10011,2026-09-10 09:39:25,2298,114.01,13.5,2.924
VH-10011,2026-09-10 10:30:35,2611,93.34,13.91,1.39
VH-10030,2026-09-10 18:33:40,3119,90.82,14.24,1.715
VH-10030,2026-09-10 17:29:27,2485,90.18,14.34,0.73
VH-10030,2026-09-10 14:47:52,2179,94.34,13.86,1.761
VH-10030,2026-09-10 06:16:32,1605,91.68,11.47,0.88
VH-10030,2026-09-10 18:37:25,3200,92.43,11.12,1.197
VH-10030,2026-09-10 11:35:52,2520,90.84,10.72,1.614
VH-10048,2026-09-10 14:54:56,1772,92.72,14.09,0.805
VH-10048,2026-09-10 09:09:22,1841,93.31,14.06,1.136
VH-10048,2026-09-10 07:26:23,2474,93.92,14.4,1.107
VH-10048,2026-09-10 04:45:30,2244,89.93,14.36,1.439
VH-10048,2026-09-10 07:20:16,2968,92.65,14.19,1.989
VH-10048,2026-09-10 16:46:51,1934,93.85,14.39,1.082
VH-10004,2026-09-10 14:14:30,1764,94.44,14.04,1.286
VH-10004,2026-09-10 13:27:09,2433,91.96,14.14,1.441
VH-10004,2026-09-10 08:51:47,1659,87.6,13.85,0.834
VH-10004,2026-09-10 20:29:40,1682,87.55,14.0,0.901
VH-10004,2026-09-10 11:53:39,1932,90.69,14.14,1.163
VH-10004,2026-09-10 16:14:48,1973,93.5,14.12,1.362
VH-10041,2026-09-10 10:03:21,3426,125.91,13.98,2.695
VH-10041,2026-09-10 04:44:55,2662,117.29,13.92,2.766
VH-10041,2026-09-10 14:23:35,2671,116.74,13.67,3.257
VH-10041,2026-09-10 17:24:54,2723,122.24,13.48,2.153
VH-10041,2026-09-10 09:04:26,2483,131.21,13.74,3.297
VH-10041,2026-09-10 06:28:17,2994,113.49,13.4,2.486
VH-10043,2026-09-10 17:18:23,3011,95.12,13.86,1.895
VH-10043,2026-09-10 17:46:07,2346,91.45,14.08,1.163
VH-10043,2026-09-10 13:47:28,1901,90.29,13.84,1.369
VH-10043,2026-09-10 15:04:52,3167,94.05,14.34,1.469
VH-10043,2026-09-10 16:49:43,2351,90.28,14.16,0.881
VH-10043,2026-09-10 10:31:27,2190,89.47,14.13,1.415
VH-10029,2026-09-10 14:47:52,2866,92.72,14.03,1.461
VH-10029,2026-09-10 04:37:40,1844,91.38,14.36,1.355
VH-10029,2026-09-10 10:32:54,1699,89.82,14.08,1.576
VH-10029,2026-09-10 06:35:57,1887,89.34,14.43,1.814
VH-10029,2026-09-10 16:44:30,1697,96.61,14.09,1.723
VH-10029,2026-09-10 16:41:57,2646,99.52,14.35,8.064
VH-10035,2026-09-10 07:08:09,3033,91.8,14.16,0.729
VH-10035,2026-09-10 16:11:11,1937,89.33,13.8,2.045
VH-10035,2026-09-10 05:46:09,1938,93.73,14.48,1.351
VH-10035,2026-09-10 12:14:19,1953,89.6,14.12,0.736
VH-10035,2026-09-10 15:37:05,2409,95.24,14.21,1.833
VH-10035,2026-09-10 09:37:10,1738,89.69,13.87,1.034
VH-10049,2026-09-10 19:44:26,2692,95.86,13.79,1.93
VH-10049,2026-09-10 15:21:49,2828,91.13,14.35,1.602
VH-10049,2026-09-10 20:18:59,1949,92.92,13.86,1.256
VH-10049,2026-09-10 10:58:39,2560,91.05,14.26,0.909
VH-10049,2026-09-10 07:54:11,2070,93.89,14.51,1.312
VH-10049,2026-09-10 16:23:46,2867,94.55,14.06,1.467
VH-10031,2026-09-10 19:33:09,2595,89.31,13.9,0.753
VH-10031,2026-09-10 10:16:19,2942,91.53,14.02,0.698
VH-10031,2026-09-10 13:37:43,2842,92.74,14.13,1.231
VH-10031,2026-09-10 20:23:40,2809,90.61,14.4,1.476
VH-10031,2026-09-10 15:04:08,2116,93.53,14.37,1.465
VH-10031,2026-09-10 09:44:32,3124,92.98,14.07,1.045
VH-10007,2026-09-10 20:25:31,1923,93.93,14.14,1.541
VH-10007,2026-09-10 17:55:07,2878,93.0,14.02,1.487
VH-10007,2026-09-10 06:26:25,2295,89.57,13.99,0.85
VH-10007,2026-09-10 06:42:29,2755,95.35,14.14,0.887
VH-10007,2026-09-10 11:17:49,2368,93.6,13.99,1.538
VH-10007,2026-09-10 09:35:28,2325,88.55,14.06,0.805
VH-10042,2026-09-10 20:07:42,3047,45.63,14.11,1.662
VH-10042,2026-09-10 11:16:24,1836,40.92,14.17,1.577
VH-10042,2026-09-10 05:49:23,3395,35.03,14.18,0.946
VH-10042,2026-09-10 17:37:53,1630,47.76,14.22,0.62
VH-10042,2026-09-10 10:18:09,6254,40.84,13.87,1.767
VH-10042,2026-09-10 19:03:26,4302,50.02,13.87,1.285
VH-10014,2026-09-10 10:51:08,2632,88.26,14.01,1.816
VH-10014,2026-09-10 07:41:08,2381,92.32,14.06,1.218
VH-10014,2026-09-10 08:46:55,2936,96.68,13.77,1.389
VH-10014,2026-09-10 14:55:58,2551,87.17,14.16,0.526
VH-10014,2026-09-10 18:52:56,2894,97.34,14.29,0.905
VH-10014,2026-09-10 17:52:46,3104,97.49,14.36,1.225
VH-10013,2026-09-10 05:45:48,2177,91.02,10.42,1.608
VH-10013,2026-09-10 05:44:25,3116,93.41,10.63,1.258
VH-10013,2026-09-10 07:44:34,2718,89.9,14.13,1.881
VH-10013,2026-09-10 14:27:49,1769,89.81,14.35,1.479
VH-10013,2026-09-10 15:28:03,2200,94.99,14.21,1.347
VH-10013,2026-09-10 12:38:34,1919,95.64,14.39,1.476
VH-10018,2026-09-10 20:30:11,2628,92.42,14.17,1.606
VH-10018,2026-09-10 13:58:39,3133,95.68,14.34,1.228
VH-10018,2026-09-10 06:21:19,3028,86.99,14.32,1.196
VH-10018,2026-09-10 19:49:28,2467,87.62,13.94,1.328
VH-10018,2026-09-10 09:25:54,2389,94.2,14.01,1.18
VH-10018,2026-09-10 11:29:19,3145,92.92,14.4,1.392
VH-10025,2026-09-10 18:33:07,2640,89.49,14.02,1.223
VH-10025,2026-09-10 17:40:06,2746,96.37,14.36,1.952
VH-10025,2026-09-10 16:50:37,2299,92.5,14.18,0.667
VH-10025,2026-09-10 11:11:32,1984,88.26,13.9,1.106
VH-10025,2026-09-10 16:38:48,1897,94.59,14.23,1.403
VH-10025,2026-09-10 17:11:42,2676,92.48,14.27,1.157
VH-10012,2026-09-10 18:33:25,2118,123.54,13.67,2.719
VH-10012,2026-09-10 09:45:59,2513,116.91,13.66,2.152
VH-10012,2026-09-10 13:59:48,3656,131.64,13.42,2.728
VH-10012,2026-09-10 17:49:40,3395,119.44,14.1,3.002
VH-10012,2026-09-10 09:46:11,2897,122.77,13.67,2.275
VH-10012,2026-09-10 13:45:00,3049,117.53,13.74,2.496
VH-10038,2026-09-10 11:28:58,2016,88.48,14.36,0.992
VH-10038,2026-09-10 16:47:58,1860,93.41,13.87,1.133
VH-10038,2026-09-10 08:34:26,2706,88.88,14.42,1.607
VH-10038,2026-09-10 17:42:53,2285,88.32,14.12,1.559
VH-10038,2026-09-10 10:06:59,2592,95.09,13.85,1.73
VH-10038,2026-09-10 17:15:57,2222,90.9,14.29,1.378
VH-10002,2026-09-10 12:55:11,3000,92.75,13.81,1.187
VH-10002,2026-09-10 12:05:34,2896,92.71,14.31,0.988
VH-10002,2026-09-10 09:28:55,3010,91.35,13.99,1.011
VH-10002,2026-09-10 11:37:34,2531,93.4,14.21,0.739
VH-10002,2026-09-10 14:29:05,2709,93.86,14.29,0.795
VH-10002,2026-09-10 10:32:11,1751,90.86,13.95,1.058
VH-10001,2026-09-10 17:20:16,2320,93.18,14.25,0.718
VH-10001,2026-09-10 16:41:04,2271,94.6,14.39,1.598
VH-10001,2026-09-10 14:10:05,3194,89.77,14.36,1.548
VH-10001,2026-09-10 18:29:36,2086,96.04,14.03,1.349
VH-10001,2026-09-10 06:20:08,1785,94.69,14.21,1.363
VH-10001,2026-09-10 11:10:55,3118,94.84,13.98,1.933
VH-10027,2026-09-10 08:12:00,1915,93.56,13.82,1.036
VH-10027,2026-09-10 06:19:44,1685,94.95,14.23,0.952
VH-10027,2026-09-10 11:09:46,1736,89.26,14.41,1.35
VH-10027,2026-09-10 12:02:21,2008,93.44,14.13,1.539
VH-10027,2026-09-10 18:04:11,1806,93.44,14.22,1.285
VH-10027,2026-09-10 11:11:37,1669,91.14,13.96,1.121
VH-10019,2026-09-10 05:11:58,2881,119.75,13.47,3.111
VH-10019,2026-09-10 06:22:33,3028,131.04,13.77,1.769
VH-10019,2026-09-10 10:02:04,2683,118.17,13.49,2.834
VH-10019,2026-09-10 05:53:11,2224,125.19,13.52,2.433
VH-10019,2026-09-10 04:39:09,3252,121.49,13.98,2.966
VH-10019,2026-09-10 17:03:09,3557,118.77,13.68,2.626
VH-10044,2026-09-10 06:09:49,2558,125.87,13.47,2.817
VH-10044,2026-09-10 08:40:23,2162,122.27,13.36,2.472
VH-10044,2026-09-10 06:40:16,2793,92.8,14.04,1.178
VH-10044,2026-09-10 10:16:47,1971,91.88,13.98,1.529
VH-10044,2026-09-10 08:49:46,2516,93.44,14.59,1.122
VH-10044,2026-09-10 10:27:57,2255,96.4,14.45,1.492
VH-10023,2026-09-10 11:10:50,2563,93.24,14.22,0.826
VH-10023,2026-09-10 08:06:23,1929,94.21,14.25,0.949
VH-10023,2026-09-10 04:45:35,2096,91.8,14.32,1.059
VH-10023,2026-09-10 14:41:25,1815,88.32,14.23,1.159
VH-10023,2026-09-10 19:05:15,3042,94.88,14.42,1.552
VH-10023,2026-09-10 06:32:20,2509,90.82,14.19,0.63
VH-10040,2026-09-10 04:47:37,5840,43.97,10.87,1.408
VH-10040,2026-09-10 09:58:31,4298,50.04,10.84,0.908
VH-10040,2026-09-10 18:04:27,4477,37.16,11.18,1.048
VH-10040,2026-09-10 16:02:57,3961,56.57,10.76,1.592
VH-10040,2026-09-10 14:42:57,4934,46.34,10.0,1.331
VH-10040,2026-09-10 15:40:59,2343,53.84,11.22,1.176
VH-10028,2026-09-10 15:38:31,2187,93.68,14.19,0.916
VH-10028,2026-09-10 05:12:45,3105,89.08,13.84,1.171
VH-10028,2026-09-10 19:54:43,1705,91.64,14.19,1.665
VH-10028,2026-09-10 11:23:45,2100,89.88,14.38,0.922
VH-10028,2026-09-10 06:55:06,2290,94.51,14.33,1.8
VH-10028,2026-09-10 05:26:51,1940,97.37,14.44,1.502
VH-10005,2026-09-10 17:23:21,3009,92.21,14.3,1.379
VH-10005,2026-09-10 10:31:24,1650,89.15,14.2,1.439
VH-10005,2026-09-10 10:00:44,1987,96.38,14.46,0.716
VH-10005,2026-09-10 10:33:55,2645,96.03,13.82,1.707
VH-10005,2026-09-10 13:29:57,2627,92.34,14.09,0.965
VH-10005,2026-09-10 11:39:27,1704,94.33,14.18,1.0
VH-10045,2026-09-10 18:04:23,4173,51.27,10.84,0.71
VH-10045,2026-09-10 16:57:39,2321,43.72,10.05,1.343
VH-10045,2026-09-10 10:44:00,4503,36.23,10.77,1.635
VH-10045,2026-09-10 16:52:51,3222,41.58,11.37,1.454
VH-10045,2026-09-10 09:47:12,6223,39.0,11.22,1.183
VH-10045,2026-09-10 13:59:40,3248,40.94,10.8,0.923
VH-10017,2026-09-10 16:36:17,2974,93.32,14.04,6.124
VH-10017,2026-09-10 11:19:07,3340,93.63,13.83,6.233
VH-10017,2026-09-10 07:14:16,2922,99.29,13.94,6.054
VH-10017,2026-09-10 07:37:56,3559,92.51,14.05,7.142
VH-10017,2026-09-10 16:27:31,3013,91.9,14.25,5.396
VH-10017,2026-09-10 15:38:59,2604,95.39,14.11,7.704
VH-10037,2026-09-10 18:21:13,1723,89.43,13.94,0.559
VH-10037,2026-09-10 13:13:53,2646,95.65,14.34,1.567
VH-10037,2026-09-10 13:51:15,2452,90.73,14.14,1.564
VH-10037,2026-09-10 09:32:15,1714,96.64,14.48,1.087
VH-10037,2026-09-10 15:51:58,1628,90.24,14.32,1.292
VH-10037,2026-09-10 15:35:21,2949,86.81,14.04,1.745
VH-10036,2026-09-10 13:08:32,2055,92.04,14.3,1.43
VH-10036,2026-09-10 15:50:58,1949,91.58,14.41,1.397
VH-10036,2026-09-10 09:35:03,2639,96.92,14.29,0.834
VH-10036,2026-09-10 15:42:18,2403,92.34,13.9,1.564
VH-10036,2026-09-10 06:28:31,2577,95.02,14.47,0.765
VH-10036,2026-09-10 13:49:14,3009,93.09,13.99,1.515
VH-10008,2026-09-10 09:24:26,2635,97.44,14.17,1.674
VH-10008,2026-09-10 12:04:52,2126,91.13,14.22,0.971
VH-10008,2026-09-10 04:46:25,2670,91.74,14.05,1.02
VH-10008,2026-09-10 06:06:31,2281,96.65,14.41,1.13
VH-10008,2026-09-10 15:11:12,1841,91.55,14.26,1.039
VH-10008,2026-09-10 12:52:27,3014,88.79,14.05,1.006
VH-10047,2026-09-10 04:35:23,2330,90.63,14.39,1.253
VH-10047,2026-09-10 20:22:24,3198,88.74,13.97,1.112
VH-10047,2026-09-10 06:23:29,2562,90.51,13.85,1.373
VH-10047,2026-09-10 11:06:51,1871,93.81,14.2,1.435
VH-10047,2026-09-10 15:41:36,2589,95.95,10.81,1.459
VH-10047,2026-09-10 05:47:53,3116,87.14,10.37,1.217
VH-10006,2026-09-10 13:27:52,2108,89.75,14.24,1.948
VH-10006,2026-09-10 12:22:50,2028,96.25,14.2,1.243
VH-10006,2026-09-10 16:36:44,2308,89.64,14.13,1.467
VH-10006,2026-09-10 04:39:16,2833,91.56,14.35,1.102
VH-10006,2026-09-10 19:28:40,3158,92.67,14.23,1.435
VH-10006,2026-09-10 16:27:01,2288,92.45,14.5,0.772
VH-10024,2026-09-10 11:23:54,4310,46.07,14.26,0.99
VH-10024,2026-09-10 06:08:06,3903,52.8,14.05,1.366
VH-10024,2026-09-10 10:36:41,2823,52.38,14.18,1.28
VH-10024,2026-09-10 07:17:57,6220,45.9,13.86,1.211
VH-10024,2026-09-10 06:41:13,4218,43.87,14.11,1.756
VH-10024,2026-09-10 16:55:02,2809,47.43,13.72,1.625
VH-10020,2026-09-10 20:22:46,2693,92.59,14.45,0.713
VH-10020,2026-09-10 16:35:51,1804,94.98,14.17,1.696
VH-10020,2026-09-10 11:37:56,2039,91.27,14.12,1.122
VH-10020,2026-09-10 05:06:03,3138,94.7,13.88,1.477
VH-10020,2026-09-10 04:34:14,2156,87.31,14.2,1.449
VH-10020,2026-09-10 06:20:38,3188,87.38,14.28,1.538
VH-10039,2026-09-10 10:20:46,2276,93.21,13.96,1.496
VH-10039,2026-09-10 20:11:03,1905,95.92,14.1,1.721
VH-10039,2026-09-10 18:00:51,2258,96.21,14.22,1.952
VH-10039,2026-09-10 12:16:41,1722,95.82,13.94,1.895
VH-10039,2026-09-10 06:24:38,2614,91.58,14.27,0.768
VH-10039,2026-09-10 14:33:25,2126,90.33,14.27,1.032
VH-10010,2026-09-10 11:31:17,2412,95.99,13.98,0.718
VH-10010,2026-09-10 09:30:39,3047,93.13,14.27,0.988
VH-10010,2026-09-10 13:45:55,2766,93.0,14.41,1.307
VH-10010,2026-09-10 18:03:36,1943,94.5,14.04,0.694
VH-10010,2026-09-10 12:10:15,2232,95.64,13.88,1.172
VH-10010,2026-09-10 19:31:43,2938,88.23,14.09,1.343
VH-10050,2026-09-10 15:36:53,2404,95.97,14.14,0.646
VH-10050,2026-09-10 08:44:01,1713,94.55,14.42,1.066
VH-10050,2026-09-10 04:54:25,1966,91.14,14.2,1.5
VH-10050,2026-09-10 11:55:25,2625,94.79,14.36,1.458
VH-10050,2026-09-10 12:07:13,2527,91.12,14.03,1.295
VH-10050,2026-09-10 16:52:33,2362,89.11,14.06,0.805
VH-10034,2026-09-10 16:05:11,1920,93.34,14.19,1.252
VH-10034,2026-09-10 06:43:00,2979,93.11,14.33,1.651
VH-10034,2026-09-10 15:09:36,2417,90.74,14.06,0.711
VH-10034,2026-09-10 15:39:41,2802,93.74,14.14,1.785
VH-10034,2026-09-10 13:11:32,1953,91.01,14.08,1.607
VH-10034,2026-09-10 05:16:15,2608,90.83,14.02,0.915
VH-10022,2026-09-10 16:38:31,3033,93.47,14.0,1.292
VH-10022,2026-09-10 13:32:07,1680,92.44,14.09,1.924
VH-10022,2026-09-10 10:11:57,2860,92.91,14.13,1.681
VH-10022,2026-09-10 12:03:00,2218,93.48,14.38,1.511
VH-10022,2026-09-10 09:31:36,2598,92.58,14.32,0.671
VH-10022,2026-09-10 04:56:05,2640,87.59,13.99,0.53
VH-10003,2026-09-10 06:10:04,3023,95.59,13.8,1.393
VH-10003,2026-09-10 18:26:02,1677,95.08,14.31,1.707
VH-10003,2026-09-10 14:00:12,2903,90.27,14.54,1.883
VH-10003,2026-09-10 12:43:43,3045,95.01,14.26,1.202
VH-10003,2026-09-10 19:27:02,2642,96.24,14.39,1.089
VH-10003,2026-09-10 09:58:11,1904,87.41,13.96,1.505
VH-10032,2026-09-11 10:00:17,2971,96.16,14.07,1.584
VH-10032,2026-09-11 16:41:43,3008,90.18,14.29,1.393
VH-10032,2026-09-11 15:51:51,2171,95.08,14.27,1.485
VH-10032,2026-09-11 08:11:22,3187,96.71,13.92,7.848
VH-10032,2026-09-11 19:01:55,2815,94.34,14.05,5.821
VH-10032,2026-09-11 12:41:45,2768,96.28,14.16,7.567
VH-10046,2026-09-11 20:27:46,3195,97.36,14.05,1.625
VH-10046,2026-09-11 04:40:06,1765,92.96,13.98,0.652
VH-10046,2026-09-11 17:16:59,2147,91.11,14.46,1.653
VH-10046,2026-09-11 14:18:26,1662,94.89,14.06,0.978
VH-10046,2026-09-11 18:04:05,1702,96.21,14.09,1.358
VH-10046,2026-09-11 09:22:14,1799,89.07,14.38,0.948
VH-10008,2026-09-11 19:28:46,1636,95.33,14.32,1.368
VH-10008,2026-09-11 11:47:06,2178,90.93,13.93,1.282
VH-10008,2026-09-11 16:30:59,2523,94.22,14.08,0.86
VH-10008,2026-09-11 08:17:02,2305,89.84,13.89,1.536
VH-10008,2026-09-11 16:46:44,2411,93.96,14.11,1.502
VH-10008,2026-09-11 05:22:58,2184,93.29,14.47,1.312
VH-10027,2026-09-11 14:02:59,2385,93.5,14.32,1.582
VH-10027,2026-09-11 09:15:51,2249,91.31,13.94,1.258
VH-10027,2026-09-11 14:00:58,2920,93.6,14.27,0.969
VH-10027,2026-09-11 11:19:37,1760,96.0,14.46,1.022
VH-10027,2026-09-11 09:19:15,2747,91.4,14.25,0.778
VH-10027,2026-09-11 13:03:24,2769,93.08,14.12,1.158
VH-10026,2026-09-11 15:53:00,2874,96.0,14.27,1.443
VH-10026,2026-09-11 08:35:13,2920,88.38,14.32,0.811
VH-10026,2026-09-11 18:12:14,2254,87.56,14.25,1.528
VH-10026,2026-09-11 06:10:55,1801,91.61,14.32,1.591
VH-10026,2026-09-11 13:14:33,2590,95.39,14.07,1.545
VH-10026,2026-09-11 17:01:33,1863,91.61,14.49,0.776
VH-10023,2026-09-11 08:11:40,2279,87.91,14.32,1.569
VH-10023,2026-09-11 12:01:40,2516,95.1,14.23,0.799
VH-10023,2026-09-11 15:09:05,1698,90.42,13.87,0.876
VH-10023,2026-09-11 05:05:09,2889,93.77,14.31,1.497
VH-10023,2026-09-11 06:05:04,2407,92.31,14.37,1.09
VH-10023,2026-09-11 09:25:05,3135,88.24,13.84,1.724
VH-10050,2026-09-11 12:24:58,1914,92.25,13.99,1.881
VH-10050,2026-09-11 15:54:45,3107,93.65,14.28,1.232
VH-10050,2026-09-11 06:16:42,3010,91.24,14.14,1.756
VH-10050,2026-09-11 06:45:54,2133,93.67,14.28,1.287
VH-10050,2026-09-11 16:46:06,2503,91.2,14.35,1.073
VH-10050,2026-09-11 07:14:49,2405,93.83,14.06,1.794
VH-10033,2026-09-11 08:24:14,2334,93.98,11.37,0.762
VH-10033,2026-09-11 06:29:30,2626,90.69,11.41,1.419
VH-10033,2026-09-11 11:30:10,3008,94.99,10.89,1.793
VH-10033,2026-09-11 16:33:21,2588,96.35,10.85,1.542
VH-10033,2026-09-11 17:02:40,2560,94.15,14.12,0.846
VH-10033,2026-09-11 06:45:55,2839,90.71,14.37,1.615
VH-10041,2026-09-11 19:34:14,3253,123.88,13.36,2.901
VH-10041,2026-09-11 11:05:03,2136,92.52,14.05,0.918
VH-10041,2026-09-11 16:05:41,1877,93.04,14.48,1.266
VH-10041,2026-09-11 16:24:37,2568,91.94,14.34,1.011
VH-10041,2026-09-11 15:58:07,2719,92.54,14.13,0.531
VH-10041,2026-09-11 09:23:20,3061,89.17,14.3,1.804
VH-10007,2026-09-11 19:40:34,1997,90.36,14.53,1.419
VH-10007,2026-09-11 14:28:58,2444,91.11,14.19,0.66
VH-10007,2026-09-11 05:33:18,2323,95.58,13.87,1.303
VH-10007,2026-09-11 14:27:10,3136,88.98,14.2,1.102
VH-10007,2026-09-11 05:10:08,2993,96.47,14.07,1.259
VH-10007,2026-09-11 11:02:45,3094,92.23,14.15,0.908
VH-10014,2026-09-11 14:50:10,2215,94.47,14.03,1.794
VH-10014,2026-09-11 08:44:01,3018,92.1,14.26,1.052
VH-10014,2026-09-11 11:05:29,2908,91.62,13.92,1.145
VH-10014,2026-09-11 04:55:09,2117,91.96,14.42,0.811
VH-10014,2026-09-11 10:12:15,2803,91.72,14.01,1.943
VH-10014,2026-09-11 15:11:18,1790,90.82,14.01,1.677
VH-10002,2026-09-11 19:15:44,2673,92.49,13.98,1.65
VH-10002,2026-09-11 16:02:18,2893,94.75,14.07,1.255
VH-10002,2026-09-11 07:32:38,2756,90.73,13.99,0.995
VH-10002,2026-09-11 09:39:20,2161,93.47,14.2,1.381
VH-10002,2026-09-11 07:33:46,2663,92.59,14.18,1.262
VH-10002,2026-09-11 10:26:49,3195,87.85,13.84,1.205
VH-10019,2026-09-11 11:58:31,3041,112.12,13.51,3.598
VH-10019,2026-09-11 14:00:19,3265,117.31,13.78,3.815
VH-10019,2026-09-11 06:23:59,2997,114.2,13.57,3.788
VH-10019,2026-09-11 15:34:09,3255,127.95,13.54,2.921
VH-10019,2026-09-11 17:32:11,2675,92.64,14.14,1.622
VH-10019,2026-09-11 09:23:55,1989,92.28,14.4,0.882
VH-10037,2026-09-11 12:29:38,2443,88.46,14.24,1.591
VH-10037,2026-09-11 05:25:07,3005,91.8,14.08,1.2
VH-10037,2026-09-11 10:14:08,3183,93.97,14.18,0.61
VH-10037,2026-09-11 08:59:33,2658,88.93,13.97,0.801
VH-10037,2026-09-11 16:01:42,2539,92.73,14.04,1.5
VH-10037,2026-09-11 09:52:02,2733,90.19,14.37,1.382
VH-10045,2026-09-11 13:34:42,4197,51.27,10.46,1.46
VH-10045,2026-09-11 16:55:50,5409,40.57,9.86,1.657
VH-10045,2026-09-11 19:21:55,1696,42.03,10.55,1.637
VH-10045,2026-09-11 09:39:00,2552,46.13,13.92,1.516
VH-10045,2026-09-11 10:05:06,4232,40.69,13.87,1.885
VH-10045,2026-09-11 09:53:16,2347,45.5,13.67,1.889
VH-10004,2026-09-11 16:07:24,2745,91.6,14.49,1.106
VH-10004,2026-09-11 08:01:39,2697,92.93,14.04,1.141
VH-10004,2026-09-11 16:10:33,2098,92.73,14.15,1.332
VH-10004,2026-09-11 19:05:08,2324,96.73,14.12,0.963
VH-10004,2026-09-11 06:35:51,2255,94.15,14.17,1.044
VH-10004,2026-09-11 20:14:20,1643,88.73,14.38,0.913
VH-10020,2026-09-11 14:11:26,2376,88.99,14.14,1.143
VH-10020,2026-09-11 16:14:35,1782,89.89,14.07,1.298
VH-10020,2026-09-11 06:30:04,2730,89.39,14.46,1.121
VH-10020,2026-09-11 06:33:52,2843,95.09,14.3,1.291
VH-10020,2026-09-11 06:32:54,2942,91.36,14.3,1.096
VH-10020,2026-09-11 15:23:43,1799,91.6,14.25,1.129
VH-10016,2026-09-11 09:50:28,2854,92.41,14.31,1.327
VH-10016,2026-09-11 05:50:33,3054,94.05,14.03,1.95
VH-10016,2026-09-11 18:05:51,2247,87.72,13.84,1.415
VH-10016,2026-09-11 18:47:15,1628,95.51,14.12,0.894
VH-10016,2026-09-11 07:49:08,2657,93.42,13.87,4.803
VH-10016,2026-09-11 12:54:27,3194,93.53,13.89,5.559
VH-10049,2026-09-11 07:42:39,2625,92.87,14.09,1.746
VH-10049,2026-09-11 20:24:58,2232,92.61,14.11,1.419
VH-10049,2026-09-11 18:41:40,2935,88.59,14.28,1.798
VH-10049,2026-09-11 09:59:03,3176,88.65,13.83,1.342
VH-10049,2026-09-11 15:45:38,2306,94.06,14.24,1.565
VH-10049,2026-09-11 14:20:34,2951,94.81,14.32,1.881
VH-10010,2026-09-11 05:50:49,2477,90.41,14.2,1.689
VH-10010,2026-09-11 15:21:21,1955,95.84,14.19,0.841
VH-10010,2026-09-11 14:01:27,2153,87.19,13.86,1.341
VH-10010,2026-09-11 15:55:35,2004,90.56,14.33,1.42
VH-10010,2026-09-11 08:29:55,1748,96.49,14.31,1.201
VH-10010,2026-09-11 09:29:41,2353,91.5,14.11,1.641
VH-10021,2026-09-11 10:18:11,2564,87.19,14.13,1.054
VH-10021,2026-09-11 11:05:44,3101,94.34,13.86,1.456
VH-10021,2026-09-11 09:02:39,2479,93.2,14.2,1.606
VH-10021,2026-09-11 14:22:35,2514,94.02,14.27,0.968
VH-10021,2026-09-11 11:24:15,2601,92.3,14.45,1.115
VH-10021,2026-09-11 18:06:27,2836,95.02,13.9,1.704
VH-10035,2026-09-11 11:22:22,1754,90.4,14.27,1.507
VH-10035,2026-09-11 04:55:26,2024,91.29,14.12,1.195
VH-10035,2026-09-11 08:06:12,2424,90.22,14.35,1.108
VH-10035,2026-09-11 12:06:44,3110,94.49,14.12,1.04
VH-10035,2026-09-11 12:10:41,1793,92.39,14.02,1.432
VH-10035,2026-09-11 17:23:38,2082,91.92,10.05,1.019
VH-10013,2026-09-11 10:25:20,2612,94.15,14.16,0.978
VH-10013,2026-09-11 09:30:08,2913,87.45,14.3,0.802
VH-10013,2026-09-11 13:36:15,2583,95.54,14.35,1.401
VH-10013,2026-09-11 06:36:47,2578,93.5,13.94,1.739
VH-10013,2026-09-11 11:00:46,2401,91.36,14.2,2.003
VH-10013,2026-09-11 19:46:14,2528,87.22,14.05,1.019
VH-10009,2026-09-11 08:36:09,4704,39.26,14.27,1.498
VH-10009,2026-09-11 19:52:43,5177,48.13,13.95,1.512
VH-10009,2026-09-11 12:08:18,2926,37.03,14.11,1.067
VH-10009,2026-09-11 14:50:13,6355,50.24,14.17,1.35
VH-10009,2026-09-11 15:52:26,5644,45.18,14.14,0.926
VH-10009,2026-09-11 10:21:28,3275,42.34,14.34,1.599
VH-10012,2026-09-11 16:15:12,2173,94.88,13.91,1.206
VH-10012,2026-09-11 20:21:40,2863,93.91,14.17,1.067
VH-10012,2026-09-11 12:23:34,3047,90.89,14.1,1.067
VH-10012,2026-09-11 17:50:12,1770,91.37,14.02,1.935
VH-10012,2026-09-11 14:45:11,2490,88.02,13.97,1.608
VH-10012,2026-09-11 17:21:28,2391,91.02,14.35,1.206
VH-10039,2026-09-11 08:46:17,3015,91.17,11.46,1.34
VH-10039,2026-09-11 12:36:32,3161,87.03,9.93,1.33
VH-10039,2026-09-11 04:35:04,3150,96.55,10.95,1.185
VH-10039,2026-09-11 10:25:37,2062,91.08,10.45,1.219
VH-10039,2026-09-11 12:41:26,2935,98.2,10.75,0.904
VH-10039,2026-09-11 17:04:17,1711,90.26,14.07,1.449
VH-10017,2026-09-11 16:30:39,3383,93.73,13.85,4.873
VH-10017,2026-09-11 14:46:20,1863,94.37,14.47,1.533
VH-10017,2026-09-11 15:44:36,2246,93.18,14.52,1.337
VH-10017,2026-09-11 08:00:03,2110,90.64,14.31,0.978
VH-10017,2026-09-11 12:41:21,2625,90.45,13.98,1.294
VH-10017,2026-09-11 11:02:15,2562,95.67,14.51,1.131
VH-10028,2026-09-11 17:12:31,2250,94.59,14.08,1.027
VH-10028,2026-09-11 08:16:01,2609,91.08,14.31,1.446
VH-10028,2026-09-11 07:40:54,2036,92.59,14.46,1.275
VH-10028,2026-09-11 09:35:26,2562,92.11,13.92,1.707
VH-10028,2026-09-11 14:53:05,2416,94.22,14.41,1.886
VH-10028,2026-09-11 06:41:37,2021,90.98,14.41,0.868
VH-10005,2026-09-11 07:51:07,2249,94.03,14.37,1.801
VH-10005,2026-09-11 08:49:04,2471,93.91,14.25,1.099
VH-10005,2026-09-11 12:59:14,2823,95.12,13.83,1.732
VH-10005,2026-09-11 17:59:31,3143,93.13,14.02,1.331
VH-10005,2026-09-11 13:12:01,2480,87.13,14.1,1.51
VH-10005,2026-09-11 08:33:25,2195,93.84,14.37,1.375
VH-10038,2026-09-11 20:08:49,1693,94.01,14.12,1.508
VH-10038,2026-09-11 05:41:46,2679,90.68,13.9,1.101
VH-10038,2026-09-11 14:05:30,2092,90.7,14.32,1.213
VH-10038,2026-09-11 12:01:59,1670,87.8,14.24,1.767
VH-10038,2026-09-11 07:17:02,2590,92.89,14.06,1.016
VH-10038,2026-09-11 07:32:58,2270,92.41,14.04,1.576
VH-10011,2026-09-11 10:10:12,2945,97.23,13.77,0.919
VH-10011,2026-09-11 13:02:57,2415,93.62,14.12,1.172
VH-10011,2026-09-11 13:38:38,1794,90.07,14.12,1.257
VH-10011,2026-09-11 16:45:58,2923,95.5,14.29,1.39
VH-10011,2026-09-11 17:07:02,3160,89.09,14.45,1.705
VH-10011,2026-09-11 09:24:03,2029,90.13,13.79,0.863
VH-10042,2026-09-11 11:08:05,5013,36.37,13.89,1.053
VH-10042,2026-09-11 13:24:22,5551,38.09,13.77,1.343
VH-10042,2026-09-11 08:18:08,2737,35.82,13.92,0.669
VH-10042,2026-09-11 16:15:43,3855,37.52,13.7,1.777
VH-10042,2026-09-11 14:49:06,1517,53.74,14.05,1.141
VH-10042,2026-09-11 11:59:29,2992,43.79,13.93,1.196
VH-10022,2026-09-11 18:18:01,1861,91.52,14.02,0.89
VH-10022,2026-09-11 10:37:17,2363,94.86,11.55,0.896
VH-10022,2026-09-11 13:08:04,3189,93.35,10.05,1.665
VH-10022,2026-09-11 08:45:25,1948,95.87,10.38,1.564
VH-10022,2026-09-11 19:38:00,3150,96.27,9.99,0.928
VH-10022,2026-09-11 19:34:44,2323,92.89,10.11,1.271
VH-10018,2026-09-11 11:41:38,3116,92.74,13.97,1.619
VH-10018,2026-09-11 11:02:15,2879,89.41,14.47,1.699
VH-10018,2026-09-11 12:08:11,2906,91.54,14.25,1.525
VH-10018,2026-09-11 11:02:14,2777,89.73,13.81,1.855
VH-10018,2026-09-11 04:34:31,2329,92.06,14.54,1.347
VH-10018,2026-09-11 08:16:18,1656,94.45,14.34,1.282
VH-10048,2026-09-11 09:21:09,2607,93.72,14.44,1.708
VH-10048,2026-09-11 12:03:15,2472,95.49,13.83,1.844
VH-10048,2026-09-11 19:23:12,2452,94.27,14.12,1.592
VH-10048,2026-09-11 11:39:17,1741,95.71,14.3,1.767
VH-10048,2026-09-11 11:35:49,2020,92.51,14.35,1.093
VH-10048,2026-09-11 18:35:00,2594,91.42,14.25,0.599
VH-10001,2026-09-11 06:31:11,2359,90.98,13.78,0.793
VH-10001,2026-09-11 13:42:30,2152,96.72,13.94,1.28
VH-10001,2026-09-11 15:27:19,2840,89.52,14.41,1.053
VH-10001,2026-09-11 07:42:12,1925,94.96,14.31,0.868
VH-10001,2026-09-11 05:28:25,3037,91.06,14.48,1.486
VH-10001,2026-09-11 18:09:06,3130,91.07,14.19,1.231
VH-10043,2026-09-11 07:26:57,2202,94.66,14.01,1.027
VH-10043,2026-09-11 07:32:09,3014,92.81,14.12,1.464
VH-10043,2026-09-11 08:20:36,2247,94.55,14.07,0.879
VH-10043,2026-09-11 13:29:51,1668,91.5,14.08,0.593
VH-10043,2026-09-11 13:25:01,2487,89.55,14.02,0.653
VH-10043,2026-09-11 04:52:56,2334,89.25,14.2,1.349
VH-10003,2026-09-11 18:56:21,1638,89.25,14.32,1.352
VH-10003,2026-09-11 15:02:38,1994,93.33,14.14,1.416
VH-10003,2026-09-11 10:17:08,2386,91.27,14.14,1.193
VH-10003,2026-09-11 04:53:26,1644,92.73,14.28,1.751
VH-10003,2026-09-11 13:05:02,3169,97.13,14.35,1.517
VH-10003,2026-09-11 06:19:08,1920,93.76,13.82,1.158
VH-10024,2026-09-11 16:40:37,3896,41.73,14.05,1.115
VH-10024,2026-09-11 09:50:54,5942,41.09,14.06,1.747
VH-10024,2026-09-11 19:14:19,3785,51.33,14.29,1.384
VH-10024,2026-09-11 15:10:16,3680,55.03,13.98,1.093
VH-10024,2026-09-11 05:10:53,4283,51.93,14.28,1.178
VH-10024,2026-09-11 09:15:58,5621,46.02,13.65,1.886
VH-10047,2026-09-11 20:01:02,2121,95.49,10.38,0.926
VH-10047,2026-09-11 13:28:20,2318,87.51,10.03,1.292
VH-10047,2026-09-11 18:53:39,2491,94.46,9.9,1.464
VH-10047,2026-09-11 07:11:18,2831,88.78,10.42,1.119
VH-10047,2026-09-11 10:41:39,2491,92.99,11.23,1.721
VH-10047,2026-09-11 18:23:05,2516,92.78,10.58,1.391
VH-10040,2026-09-11 11:25:08,6343,46.27,10.35,1.157
VH-10040,2026-09-11 13:24:39,5411,53.68,10.44,1.794
VH-10040,2026-09-11 19:29:05,5334,56.87,11.15,1.766
VH-10040,2026-09-11 06:57:34,3810,42.04,11.05,1.404
VH-10040,2026-09-11 15:04:02,4152,38.1,11.51,1.393
VH-10040,2026-09-11 13:33:58,6002,41.22,13.84,1.342
VH-10030,2026-09-11 17:47:26,2292,96.04,10.4,0.704
VH-10030,2026-09-11 14:48:00,1620,93.84,10.75,1.721
VH-10030,2026-09-11 09:04:35,2771,88.92,11.09,1.312
VH-10030,2026-09-11 13:28:06,1922,93.9,10.22,1.169
VH-10030,2026-09-11 18:25:50,2706,88.42,11.38,1.556
VH-10030,2026-09-11 13:08:22,2913,98.18,10.15,1.606
VH-10044,2026-09-11 15:36:14,2835,93.93,14.33,1.366
VH-10044,2026-09-11 12:42:28,2460,94.84,14.1,0.911
VH-10044,2026-09-11 14:36:05,2564,93.05,14.02,0.731
VH-10044,2026-09-11 18:13:41,2583,93.84,13.79,0.59
VH-10044,2026-09-11 11:23:05,3109,92.82,13.85,1.957
VH-10044,2026-09-11 18:11:06,3152,92.75,14.28,0.944
VH-10015,2026-09-11 16:32:50,1841,93.13,13.88,1.555
VH-10015,2026-09-11 08:08:20,2827,95.81,13.89,1.547
VH-10015,2026-09-11 08:36:02,2072,94.48,14.42,1.772
VH-10015,2026-09-11 18:17:38,2119,90.63,14.21,1.624
VH-10015,2026-09-11 19:57:07,3127,95.33,13.99,0.912
VH-10015,2026-09-11 19:49:30,2890,95.58,13.95,1.205
VH-10009,2026-09-12 07:25:21,5073,44.09,13.97,1.488
VH-10009,2026-09-12 06:37:29,6389,42.11,11.3,1.574
VH-10009,2026-09-12 13:40:58,4094,43.43,10.31,1.265
VH-10009,2026-09-12 12:38:56,1565,45.18,11.25,0.776
VH-10009,2026-09-12 12:24:55,3535,43.95,10.75,0.898
VH-10009,2026-09-12 07:52:50,4741,40.35,10.47,0.733
VH-10044,2026-09-12 07:16:16,1833,93.8,14.07,1.344
VH-10044,2026-09-12 12:04:14,3082,93.69,13.91,1.277
VH-10044,2026-09-12 18:57:37,2623,96.96,13.91,2.037
VH-10044,2026-09-12 18:47:40,2819,93.29,14.34,0.598
VH-10044,2026-09-12 14:10:21,1757,93.67,14.55,1.653
VH-10044,2026-09-12 12:34:11,2027,92.77,14.18,1.458
VH-10006,2026-09-12 15:28:16,2154,89.47,14.17,0.578
VH-10006,2026-09-12 05:24:13,2294,90.15,14.45,1.607
VH-10006,2026-09-12 15:14:09,2884,91.17,14.43,1.066
VH-10006,2026-09-12 13:25:10,2612,97.44,14.14,1.21
VH-10006,2026-09-12 14:58:20,2316,87.97,13.94,0.726
VH-10006,2026-09-12 13:16:58,2449,93.74,14.25,1.389
VH-10030,2026-09-12 10:06:00,2621,90.27,13.8,1.146
VH-10030,2026-09-12 04:38:47,2276,90.74,14.22,1.303
VH-10030,2026-09-12 15:30:13,3103,89.79,14.28,1.983
VH-10030,2026-09-12 13:23:20,2611,95.28,13.97,1.125
VH-10030,2026-09-12 07:48:39,2947,91.6,14.43,1.168
VH-10030,2026-09-12 18:36:29,1728,90.82,14.3,1.519
VH-10037,2026-09-12 18:58:53,2499,94.88,13.79,1.268
VH-10037,2026-09-12 19:43:53,2820,95.07,14.38,1.087
VH-10037,2026-09-12 08:29:40,2260,87.08,14.43,1.204
VH-10037,2026-09-12 08:19:58,1612,87.42,14.12,1.508
VH-10037,2026-09-12 16:03:38,2880,91.44,14.14,1.723
VH-10037,2026-09-12 10:26:03,3155,89.08,14.34,0.925
VH-10014,2026-09-12 08:41:34,1961,93.15,14.36,1.32
VH-10014,2026-09-12 13:24:55,2672,92.08,13.94,1.66
VH-10014,2026-09-12 14:18:40,3183,92.64,14.15,1.175
VH-10014,2026-09-12 09:55:59,1864,87.04,14.0,0.625
VH-10014,2026-09-12 16:06:03,1743,93.46,14.42,1.044
VH-10014,2026-09-12 18:37:25,2290,92.57,14.35,1.635
VH-10005,2026-09-12 07:01:56,2772,92.76,14.46,1.255
VH-10005,2026-09-12 17:28:14,2336,89.11,14.26,1.095
VH-10005,2026-09-12 08:45:31,2336,86.94,14.21,1.549
VH-10005,2026-09-12 19:10:02,2018,94.82,14.27,1.868
VH-10005,2026-09-12 11:15:07,1840,94.07,14.39,1.35
VH-10005,2026-09-12 13:50:05,2754,89.86,13.78,0.912
VH-10026,2026-09-12 17:34:56,3026,94.66,14.25,1.901
VH-10026,2026-09-12 12:04:34,1610,88.96,14.23,1.329
VH-10026,2026-09-12 11:37:27,1859,93.38,14.15,0.71
VH-10026,2026-09-12 10:34:54,1697,92.06,14.35,0.828
VH-10026,2026-09-12 15:32:42,2587,90.07,14.08,1.506
VH-10026,2026-09-12 16:44:43,2266,93.56,13.97,1.226
VH-10011,2026-09-12 15:38:31,1714,87.72,14.14,1.055
VH-10011,2026-09-12 20:17:59,2307,89.64,14.14,0.789
VH-10011,2026-09-12 12:39:43,3096,94.11,13.81,6.018
VH-10011,2026-09-12 05:51:58,2986,93.89,14.06,8.073
VH-10011,2026-09-12 09:04:37,4030,97.29,14.27,5.682
VH-10011,2026-09-12 12:06:40,3460,93.1,14.14,6.777
VH-10023,2026-09-12 16:37:34,2442,95.89,14.22,0.765
VH-10023,2026-09-12 11:14:05,1777,87.84,13.95,1.802
VH-10023,2026-09-12 14:29:23,2025,94.54,14.0,1.632
VH-10023,2026-09-12 15:18:49,2173,90.77,14.18,1.629
VH-10023,2026-09-12 08:32:29,2076,94.39,14.42,0.858
VH-10023,2026-09-12 18:23:25,2979,93.12,14.02,0.629
VH-10003,2026-09-12 12:18:44,3154,91.1,14.19,1.231
VH-10003,2026-09-12 09:05:12,1649,95.93,14.13,1.633
VH-10003,2026-09-12 14:03:13,2935,88.82,13.95,0.979
VH-10003,2026-09-12 17:46:37,2330,88.34,14.46,0.976
VH-10003,2026-09-12 08:46:23,1688,94.49,13.88,1.317
VH-10003,2026-09-12 19:37:51,2341,87.66,14.28,1.266
VH-10022,2026-09-12 18:27:23,2426,92.21,10.97,1.454
VH-10022,2026-09-12 18:08:47,2393,88.08,11.23,1.673
VH-10022,2026-09-12 07:31:09,1926,90.96,13.78,1.636
VH-10022,2026-09-12 16:54:43,2464,91.34,13.93,1.045
VH-10022,2026-09-12 19:12:39,3220,108.58,13.36,2.599
VH-10022,2026-09-12 12:51:09,3025,130.65,13.57,2.297
VH-10041,2026-09-12 10:50:37,2251,93.39,14.29,1.034
VH-10041,2026-09-12 07:47:15,2632,94.55,14.04,1.125
VH-10041,2026-09-12 20:14:54,2911,89.64,14.06,1.373
VH-10041,2026-09-12 15:20:10,2498,89.2,14.1,1.608
VH-10041,2026-09-12 06:56:01,2596,93.39,14.14,0.797
VH-10041,2026-09-12 09:42:04,2292,91.71,14.07,1.155
VH-10013,2026-09-12 11:27:18,2715,89.0,14.09,1.627
VH-10013,2026-09-12 17:42:13,1628,97.08,14.04,0.808
VH-10013,2026-09-12 07:55:39,2432,96.71,13.94,1.318
VH-10013,2026-09-12 17:55:51,2303,93.78,14.01,1.017
VH-10013,2026-09-12 10:10:49,2548,89.95,14.3,1.295
VH-10013,2026-09-12 07:55:00,2066,91.45,14.09,1.785
VH-10042,2026-09-12 10:49:50,3162,51.55,13.95,1.49
VH-10042,2026-09-12 13:01:52,4951,37.54,13.82,1.175
VH-10042,2026-09-12 19:51:52,6083,52.06,13.71,1.603
VH-10042,2026-09-12 10:00:20,4495,33.85,13.99,0.764
VH-10042,2026-09-12 14:28:35,1797,47.95,13.93,1.242
VH-10042,2026-09-12 04:37:49,4713,41.69,14.18,1.928
VH-10028,2026-09-12 11:36:14,2662,96.03,14.36,0.792
VH-10028,2026-09-12 10:26:03,2888,98.77,13.88,8.667
VH-10028,2026-09-12 19:18:10,2810,90.89,14.26,5.912
VH-10028,2026-09-12 17:11:07,2630,93.08,14.07,7.894
VH-10028,2026-09-12 07:29:18,3379,93.3,14.2,4.612
VH-10028,2026-09-12 05:00:28,2611,94.34,14.08,5.903
VH-10029,2026-09-12 14:22:53,2909,96.37,14.35,8.331
VH-10029,2026-09-12 10:52:42,3164,97.02,13.96,6.323
VH-10029,2026-09-12 15:46:56,3699,96.86,14.1,6.569
VH-10029,2026-09-12 15:11:10,3843,92.88,13.96,4.931
VH-10029,2026-09-12 10:22:25,2337,97.54,13.86,5.298
VH-10029,2026-09-12 12:14:19,3529,100.25,14.07,5.416
VH-10010,2026-09-12 09:11:55,2990,91.9,14.15,1.652
VH-10010,2026-09-12 05:53:05,2530,90.05,14.36,1.581
VH-10010,2026-09-12 11:17:00,2752,95.63,14.21,1.201
VH-10010,2026-09-12 19:09:29,1955,91.64,13.99,1.192
VH-10010,2026-09-12 09:06:19,2636,89.47,14.34,1.95
VH-10010,2026-09-12 14:07:48,2301,91.96,14.21,1.545
VH-10018,2026-09-12 12:48:27,2318,94.15,14.14,0.772
VH-10018,2026-09-12 12:51:14,2557,95.02,14.07,0.992
VH-10018,2026-09-12 12:11:32,2198,91.15,14.53,1.522
VH-10018,2026-09-12 05:21:41,3015,92.58,13.8,1.111
VH-10018,2026-09-12 16:53:51,2951,92.32,14.06,1.081
VH-10018,2026-09-12 19:14:40,1719,90.76,13.91,0.538
VH-10035,2026-09-12 17:33:19,2388,96.01,11.08,1.145
VH-10035,2026-09-12 10:42:38,2285,92.66,9.89,1.546
VH-10035,2026-09-12 19:36:41,2651,92.18,10.89,1.632
VH-10035,2026-09-12 20:05:53,2273,90.25,10.58,0.91
VH-10035,2026-09-12 10:58:47,1822,93.02,11.02,1.005
VH-10035,2026-09-12 12:07:09,2342,91.96,14.25,1.199
VH-10027,2026-09-12 04:40:37,2320,87.92,14.34,1.358
VH-10027,2026-09-12 19:40:34,3104,90.56,14.45,0.965
VH-10027,2026-09-12 07:24:53,2211,93.26,14.15,1.296
VH-10027,2026-09-12 18:58:34,1891,87.55,13.86,0.735
VH-10027,2026-09-12 16:31:03,2972,96.51,14.33,1.329
VH-10027,2026-09-12 14:48:43,1709,95.65,14.17,1.163
VH-10021,2026-09-12 20:28:08,2824,90.18,14.39,1.098
VH-10021,2026-09-12 19:52:54,2388,95.06,13.95,1.599
VH-10021,2026-09-12 07:22:07,2968,89.05,14.37,1.315
VH-10021,2026-09-12 19:12:23,2235,94.33,14.11,1.277
VH-10021,2026-09-12 17:16:28,2989,92.44,14.47,1.674
VH-10021,2026-09-12 12:34:47,3067,95.46,14.41,1.217
VH-10034,2026-09-12 12:16:51,2278,86.93,14.13,1.027
VH-10034,2026-09-12 08:24:12,1783,91.79,14.07,0.696
VH-10034,2026-09-12 13:27:58,2479,95.52,13.88,1.137
VH-10034,2026-09-12 04:39:57,3067,88.95,14.16,0.698
VH-10034,2026-09-12 15:55:40,2222,92.89,14.23,1.388
VH-10034,2026-09-12 19:30:23,2804,94.32,14.09,1.048
VH-10033,2026-09-12 15:13:12,3087,88.75,14.11,1.554
VH-10033,2026-09-12 09:41:30,2903,88.0,14.2,0.718
VH-10033,2026-09-12 18:49:04,1625,89.65,14.34,1.937
VH-10033,2026-09-12 07:15:08,1905,93.4,13.77,1.567
VH-10033,2026-09-12 19:42:05,2484,91.2,14.2,0.589
VH-10033,2026-09-12 05:51:18,2945,94.77,14.21,1.351
VH-10039,2026-09-12 14:00:39,2873,91.75,13.98,1.439
VH-10039,2026-09-12 09:13:06,2048,88.46,14.32,1.265
VH-10039,2026-09-12 08:51:00,2313,93.36,14.42,1.403
VH-10039,2026-09-12 13:32:43,3025,90.37,14.36,1.989
VH-10039,2026-09-12 13:06:03,2326,89.29,14.47,0.906
VH-10039,2026-09-12 09:20:53,2270,89.79,14.16,1.154
VH-10025,2026-09-12 09:52:59,2231,96.84,14.12,1.536
VH-10025,2026-09-12 07:01:01,2763,91.47,14.28,1.417
VH-10025,2026-09-12 18:14:26,2703,90.09,13.85,1.523
VH-10025,2026-09-12 07:19:26,2788,95.01,13.81,1.86
VH-10025,2026-09-12 14:12:27,2310,94.08,14.09,0.989
VH-10025,2026-09-12 09:05:46,1790,96.68,14.33,1.792
VH-10038,2026-09-12 05:35:50,2472,97.39,13.75,1.446
VH-10038,2026-09-12 13:54:06,2908,91.58,14.27,0.682
VH-10038,2026-09-12 12:44:11,2560,88.72,14.58,1.154
VH-10038,2026-09-12 13:17:11,2926,92.79,14.34,1.237
VH-10038,2026-09-12 04:36:25,1771,90.87,14.28,1.367
VH-10038,2026-09-12 17:46:00,2235,92.31,14.37,1.32
VH-10017,2026-09-12 16:29:43,1970,94.75,13.79,1.56
VH-10017,2026-09-12 16:48:24,2875,95.81,14.5,1.224
VH-10017,2026-09-12 15:10:30,1938,92.48,14.03,1.311
VH-10017,2026-09-12 12:50:45,1787,89.53,14.34,0.868
VH-10017,2026-09-12 13:23:17,2359,96.13,13.87,1.369
VH-10017,2026-09-12 11:45:08,2563,91.13,14.04,0.897
VH-10008,2026-09-12 10:26:31,3069,88.77,14.09,1.061
VH-10008,2026-09-12 20:24:47,2267,94.74,13.87,0.517
VH-10008,2026-09-12 18:19:27,2267,95.8,14.37,0.634
VH-10008,2026-09-12 13:36:41,2708,88.99,14.06,0.992
VH-10008,2026-09-12 11:29:57,1647,94.87,14.49,1.149
VH-10008,2026-09-12 10:58:12,2352,90.78,14.01,1.713
VH-10015,2026-09-12 07:00:40,1641,89.23,14.06,1.447
VH-10015,2026-09-12 11:27:30,2184,96.65,14.22,1.79
VH-10015,2026-09-12 17:47:58,2084,96.05,14.45,1.577
VH-10015,2026-09-12 14:49:43,2794,93.37,14.49,1.766
VH-10015,2026-09-12 17:26:03,3008,94.19,14.43,1.47
VH-10015,2026-09-12 13:55:18,2271,93.96,14.08,1.014
VH-10049,2026-09-12 13:23:37,2985,91.06,14.41,1.252
VH-10049,2026-09-12 06:02:15,2370,89.65,14.2,1.427
VH-10049,2026-09-12 14:38:13,2947,95.45,13.84,1.365
VH-10049,2026-09-12 16:34:30,2592,90.93,14.14,1.585
VH-10049,2026-09-12 11:14:11,2825,92.36,14.37,1.348
VH-10049,2026-09-12 17:13:30,2038,91.09,14.27,1.102
VH-10046,2026-09-12 17:22:12,1787,95.66,13.75,1.089
VH-10046,2026-09-12 16:35:26,2447,92.54,14.16,0.998
VH-10046,2026-09-12 12:48:02,1875,95.74,14.42,0.938
VH-10046,2026-09-12 20:28:37,2744,95.25,13.86,1.998
VH-10046,2026-09-12 06:25:30,2208,93.73,14.02,1.315
VH-10046,2026-09-12 17:06:56,1961,87.55,14.02,1.759
VH-10032,2026-09-12 19:51:40,2465,95.7,14.23,5.6
VH-10032,2026-09-12 16:56:50,3633,94.05,14.03,4.866
VH-10032,2026-09-12 07:05:44,2375,96.4,14.25,6.515
VH-10032,2026-09-12 15:07:45,3153,93.98,13.85,6.207
VH-10032,2026-09-12 05:28:27,2329,96.56,13.88,6.912
VH-10032,2026-09-12 07:34:47,2775,95.4,14.36,6.059
VH-10031,2026-09-12 10:22:31,2412,95.72,13.82,1.046
VH-10031,2026-09-12 05:45:12,2936,95.69,14.23,1.033
VH-10031,2026-09-12 12:58:50,3042,90.12,14.21,1.608
VH-10031,2026-09-12 13:57:14,2770,97.28,13.91,1.753
VH-10031,2026-09-12 15:48:26,2342,88.19,14.37,1.315
VH-10031,2026-09-12 14:28:04,2373,97.14,14.19,0.944
VH-10016,2026-09-12 14:40:24,3053,96.07,13.82,7.975
VH-10016,2026-09-12 08:52:11,3407,94.74,14.18,6.081
VH-10016,2026-09-12 11:49:47,2472,93.85,14.03,6.849
VH-10016,2026-09-12 10:48:49,2772,94.75,14.32,5.415
VH-10016,2026-09-12 16:43:54,3018,95.63,13.83,7.578
VH-10016,2026-09-12 12:59:34,2390,98.74,14.27,7.917
VH-10047,2026-09-12 16:06:56,2983,95.52,10.96,1.127
VH-10047,2026-09-12 05:40:43,1816,93.35,14.25,0.711
VH-10047,2026-09-12 15:40:49,2836,86.95,14.29,1.602
VH-10047,2026-09-12 18:55:18,3121,92.74,13.99,1.797
VH-10047,2026-09-12 12:59:17,2926,89.58,14.07,1.697
VH-10047,2026-09-12 17:56:38,3122,95.21,14.32,1.34
VH-10004,2026-09-12 04:51:05,2738,95.13,13.98,0.703
VH-10004,2026-09-12 14:05:35,1781,91.01,14.39,1.352
VH-10004,2026-09-12 18:52:32,2207,91.37,13.94,0.589
VH-10004,2026-09-12 05:01:57,2224,93.47,14.32,1.192
VH-10004,2026-09-12 09:11:27,2888,89.22,14.55,1.302
VH-10004,2026-09-12 06:15:44,3053,92.87,14.0,0.765
VH-10012,2026-09-12 08:05:14,1626,91.02,13.98,1.198
VH-10012,2026-09-12 10:50:58,2462,90.01,13.9,0.566
VH-10012,2026-09-12 15:51:54,2395,89.71,14.45,1.453
VH-10012,2026-09-12 08:02:23,2032,94.75,14.1,1.327
VH-10012,2026-09-12 10:25:48,2953,97.15,14.19,1.091
VH-10012,2026-09-12 13:58:28,2582,90.85,14.08,1.422
VH-10050,2026-09-12 13:32:33,2993,88.19,14.46,1.888
VH-10050,2026-09-12 08:56:40,2788,91.16,13.96,1.289
VH-10050,2026-09-12 07:50:26,1913,89.73,14.18,0.947
VH-10050,2026-09-12 17:56:04,2699,95.37,13.93,1.813
VH-10050,2026-09-12 10:08:05,2838,93.86,14.23,1.652
VH-10050,2026-09-12 12:30:11,2708,90.15,13.74,1.487
VH-10036,2026-09-12 20:04:01,1891,94.33,14.44,1.304
VH-10036,2026-09-12 20:30:17,1671,94.5,14.38,1.291
VH-10036,2026-09-12 12:36:05,1838,95.14,13.91,1.322
VH-10036,2026-09-12 11:42:00,2897,90.53,14.27,1.412
VH-10036,2026-09-12 10:10:35,2437,91.68,14.41,0.985
VH-10036,2026-09-12 05:46:54,2861,88.56,14.33,0.886
VH-10019,2026-09-12 08:34:10,3003,89.76,14.01,1.597
VH-10019,2026-09-12 18:59:02,1775,92.87,14.37,0.58
VH-10019,2026-09-12 08:05:01,2601,97.93,14.06,6.314
VH-10019,2026-09-12 05:38:24,2647,94.96,13.96,7.379
VH-10019,2026-09-12 18:21:46,2682,94.46,13.84,8.715
VH-10019,2026-09-12 09:35:39,2771,95.04,14.12,6.423
VH-10020,2026-09-12 13:26:31,2455,94.15,14.17,1.92
VH-10020,2026-09-12 15:11:22,2073,93.33,14.29,0.817
VH-10020,2026-09-12 12:09:23,2210,94.36,13.95,1.245
VH-10020,2026-09-12 17:34:44,1696,93.86,14.38,0.81
VH-10020,2026-09-12 08:52:29,3065,88.21,14.08,1.034
VH-10020,2026-09-12 06:34:02,2045,93.53,14.02,0.769
VH-10029,2026-09-13 20:25:55,4192,98.06,14.13,5.342
VH-10029,2026-09-13 11:37:10,2602,90.91,14.04,5.247
VH-10029,2026-09-13 13:39:09,3990,94.41,14.11,5.883
VH-10029,2026-09-13 05:04:21,2447,94.06,14.21,1.099
VH-10029,2026-09-13 07:00:41,1955,92.97,14.28,1.259
VH-10029,2026-09-13 12:22:14,1917,96.49,14.33,1.503
VH-10009,2026-09-13 15:49:48,4094,41.55,10.24,1.349
VH-10009,2026-09-13 09:36:39,2871,49.16,14.01,1.172
VH-10009,2026-09-13 09:48:14,4685,44.44,13.66,1.745
VH-10009,2026-09-13 13:19:15,6098,51.62,13.8,1.256
VH-10009,2026-09-13 06:09:23,2549,40.61,13.83,1.279
VH-10009,2026-09-13 18:18:15,3313,52.95,13.59,1.205
VH-10010,2026-09-13 11:14:07,2279,93.62,14.3,1.162
VH-10010,2026-09-13 19:52:15,2815,92.34,14.37,1.676
VH-10010,2026-09-13 12:04:58,2360,90.79,13.82,1.688
VH-10010,2026-09-13 20:19:42,2341,92.19,14.18,0.841
VH-10010,2026-09-13 11:02:29,2758,97.19,13.83,1.247
VH-10010,2026-09-13 12:54:11,2398,92.15,13.89,0.942
VH-10038,2026-09-13 07:32:36,3081,87.26,13.89,1.439
VH-10038,2026-09-13 12:28:01,3087,94.47,13.93,1.345
VH-10038,2026-09-13 05:06:57,2253,96.35,13.89,1.251
VH-10038,2026-09-13 05:29:42,3128,90.8,14.11,0.879
VH-10038,2026-09-13 10:17:41,2804,91.93,14.04,0.771
VH-10038,2026-09-13 15:54:41,2374,88.24,14.06,0.826
VH-10013,2026-09-13 05:24:32,2290,96.62,14.27,1.218
VH-10013,2026-09-13 06:10:36,2611,126.76,13.58,2.842
VH-10013,2026-09-13 07:02:35,2823,120.65,13.78,2.806
VH-10013,2026-09-13 07:06:16,2717,124.41,13.67,2.945
VH-10013,2026-09-13 15:29:01,2937,113.53,13.67,2.508
VH-10013,2026-09-13 15:46:26,3096,125.05,13.85,2.369
VH-10034,2026-09-13 06:08:56,3086,94.12,13.94,1.157
VH-10034,2026-09-13 14:14:12,2056,94.37,14.26,0.981
VH-10034,2026-09-13 12:29:39,1937,90.84,14.33,1.512
VH-10034,2026-09-13 13:47:15,1773,93.96,14.11,1.738
VH-10034,2026-09-13 05:32:13,2301,91.66,14.21,1.563
VH-10034,2026-09-13 17:15:24,2313,92.52,14.21,0.903
VH-10001,2026-09-13 05:52:17,2594,92.27,14.51,1.925
VH-10001,2026-09-13 11:21:19,1871,90.31,14.24,1.263
VH-10001,2026-09-13 15:23:39,1842,94.14,13.92,1.627
VH-10001,2026-09-13 13:31:30,3108,92.14,14.01,1.207
VH-10001,2026-09-13 16:58:42,2718,92.71,14.39,1.169
VH-10001,2026-09-13 20:07:38,1761,95.23,14.05,1.466
VH-10020,2026-09-13 14:13:14,2196,90.17,13.98,1.14
VH-10020,2026-09-13 09:04:46,1724,91.88,13.99,1.862
VH-10020,2026-09-13 18:54:16,2103,91.41,14.39,1.004
VH-10020,2026-09-13 04:48:31,2825,93.33,13.96,1.762
VH-10020,2026-09-13 20:03:11,2561,91.72,13.83,1.535
VH-10020,2026-09-13 09:54:36,2525,94.87,14.49,1.986
VH-10022,2026-09-13 17:26:26,2080,123.44,13.72,3.054
VH-10022,2026-09-13 17:38:36,2337,128.6,13.96,3.245
VH-10022,2026-09-13 09:22:02,2439,89.01,14.12,1.303
VH-10022,2026-09-13 16:58:02,2761,91.77,13.8,1.322
VH-10022,2026-09-13 12:26:27,2930,90.82,13.81,1.072
VH-10022,2026-09-13 06:28:15,2687,92.0,14.24,1.521
VH-10044,2026-09-13 10:26:12,2389,90.91,14.06,1.19
VH-10044,2026-09-13 06:33:16,2047,90.83,14.18,0.984
VH-10044,2026-09-13 08:33:31,2269,92.23,14.02,1.87
VH-10044,2026-09-13 07:16:02,2519,95.61,14.2,1.547
VH-10044,2026-09-13 12:27:32,2860,89.92,14.03,0.827
VH-10044,2026-09-13 16:39:37,3069,94.76,14.02,1.315
VH-10015,2026-09-13 17:52:15,2553,117.27,13.72,3.36
VH-10015,2026-09-13 16:26:19,2419,126.12,14.09,2.953
VH-10015,2026-09-13 09:26:53,2158,127.38,13.79,2.418
VH-10015,2026-09-13 14:17:14,2316,126.1,13.77,3.586
VH-10015,2026-09-13 08:31:30,3518,125.46,13.7,1.985
VH-10015,2026-09-13 17:43:04,3246,113.39,13.46,2.441
VH-10041,2026-09-13 12:24:43,3057,92.72,13.98,0.602
VH-10041,2026-09-13 13:13:16,3105,92.13,13.97,1.595
VH-10041,2026-09-13 16:17:10,2151,91.25,13.92,0.958
VH-10041,2026-09-13 17:40:17,3078,90.83,14.15,1.136
VH-10041,2026-09-13 11:41:31,2375,89.85,14.55,1.535
VH-10041,2026-09-13 05:18:31,1634,89.55,14.36,1.645
VH-10045,2026-09-13 06:04:46,1623,51.2,13.72,1.087
VH-10045,2026-09-13 10:45:58,4681,39.04,14.15,1.423
VH-10045,2026-09-13 17:26:20,3970,48.21,13.86,1.722
VH-10045,2026-09-13 12:12:26,3869,37.93,13.68,1.504
VH-10045,2026-09-13 19:09:39,3030,51.58,13.99,1.682
VH-10045,2026-09-13 12:12:39,1599,48.65,13.65,1.484
VH-10040,2026-09-13 13:59:59,1645,51.62,14.15,1.215
VH-10040,2026-09-13 17:14:40,5631,65.04,13.54,2.662
VH-10040,2026-09-13 06:16:19,2112,67.0,13.77,3.481
VH-10040,2026-09-13 06:30:40,4327,63.84,13.31,3.333
VH-10040,2026-09-13 11:13:21,2176,74.11,13.77,2.45
VH-10040,2026-09-13 08:10:41,2395,73.19,13.72,3.384
VH-10018,2026-09-13 17:06:09,2994,97.08,13.82,0.997
VH-10018,2026-09-13 17:39:51,2403,93.29,14.1,1.318
VH-10018,2026-09-13 15:45:39,2350,88.45,14.41,0.978
VH-10018,2026-09-13 10:34:52,2745,96.41,14.11,8.136
VH-10018,2026-09-13 06:27:42,2878,93.4,14.24,6.007
VH-10018,2026-09-13 06:09:35,2456,97.36,13.89,7.106
VH-10008,2026-09-13 10:43:05,2382,93.6,13.97,1.204
VH-10008,2026-09-13 06:01:40,2085,92.6,13.99,1.146
VH-10008,2026-09-13 07:36:14,2845,89.54,14.35,1.378
VH-10008,2026-09-13 08:15:17,3104,92.3,14.06,1.177
VH-10008,2026-09-13 16:03:59,2813,88.06,13.97,1.669
VH-10008,2026-09-13 13:23:42,1770,95.33,13.9,1.561
VH-10006,2026-09-13 11:22:03,2683,89.33,14.36,1.211
VH-10006,2026-09-13 13:55:04,2141,95.42,13.72,1.405
VH-10006,2026-09-13 05:34:12,3175,90.96,14.12,1.299
VH-10006,2026-09-13 14:24:56,2469,89.84,14.03,0.999
VH-10006,2026-09-13 10:37:23,2314,91.17,13.87,1.494
VH-10006,2026-09-13 12:29:12,1708,96.03,14.4,1.103
VH-10026,2026-09-13 05:09:07,3061,92.64,14.27,0.769
VH-10026,2026-09-13 11:37:36,2995,93.46,14.02,1.086
VH-10026,2026-09-13 17:07:17,3726,100.87,14.4,5.705
VH-10026,2026-09-13 14:44:10,3318,94.16,14.3,7.756
VH-10026,2026-09-13 17:08:37,3180,98.48,13.96,6.455
VH-10026,2026-09-13 11:57:06,3719,97.48,14.06,5.993
VH-10019,2026-09-13 09:55:22,3153,97.01,14.36,7.662
VH-10019,2026-09-13 12:18:04,3336,93.13,14.03,9.087
VH-10019,2026-09-13 12:16:41,3875,96.7,13.86,7.794
VH-10019,2026-09-13 06:17:39,3712,96.88,14.01,8.209
VH-10019,2026-09-13 11:43:25,1718,92.88,14.17,1.078
VH-10019,2026-09-13 06:57:51,2846,97.32,13.98,1.642
VH-10016,2026-09-13 13:39:36,2274,100.13,14.39,6.836
VH-10016,2026-09-13 06:54:57,3621,99.0,14.04,5.035
VH-10016,2026-09-13 05:56:16,3517,97.44,13.96,6.05
VH-10016,2026-09-13 15:01:44,2379,98.0,14.36,5.886
VH-10016,2026-09-13 08:53:08,3036,89.09,14.36,1.256
VH-10016,2026-09-13 13:49:12,2185,90.99,13.94,1.569
VH-10014,2026-09-13 19:35:49,2907,90.23,14.38,0.909
VH-10014,2026-09-13 13:56:27,1916,90.3,14.22,1.59
VH-10014,2026-09-13 07:42:53,2747,94.72,14.01,0.995
VH-10014,2026-09-13 19:29:58,2557,90.35,14.25,1.74
VH-10014,2026-09-13 15:22:18,1964,87.9,14.13,1.079
VH-10014,2026-09-13 13:54:27,1659,92.27,14.44,0.728
VH-10049,2026-09-13 15:19:44,2592,90.87,13.96,1.339
VH-10049,2026-09-13 07:45:40,2614,91.79,13.89,1.344
VH-10049,2026-09-13 09:32:27,2187,93.52,14.44,1.427
VH-10049,2026-09-13 16:25:26,2597,90.26,14.28,0.894
VH-10049,2026-09-13 07:36:52,2979,95.02,14.48,1.44
VH-10049,2026-09-13 12:25:31,2176,91.33,14.37,0.546
VH-10032,2026-09-13 19:05:55,2219,98.67,14.03,8.084
VH-10032,2026-09-13 08:17:39,2177,88.72,14.2,1.867
VH-10032,2026-09-13 05:25:02,3149,93.03,14.4,0.814
VH-10032,2026-09-13 08:12:50,2267,92.92,14.02,0.796
VH-10032,2026-09-13 09:26:37,2736,90.71,13.94,0.708
VH-10032,2026-09-13 17:45:37,1627,93.28,13.96,1.361
VH-10047,2026-09-13 04:34:55,1600,91.07,13.94,1.354
VH-10047,2026-09-13 20:14:21,2942,96.77,13.8,1.534
VH-10047,2026-09-13 07:31:59,3111,89.93,13.91,1.784
VH-10047,2026-09-13 09:41:34,2313,96.78,14.14,1.574
VH-10047,2026-09-13 09:03:57,2958,90.8,14.47,1.485
VH-10047,2026-09-13 17:47:32,2086,89.65,13.98,1.918
VH-10024,2026-09-13 20:15:52,4152,43.22,13.78,1.64
VH-10024,2026-09-13 15:58:05,4354,44.88,14.16,1.809
VH-10024,2026-09-13 08:30:38,6414,35.74,13.76,1.85
VH-10024,2026-09-13 09:11:37,6293,48.59,14.21,2.046
VH-10024,2026-09-13 13:38:38,4184,47.67,13.83,0.8
VH-10024,2026-09-13 07:51:32,5935,38.47,13.68,1.628
VH-10031,2026-09-13 12:56:01,2697,95.36,14.04,0.87
VH-10031,2026-09-13 10:10:09,2414,92.37,14.22,1.018
VH-10031,2026-09-13 06:09:51,2328,91.9,13.97,1.609
VH-10031,2026-09-13 15:02:31,2946,96.63,13.99,1.065
VH-10031,2026-09-13 18:06:12,2720,88.65,14.29,1.628
VH-10031,2026-09-13 07:43:00,1912,92.12,13.9,1.424
VH-10007,2026-09-13 05:34:19,2306,89.71,14.39,1.087
VH-10007,2026-09-13 13:23:38,2336,93.53,14.07,1.273
VH-10007,2026-09-13 14:03:35,1711,94.51,14.18,0.881
VH-10007,2026-09-13 08:29:01,1675,94.47,14.29,1.16
VH-10007,2026-09-13 07:06:11,3186,87.63,14.34,0.954
VH-10007,2026-09-13 16:03:26,3191,95.74,14.57,1.777
VH-10036,2026-09-13 16:56:39,2331,90.41,14.01,1.225
VH-10036,2026-09-13 05:20:38,2147,96.69,14.09,1.564
VH-10036,2026-09-13 19:41:25,1710,88.83,14.17,1.065
VH-10036,2026-09-13 19:13:43,2798,89.63,14.08,1.469
VH-10036,2026-09-13 13:57:13,3126,91.08,14.43,1.355
VH-10036,2026-09-13 07:07:17,2927,90.53,14.22,1.159
VH-10030,2026-09-13 12:44:22,1811,92.35,13.87,1.858
VH-10030,2026-09-13 19:29:07,1778,89.58,13.84,1.011
VH-10030,2026-09-13 14:26:23,2140,92.68,14.46,1.672
VH-10030,2026-09-13 12:48:54,3176,92.06,13.94,1.405
VH-10030,2026-09-13 11:19:43,2400,93.88,14.0,1.706
VH-10030,2026-09-13 15:07:54,2199,89.13,14.39,1.408
VH-10023,2026-09-13 19:27:47,2911,93.03,14.51,0.723
VH-10023,2026-09-13 15:19:05,1727,90.25,14.17,1.548
VH-10023,2026-09-13 16:08:59,2504,92.83,14.08,1.33
VH-10023,2026-09-13 06:48:13,2095,92.54,13.9,1.65
VH-10023,2026-09-13 13:40:21,3166,93.05,13.91,1.326
VH-10023,2026-09-13 06:21:22,2253,94.53,13.8,0.962
VH-10004,2026-09-13 13:23:24,2179,91.74,14.22,1.03
VH-10004,2026-09-13 08:03:27,1668,88.87,14.38,0.975
VH-10004,2026-09-13 16:49:04,2025,90.43,14.4,0.876
VH-10004,2026-09-13 10:49:57,2168,89.91,14.14,0.945
VH-10004,2026-09-13 09:55:20,3076,95.62,13.82,1.421
VH-10004,2026-09-13 08:04:19,2969,92.11,14.24,0.704
VH-10033,2026-09-13 15:44:35,3138,88.64,14.27,1.209
VH-10033,2026-09-13 12:37:08,3083,94.12,14.3,1.525
VH-10033,2026-09-13 07:48:50,2943,94.47,10.1,1.221
VH-10033,2026-09-13 12:37:43,2607,90.8,11.59,1.319
VH-10033,2026-09-13 11:48:32,2349,96.55,9.91,1.26
VH-10033,2026-09-13 09:09:27,2029,94.85,10.84,1.027
VH-10035,2026-09-13 05:37:06,2336,93.35,14.55,1.41
VH-10035,2026-09-13 08:59:51,2783,94.99,13.82,0.828
VH-10035,2026-09-13 14:34:32,2402,91.42,14.18,1.174
VH-10035,2026-09-13 16:54:45,2809,90.94,14.23,1.428
VH-10035,2026-09-13 05:50:26,3013,88.66,10.81,0.741
VH-10035,2026-09-13 08:22:05,2104,92.86,11.23,1.351
VH-10025,2026-09-13 07:28:30,1901,94.56,14.33,0.742
VH-10025,2026-09-13 10:09:37,3157,89.69,13.98,1.498
VH-10025,2026-09-13 08:50:58,1949,89.26,13.92,0.762
VH-10025,2026-09-13 07:46:19,2836,90.19,14.2,0.998
VH-10025,2026-09-13 20:10:17,2077,92.59,14.19,1.635
VH-10025,2026-09-13 17:45:48,3108,94.87,13.95,1.759
VH-10005,2026-09-13 19:03:48,2041,90.17,14.44,0.524
VH-10005,2026-09-13 05:59:26,2086,92.7,13.99,1.71
VH-10005,2026-09-13 20:27:57,1741,91.92,14.44,1.505
VH-10005,2026-09-13 20:19:39,2000,91.53,14.3,1.292
VH-10005,2026-09-13 17:44:49,1981,95.12,14.48,1.481
VH-10005,2026-09-13 14:45:57,2291,93.7,13.95,1.09
VH-10037,2026-09-13 14:33:03,3072,92.6,14.4,0.909
VH-10037,2026-09-13 08:51:02,2506,93.89,14.19,1.52
VH-10037,2026-09-13 15:36:28,1920,94.3,14.21,0.765
VH-10037,2026-09-13 11:28:32,3089,95.41,14.37,1.2
VH-10037,2026-09-13 16:24:50,2848,88.91,13.93,0.816
VH-10037,2026-09-13 16:10:33,3032,94.88,13.96,1.849
VH-10012,2026-09-13 10:34:11,2745,91.98,14.32,1.526
VH-10012,2026-09-13 17:17:40,3072,91.88,14.07,1.687
VH-10012,2026-09-13 17:29:34,2906,93.16,14.3,1.663
VH-10012,2026-09-13 05:21:22,1866,94.26,14.0,1.695
VH-10012,2026-09-13 08:21:53,3136,95.78,14.21,1.023
VH-10012,2026-09-13 18:02:37,2639,87.64,14.1,1.283
VH-10003,2026-09-13 16:53:41,2010,92.84,13.96,1.525
VH-10003,2026-09-13 08:35:38,3087,92.6,14.08,1.098
VH-10003,2026-09-13 06:18:53,3169,94.98,14.08,0.712
VH-10003,2026-09-13 07:36:49,2984,96.43,14.13,1.219
VH-10003,2026-09-13 15:49:57,1759,93.05,14.07,1.791
VH-10003,2026-09-13 18:52:39,1726,91.0,14.14,1.442
VH-10015,2026-09-14 09:35:29,3099,118.01,13.58,2.656
VH-10015,2026-09-14 18:36:53,2366,119.74,13.64,2.042
VH-10015,2026-09-14 19:09:31,2062,128.5,13.35,2.348
VH-10015,2026-09-14 13:07:25,2643,121.82,13.51,2.827
VH-10015,2026-09-14 19:37:54,2290,110.59,14.02,2.205
VH-10015,2026-09-14 17:46:06,3382,118.42,13.55,1.779
VH-10003,2026-09-14 08:16:05,2266,88.33,14.14,1.441
VH-10003,2026-09-14 08:28:55,2009,92.03,13.84,0.676
VH-10003,2026-09-14 13:55:03,1962,91.42,13.72,1.374
VH-10003,2026-09-14 08:55:00,2080,93.02,13.98,0.823
VH-10003,2026-09-14 12:24:15,2809,95.31,14.28,1.681
VH-10003,2026-09-14 07:45:04,2878,92.17,14.32,2.016
VH-10030,2026-09-14 10:07:44,2226,95.53,14.09,1.551
VH-10030,2026-09-14 13:14:23,2277,95.32,13.93,1.235
VH-10030,2026-09-14 18:14:49,2495,93.79,14.05,1.85
VH-10030,2026-09-14 09:19:07,2155,89.75,14.3,1.374
VH-10030,2026-09-14 19:03:43,2610,89.89,14.27,1.044
VH-10030,2026-09-14 15:39:56,2048,89.62,14.21,1.874
VH-10043,2026-09-14 12:24:38,3055,92.49,14.07,0.885
VH-10043,2026-09-14 15:20:18,2381,94.04,14.5,0.773
VH-10043,2026-09-14 18:23:18,1640,91.03,13.87,1.092
VH-10043,2026-09-14 20:00:08,3151,92.9,14.23,1.367
VH-10043,2026-09-14 15:36:36,2428,94.15,14.1,0.773
VH-10043,2026-09-14 05:15:13,1699,93.39,13.92,0.92
VH-10002,2026-09-14 05:56:34,2204,90.0,13.77,1.195
VH-10002,2026-09-14 11:00:15,2361,89.94,13.99,1.22
VH-10002,2026-09-14 16:39:48,2890,92.68,14.31,1.697
VH-10002,2026-09-14 13:13:11,1791,92.53,14.16,1.8
VH-10002,2026-09-14 18:02:32,3019,97.36,14.28,1.242
VH-10002,2026-09-14 07:56:03,2920,96.19,14.23,1.752
VH-10048,2026-09-14 16:37:09,2794,88.47,14.21,1.261
VH-10048,2026-09-14 19:58:05,2265,96.35,14.53,1.02
VH-10048,2026-09-14 11:13:10,1602,90.8,14.05,1.017
VH-10048,2026-09-14 20:08:16,1836,86.54,14.13,1.502
VH-10048,2026-09-14 08:27:00,2823,93.69,13.87,1.414
VH-10048,2026-09-14 15:42:07,1772,92.09,14.27,0.96
VH-10034,2026-09-14 12:24:48,2975,93.67,14.43,1.352
VH-10034,2026-09-14 10:03:55,2509,90.29,14.0,1.348
VH-10034,2026-09-14 10:20:35,3202,116.38,13.72,2.881
VH-10034,2026-09-14 14:58:45,2949,125.71,13.8,3.397
VH-10034,2026-09-14 18:51:33,2466,118.19,14.06,2.703
VH-10034,2026-09-14 07:24:51,2768,114.47,13.43,3.553
VH-10006,2026-09-14 17:23:52,2870,95.44,13.97,1.096
VH-10006,2026-09-14 14:02:36,1814,93.22,13.84,0.86
VH-10006,2026-09-14 10:15:42,2300,91.08,13.85,0.974
VH-10006,2026-09-14 09:41:59,2607,91.86,13.72,1.085
VH-10006,2026-09-14 18:29:31,2873,90.52,14.22,1.487
VH-10006,2026-09-14 09:22:47,2275,90.81,14.3,0.859
VH-10049,2026-09-14 05:18:25,2727,92.31,14.13,1.97
VH-10049,2026-09-14 17:12:59,2609,123.75,13.52,2.931
VH-10049,2026-09-14 10:17:46,3264,131.98,13.93,2.532
VH-10049,2026-09-14 08:13:13,2434,130.63,13.87,2.79
VH-10049,2026-09-14 12:32:26,2697,117.16,13.34,2.653
VH-10049,2026-09-14 07:06:24,2593,125.94,13.57,2.049
VH-10005,2026-09-14 15:35:40,2231,88.98,14.31,0.887
VH-10005,2026-09-14 06:02:43,2514,94.56,14.19,0.697
VH-10005,2026-09-14 17:19:14,2403,93.61,13.88,1.724
VH-10005,2026-09-14 12:39:33,1790,94.25,14.27,0.697
VH-10005,2026-09-14 13:07:07,3014,89.21,14.28,1.255
VH-10005,2026-09-14 10:18:39,3124,90.7,14.08,1.534
VH-10042,2026-09-14 07:05:53,2204,45.62,13.93,1.782
VH-10042,2026-09-14 15:00:54,3156,53.89,14.03,1.583
VH-10042,2026-09-14 12:15:02,5381,43.52,13.82,1.285
VH-10042,2026-09-14 07:52:33,3083,42.98,14.09,0.589
VH-10042,2026-09-14 16:26:03,5035,55.12,13.75,0.939
VH-10042,2026-09-14 18:57:59,3617,37.17,14.19,1.628
VH-10007,2026-09-14 12:12:39,2333,92.42,13.99,0.853
VH-10007,2026-09-14 13:02:13,2132,92.94,14.0,1.386
VH-10007,2026-09-14 04:38:46,2559,92.5,14.13,1.596
VH-10007,2026-09-14 15:31:57,2663,92.52,14.28,1.214
VH-10007,2026-09-14 12:48:12,2793,92.3,14.19,1.624
VH-10007,2026-09-14 10:25:28,2860,95.55,14.16,1.752
VH-10009,2026-09-14 17:18:57,6070,47.63,13.79,1.704
VH-10009,2026-09-14 10:05:21,5312,36.25,13.95,1.373
VH-10009,2026-09-14 15:30:37,4806,39.9,14.2,0.85
VH-10009,2026-09-14 19:46:15,3265,53.01,13.97,1.815
VH-10009,2026-09-14 08:01:21,4753,48.1,13.96,1.735
VH-10009,2026-09-14 16:46:10,5614,38.47,13.74,1.255
VH-10019,2026-09-14 17:16:07,2467,91.39,14.43,1.32
VH-10019,2026-09-14 16:03:50,2534,91.9,14.16,0.963
VH-10019,2026-09-14 05:24:50,3153,88.26,14.2,0.906
VH-10019,2026-09-14 07:38:33,2660,96.39,14.46,1.71
VH-10019,2026-09-14 18:40:01,1603,92.39,14.01,1.305
VH-10019,2026-09-14 07:47:17,2401,94.4,14.0,0.916
VH-10037,2026-09-14 15:54:11,2338,90.99,14.17,1.678
VH-10037,2026-09-14 05:40:21,2214,94.17,14.06,1.641
VH-10037,2026-09-14 16:28:47,3149,92.91,13.73,0.819
VH-10037,2026-09-14 08:57:46,1684,88.19,13.97,1.917
VH-10037,2026-09-14 11:24:36,2861,91.39,14.26,1.699
VH-10037,2026-09-14 14:16:30,2786,93.82,13.83,1.294
VH-10044,2026-09-14 18:29:39,2756,90.36,13.8,1.837
VH-10044,2026-09-14 13:43:50,1887,93.48,13.83,1.519
VH-10044,2026-09-14 14:37:38,2589,93.41,13.95,1.201
VH-10044,2026-09-14 07:40:19,2041,91.26,14.36,1.663
VH-10044,2026-09-14 05:40:34,3199,94.01,14.45,1.819
VH-10044,2026-09-14 17:39:38,3140,87.11,14.15,1.082
VH-10001,2026-09-14 04:35:06,2997,94.42,14.1,1.346
VH-10001,2026-09-14 08:27:06,2032,95.57,14.01,1.558
VH-10001,2026-09-14 07:42:09,2144,93.36,14.11,1.354
VH-10001,2026-09-14 20:12:58,2821,92.33,14.31,1.906
VH-10001,2026-09-14 11:58:29,2917,89.89,14.52,1.31
VH-10001,2026-09-14 14:08:51,2414,89.77,14.06,0.942
VH-10024,2026-09-14 04:40:59,3275,54.32,13.93,1.368
VH-10024,2026-09-14 11:15:28,5537,39.1,13.82,1.621
VH-10024,2026-09-14 14:47:02,1737,44.05,13.83,1.812
VH-10024,2026-09-14 05:30:02,6381,46.5,13.76,0.982
VH-10024,2026-09-14 08:17:36,3222,39.88,13.86,1.653
VH-10024,2026-09-14 13:40:16,6134,37.6,13.77,0.996
VH-10026,2026-09-14 07:18:36,3943,96.67,14.06,4.85
VH-10026,2026-09-14 15:17:43,2375,94.23,14.31,0.859
VH-10026,2026-09-14 04:37:01,2952,93.94,14.45,1.176
VH-10026,2026-09-14 20:07:01,3064,93.13,14.16,0.814
VH-10026,2026-09-14 06:43:14,2730,93.89,14.05,1.553
VH-10026,2026-09-14 18:50:44,2728,89.65,13.92,1.899
VH-10020,2026-09-14 12:34:31,1747,92.28,13.99,1.446
VH-10020,2026-09-14 05:51:43,2223,95.7,13.81,1.532
VH-10020,2026-09-14 13:07:10,3085,92.31,14.18,0.968
VH-10020,2026-09-14 08:55:04,1760,92.04,13.99,1.061
VH-10020,2026-09-14 18:37:15,1719,91.91,14.17,0.881
VH-10020,2026-09-14 17:41:18,2230,93.08,14.02,1.15
VH-10021,2026-09-14 09:33:54,1756,91.04,14.1,1.625
VH-10021,2026-09-14 05:34:15,3053,89.63,14.46,0.716
VH-10021,2026-09-14 16:14:35,2103,91.44,14.09,1.464
VH-10021,2026-09-14 07:52:26,2405,96.25,13.88,1.357
VH-10021,2026-09-14 05:54:23,3095,93.22,14.09,1.259
VH-10021,2026-09-14 12:44:44,2492,92.41,13.99,0.878
VH-10010,2026-09-14 19:45:40,1850,94.41,14.49,1.085
VH-10010,2026-09-14 19:32:06,3131,94.37,14.39,1.207
VH-10010,2026-09-14 15:44:50,2105,92.21,13.95,0.676
VH-10010,2026-09-14 20:33:52,2760,91.32,14.12,0.989
VH-10010,2026-09-14 09:58:31,2938,92.78,14.23,0.905
VH-10010,2026-09-14 07:49:17,3160,93.62,13.8,0.979
VH-10041,2026-09-14 06:48:12,2061,111.76,13.6,2.508
VH-10041,2026-09-14 05:28:34,2729,129.36,13.96,3.238
VH-10041,2026-09-14 17:37:58,2724,121.02,13.55,3.254
VH-10041,2026-09-14 19:18:22,2551,116.73,13.87,2.234
VH-10041,2026-09-14 19:18:38,2599,121.0,13.75,2.475
VH-10041,2026-09-14 04:36:39,2367,120.94,13.59,2.31
VH-10004,2026-09-14 09:42:13,1894,96.41,14.18,1.173
VH-10004,2026-09-14 09:18:34,3084,89.02,14.25,1.905
VH-10004,2026-09-14 11:47:18,1752,93.03,14.09,1.788
VH-10004,2026-09-14 18:11:42,1834,89.43,14.57,1.784
VH-10004,2026-09-14 07:57:42,2529,89.26,14.15,1.689
VH-10004,2026-09-14 16:34:22,1866,89.24,14.46,1.565
VH-10027,2026-09-14 14:19:35,2022,92.0,14.29,1.021
VH-10027,2026-09-14 04:56:52,2884,88.77,14.31,1.554
VH-10027,2026-09-14 05:37:20,2133,93.76,14.13,0.991
VH-10027,2026-09-14 10:59:35,1706,92.29,14.16,0.997
VH-10027,2026-09-14 07:00:15,3115,93.3,14.1,1.036
VH-10027,2026-09-14 19:07:58,3034,88.35,14.43,1.312
VH-10033,2026-09-14 07:54:37,2614,92.57,10.3,1.601
VH-10033,2026-09-14 15:55:53,2497,93.08,11.21,0.733
VH-10033,2026-09-14 06:05:08,2505,93.0,11.54,1.394
VH-10033,2026-09-14 04:35:15,2593,88.32,10.11,0.988
VH-10033,2026-09-14 16:11:22,1822,93.02,11.04,1.31
VH-10033,2026-09-14 12:37:34,2349,90.38,14.34,1.438
VH-10017,2026-09-14 14:14:45,2256,88.29,14.35,0.974
VH-10017,2026-09-14 18:53:20,1876,93.72,13.72,0.786
VH-10017,2026-09-14 16:36:40,2297,90.15,13.95,1.668
VH-10017,2026-09-14 17:37:50,2074,90.85,13.97,0.619
VH-10017,2026-09-14 14:58:57,2874,88.06,14.03,0.933
VH-10017,2026-09-14 17:32:51,3076,93.53,14.1,1.158
VH-10016,2026-09-14 16:50:48,1747,90.11,14.35,1.397
VH-10016,2026-09-14 17:05:36,2209,90.28,14.2,0.839
VH-10016,2026-09-14 18:54:18,2568,91.32,13.96,1.311
VH-10016,2026-09-14 06:51:54,2153,93.85,13.89,1.084
VH-10016,2026-09-14 06:33:40,1939,90.97,14.24,1.636
VH-10016,2026-09-14 11:20:36,2200,89.52,14.25,0.98
VH-10029,2026-09-14 20:17:06,2037,94.16,14.18,1.171
VH-10029,2026-09-14 15:45:54,1908,97.44,14.06,1.133
VH-10029,2026-09-14 14:36:28,2673,93.57,14.02,1.107
VH-10029,2026-09-14 17:09:27,2170,94.72,14.37,1.656
VH-10029,2026-09-14 15:14:30,2799,88.68,14.13,1.57
VH-10029,2026-09-14 16:38:58,3124,92.82,13.93,1.542
VH-10036,2026-09-14 18:16:59,2351,91.26,13.83,1.568
VH-10036,2026-09-14 05:44:50,2538,95.02,13.95,0.928
VH-10036,2026-09-14 12:03:03,3142,92.13,14.34,1.354
VH-10036,2026-09-14 16:29:16,2814,89.31,14.0,1.421
VH-10036,2026-09-14 17:05:49,1836,87.74,14.18,0.956
VH-10036,2026-09-14 18:46:01,1758,90.25,14.14,0.957
VH-10035,2026-09-14 15:49:45,2126,88.96,11.47,1.57
VH-10035,2026-09-14 07:05:36,2366,95.75,11.47,1.437
VH-10035,2026-09-14 12:01:38,1628,93.31,9.89,0.958
VH-10035,2026-09-14 11:21:03,1998,90.34,11.3,1.635
VH-10035,2026-09-14 10:28:35,2449,92.89,9.84,1.269
VH-10035,2026-09-14 16:00:32,2088,88.6,13.84,1.701
VH-10031,2026-09-14 18:17:03,2867,89.51,9.96,1.684
VH-10031,2026-09-14 09:17:18,2042,94.93,10.82,1.606
VH-10031,2026-09-14 10:14:20,3003,90.65,10.83,1.254
VH-10031,2026-09-14 12:44:42,2453,95.58,10.24,0.971
VH-10031,2026-09-14 17:20:47,2646,89.86,14.39,0.79
VH-10031,2026-09-14 16:13:43,2966,91.89,13.9,1.427
VH-10038,2026-09-14 05:50:12,2073,90.59,13.9,1.076
VH-10038,2026-09-14 10:04:34,1878,92.08,14.05,0.737
VH-10038,2026-09-14 08:41:02,2313,89.78,14.15,1.449
VH-10038,2026-09-14 10:11:10,2119,90.58,13.96,1.622
VH-10038,2026-09-14 07:01:11,1955,93.84,13.91,1.252
VH-10038,2026-09-14 18:02:03,3106,94.62,14.37,1.054
VH-10018,2026-09-14 14:32:41,2271,101.46,13.86,6.928
VH-10018,2026-09-14 18:43:23,3918,95.64,14.15,5.614
VH-10018,2026-09-14 16:29:14,4107,95.94,13.93,6.199
VH-10018,2026-09-14 06:58:40,4104,99.44,14.19,4.898
VH-10018,2026-09-14 17:26:37,3479,94.33,13.84,8.336
VH-10018,2026-09-14 16:17:17,2849,92.66,14.2,8.907
VH-10040,2026-09-14 14:12:17,5264,66.56,13.24,2.43
VH-10040,2026-09-14 09:43:17,3023,49.93,13.82,1.631
VH-10040,2026-09-14 11:06:16,6221,34.43,13.74,1.004
VH-10040,2026-09-14 10:12:10,3436,48.8,13.75,1.107
VH-10040,2026-09-14 13:54:24,4142,37.81,13.93,1.57
VH-10040,2026-09-14 11:38:55,2137,48.74,14.19,2.028
VH-10014,2026-09-14 11:22:33,2886,90.65,13.99,1.106
VH-10014,2026-09-14 09:54:30,2440,91.37,14.4,1.528
VH-10014,2026-09-14 12:56:00,1685,89.5,14.21,1.043
VH-10014,2026-09-14 08:22:47,2653,97.57,14.14,0.791
VH-10014,2026-09-14 13:54:26,2293,88.82,14.07,1.276
VH-10014,2026-09-14 14:28:35,1805,90.73,13.91,1.042
VH-10045,2026-09-14 11:58:41,5580,50.15,14.05,1.441
VH-10045,2026-09-14 06:45:17,5830,52.13,13.97,1.827
VH-10045,2026-09-14 09:12:38,2653,51.17,13.72,1.418
VH-10045,2026-09-14 08:15:35,6021,54.43,14.05,1.19
VH-10045,2026-09-14 19:50:11,2458,46.51,13.62,1.387
VH-10045,2026-09-14 15:25:11,2342,45.15,13.95,0.893
VH-10011,2026-09-14 12:13:06,3382,92.39,14.03,7.844
VH-10011,2026-09-14 06:11:29,1782,88.78,14.02,1.324
VH-10011,2026-09-14 05:47:43,2259,88.19,14.22,1.014
VH-10011,2026-09-14 18:05:43,2232,90.47,14.1,1.323
VH-10011,2026-09-14 19:31:00,2106,93.4,14.18,1.002
VH-10011,2026-09-14 12:48:42,2001,90.14,14.05,1.53
VH-10012,2026-09-14 17:58:06,2904,89.92,14.24,1.066
VH-10012,2026-09-14 06:01:53,2860,90.12,14.29,1.032
VH-10012,2026-09-14 06:12:47,3041,88.67,14.03,1.366
VH-10012,2026-09-14 14:32:25,2759,93.39,13.95,1.938
VH-10012,2026-09-14 06:11:36,2397,91.01,14.39,1.122
VH-10012,2026-09-14 05:23:34,2971,95.28,14.09,1.196
VH-10050,2026-09-14 19:01:35,2074,89.99,14.14,1.865
VH-10050,2026-09-14 14:38:53,2793,89.58,14.4,1.2
VH-10050,2026-09-14 13:35:42,2067,91.29,14.26,0.969
VH-10050,2026-09-14 07:05:14,2754,88.82,13.96,0.763
VH-10050,2026-09-14 04:34:22,2328,88.4,14.44,1.018
VH-10050,2026-09-14 18:45:50,3050,90.97,13.98,0.948
VH-10008,2026-09-14 13:14:09,2583,94.02,13.96,1.327
VH-10008,2026-09-14 11:46:24,2103,95.84,14.48,1.547
VH-10008,2026-09-14 14:38:47,2024,94.16,14.13,1.475
VH-10008,2026-09-14 08:02:01,2955,93.59,14.03,1.544
VH-10008,2026-09-14 12:29:29,1843,96.41,14.17,1.456
VH-10008,2026-09-14 12:33:59,1686,95.75,14.29,1.917
VH-10023,2026-09-14 08:15:05,1788,95.23,14.27,1.954
VH-10023,2026-09-14 07:08:10,2900,94.65,13.78,0.995
VH-10023,2026-09-14 05:44:10,2709,93.34,14.51,1.982
VH-10023,2026-09-14 09:26:04,2328,91.35,14.32,1.093
VH-10023,2026-09-14 07:12:52,2314,90.67,14.24,1.753
VH-10023,2026-09-14 16:44:30,2958,89.94,14.02,0.824
VH-10032,2026-09-14 16:13:15,1620,92.03,14.26,0.909
VH-10032,2026-09-14 09:08:08,2094,94.16,14.1,1.591
VH-10032,2026-09-14 17:28:56,2050,91.6,14.11,1.097
VH-10032,2026-09-14 14:08:53,1964,94.19,14.26,1.048
VH-10032,2026-09-14 16:09:33,3113,88.35,13.93,1.724
VH-10032,2026-09-14 16:17:30,2231,90.92,13.97,1.337
VH-10047,2026-09-14 18:34:23,1948,89.48,14.11,1.174
VH-10047,2026-09-14 13:22:08,2684,89.16,13.75,1.694
VH-10047,2026-09-14 05:48:51,2640,95.23,13.91,0.751
VH-10047,2026-09-14 15:27:04,2331,95.2,13.96,1.221
VH-10047,2026-09-14 18:24:10,3125,88.75,14.15,1.57
VH-10047,2026-09-14 18:27:45,1956,88.01,14.05,0.921
VH-10013,2026-09-14 16:11:07,3471,117.4,13.33,2.742
VH-10013,2026-09-14 07:11:21,3399,125.98,13.57,3.383
VH-10013,2026-09-14 07:22:30,3206,126.14,13.54,2.761
VH-10013,2026-09-14 09:56:37,2652,119.77,13.64,2.788
VH-10013,2026-09-14 15:17:42,2821,129.29,13.63,2.956
VH-10013,2026-09-14 18:33:28,2290,88.13,13.97,1.704
VH-10025,2026-09-14 15:00:43,2235,95.62,14.14,0.939
VH-10025,2026-09-14 06:25:00,2413,91.12,13.86,1.938
VH-10025,2026-09-14 10:06:34,2205,87.32,14.02,1.331
VH-10025,2026-09-14 05:14:50,2285,88.68,13.81,1.643
VH-10025,2026-09-14 13:50:55,1875,96.2,14.19,1.003
VH-10025,2026-09-14 18:50:48,2890,89.32,14.2,0.83
VH-10039,2026-09-15 17:49:24,1652,94.06,14.16,0.607
VH-10039,2026-09-15 15:12:59,1808,92.39,13.98,1.566
VH-10039,2026-09-15 19:58:00,2136,96.36,14.35,0.902
VH-10039,2026-09-15 13:44:12,2202,95.2,14.51,0.866
VH-10039,2026-09-15 06:27:40,1956,89.51,14.02,0.971
VH-10039,2026-09-15 06:10:24,2516,95.57,14.54,1.87
VH-10016,2026-09-15 17:17:08,2562,98.11,14.05,7.768
VH-10016,2026-09-15 10:26:45,2905,98.71,14.13,6.97
VH-10016,2026-09-15 16:08:21,3126,96.18,13.84,8.195
VH-10016,2026-09-15 18:13:04,3601,93.57,14.02,7.212
VH-10016,2026-09-15 18:30:12,3302,95.2,14.1,5.753
VH-10016,2026-09-15 07:16:19,2447,101.35,14.26,6.819
VH-10047,2026-09-15 15:23:41,2134,94.55,14.43,1.219
VH-10047,2026-09-15 19:56:47,3023,94.83,14.28,1.039
VH-10047,2026-09-15 20:29:11,2656,89.68,14.2,1.618
VH-10047,2026-09-15 12:24:41,2969,94.81,13.91,0.918
VH-10047,2026-09-15 18:34:53,3153,95.3,13.91,1.176
VH-10047,2026-09-15 20:23:03,1683,96.55,14.19,0.736
VH-10035,2026-09-15 08:46:07,2177,93.67,14.13,1.533
VH-10035,2026-09-15 08:01:07,2323,91.32,14.22,0.973
VH-10035,2026-09-15 04:34:56,2894,90.67,14.03,1.0
VH-10035,2026-09-15 12:28:51,2088,90.58,14.4,1.184
VH-10035,2026-09-15 15:21:53,1949,89.94,14.26,0.774
VH-10035,2026-09-15 07:48:37,3156,90.8,13.93,1.93
VH-10021,2026-09-15 20:13:37,2189,91.31,13.94,1.132
VH-10021,2026-09-15 06:06:19,1871,89.96,14.06,1.671
VH-10021,2026-09-15 15:17:03,1912,93.98,13.99,1.354
VH-10021,2026-09-15 07:40:26,2840,92.6,14.43,1.59
VH-10021,2026-09-15 09:26:47,2678,89.68,14.35,1.979
VH-10021,2026-09-15 13:21:49,2320,91.53,14.29,1.35
VH-10015,2026-09-15 13:42:54,1820,90.98,13.92,0.885
VH-10015,2026-09-15 16:54:17,2216,90.27,14.11,1.78
VH-10015,2026-09-15 14:44:31,2647,93.59,14.12,1.386
VH-10015,2026-09-15 12:31:12,1768,91.14,14.21,0.783
VH-10015,2026-09-15 18:18:49,2622,90.93,14.16,1.676
VH-10015,2026-09-15 19:21:18,2114,96.67,14.09,1.121
VH-10041,2026-09-15 05:19:24,2949,118.6,13.69,2.972
VH-10041,2026-09-15 19:32:20,1689,91.27,14.5,1.184
VH-10041,2026-09-15 06:28:38,2080,93.46,14.53,1.582
VH-10041,2026-09-15 10:48:34,1601,92.99,14.36,1.049
VH-10041,2026-09-15 10:00:25,1779,93.4,14.13,1.95
VH-10041,2026-09-15 16:22:43,3011,92.97,14.56,1.634
VH-10045,2026-09-15 12:45:46,6089,39.64,13.64,1.536
VH-10045,2026-09-15 14:55:23,3101,37.6,14.02,1.063
VH-10045,2026-09-15 04:51:14,6129,47.97,13.69,1.133
VH-10045,2026-09-15 06:29:12,2163,47.5,14.14,1.072
VH-10045,2026-09-15 11:34:53,5579,50.56,13.85,1.148
VH-10045,2026-09-15 19:42:08,2868,42.87,14.15,1.586
VH-10022,2026-09-15 05:43:30,2765,96.06,14.25,1.365
VH-10022,2026-09-15 15:45:13,2768,94.02,14.35,0.934
VH-10022,2026-09-15 19:05:43,1818,93.17,14.18,1.53
VH-10022,2026-09-15 15:51:29,3138,89.98,14.0,0.614
VH-10022,2026-09-15 08:56:04,1788,89.71,13.95,0.912
VH-10022,2026-09-15 13:49:48,2572,97.24,14.13,1.206
VH-10033,2026-09-15 07:21:55,2349,90.69,14.27,0.837
VH-10033,2026-09-15 07:08:21,1996,97.25,14.01,0.945
VH-10033,2026-09-15 06:22:06,3145,93.07,13.74,0.937
VH-10033,2026-09-15 19:17:29,1957,93.93,13.89,2.02
VH-10033,2026-09-15 16:56:03,2977,90.24,13.95,1.578
VH-10033,2026-09-15 05:47:35,2327,95.05,14.53,1.699
VH-10019,2026-09-15 13:01:38,2386,94.91,13.89,1.197
VH-10019,2026-09-15 19:11:11,2328,94.96,14.12,0.768
VH-10019,2026-09-15 05:57:49,2133,95.84,13.8,0.954
VH-10019,2026-09-15 19:39:50,2941,94.93,13.95,1.467
VH-10019,2026-09-15 20:32:25,2476,87.69,14.17,1.732
VH-10019,2026-09-15 10:33:16,3119,94.45,14.35,0.896
VH-10037,2026-09-15 05:17:58,2909,92.06,14.54,0.58
VH-10037,2026-09-15 11:55:44,2356,96.96,14.42,1.37
VH-10037,2026-09-15 18:57:59,2776,91.49,14.38,1.492
VH-10037,2026-09-15 06:21:00,2036,90.99,13.88,1.515
VH-10037,2026-09-15 14:38:02,2527,93.49,14.36,1.356
VH-10037,2026-09-15 11:37:59,2283,92.28,14.23,1.407
VH-10005,2026-09-15 12:57:17,2833,96.54,14.23,1.477
VH-10005,2026-09-15 09:03:32,2499,94.21,13.95,0.99
VH-10005,2026-09-15 16:29:50,1990,90.75,14.32,1.299
VH-10005,2026-09-15 09:36:47,2370,88.12,14.35,0.659
VH-10005,2026-09-15 08:13:41,2755,93.35,14.22,0.742
VH-10005,2026-09-15 04:58:47,2054,89.56,14.32,1.37
VH-10028,2026-09-15 07:03:15,2858,99.02,14.25,5.65
VH-10028,2026-09-15 13:01:04,3426,97.52,14.13,5.588
VH-10028,2026-09-15 08:01:02,3592,98.32,14.07,8.576
VH-10028,2026-09-15 06:36:12,2870,96.98,14.35,5.103
VH-10028,2026-09-15 18:37:15,2651,90.96,14.04,1.676
VH-10028,2026-09-15 04:58:17,2529,86.83,11.45,1.612
VH-10023,2026-09-15 08:42:57,3038,92.97,14.21,1.509
VH-10023,2026-09-15 05:42:10,1756,95.16,14.41,1.894
VH-10023,2026-09-15 07:35:01,2548,90.22,14.26,1.079
VH-10023,2026-09-15 13:39:16,3191,94.96,13.88,0.753
VH-10023,2026-09-15 16:51:00,2808,95.51,14.05,0.956
VH-10023,2026-09-15 19:36:06,2269,89.89,13.98,1.882
VH-10043,2026-09-15 13:33:58,3066,87.67,14.11,1.961
VH-10043,2026-09-15 05:55:55,2307,94.52,14.37,0.986
VH-10043,2026-09-15 09:00:24,2367,89.06,13.92,1.258
VH-10043,2026-09-15 08:28:54,1914,87.24,13.95,0.664
VH-10043,2026-09-15 11:41:00,2520,90.88,14.29,1.482
VH-10043,2026-09-15 20:09:11,1999,92.47,13.86,1.433
VH-10036,2026-09-15 17:00:36,3151,95.41,14.09,1.271
VH-10036,2026-09-15 18:15:30,2825,89.83,14.44,1.038
VH-10036,2026-09-15 14:26:49,2126,97.37,14.5,1.656
VH-10036,2026-09-15 16:03:40,1841,88.85,14.25,1.28
VH-10036,2026-09-15 11:15:04,2550,93.27,13.93,1.55
VH-10036,2026-09-15 14:50:59,2893,90.9,14.24,1.326
VH-10042,2026-09-15 13:55:51,1980,37.83,13.97,1.442
VH-10042,2026-09-15 17:00:31,6115,42.84,14.09,1.211
VH-10042,2026-09-15 08:49:30,4227,49.77,13.68,0.993
VH-10042,2026-09-15 18:26:34,4519,39.58,14.28,0.774
VH-10042,2026-09-15 04:41:23,5323,49.43,13.75,1.414
VH-10042,2026-09-15 04:41:09,2230,37.65,13.74,1.742
VH-10010,2026-09-15 10:38:33,2159,89.4,13.96,1.097
VH-10010,2026-09-15 06:11:00,2013,93.77,14.24,1.611
VH-10010,2026-09-15 08:42:06,1731,87.13,14.27,1.401
VH-10010,2026-09-15 12:52:25,3088,115.85,13.93,2.87
VH-10010,2026-09-15 18:14:23,3017,123.61,13.63,2.824
VH-10010,2026-09-15 18:21:25,3457,126.57,13.52,2.974
VH-10038,2026-09-15 19:39:28,1980,90.73,14.48,0.983
VH-10038,2026-09-15 13:20:35,2176,97.19,14.16,1.095
VH-10038,2026-09-15 18:05:30,1875,95.2,14.4,1.594
VH-10038,2026-09-15 14:16:41,2742,93.29,14.03,1.76
VH-10038,2026-09-15 10:15:30,2843,92.07,14.09,1.936
VH-10038,2026-09-15 14:56:55,3091,91.74,13.96,0.93
VH-10018,2026-09-15 16:41:18,3938,99.84,14.08,5.614
VH-10018,2026-09-15 06:20:33,2501,92.58,14.25,1.22
VH-10018,2026-09-15 10:49:47,2094,96.52,14.33,0.573
VH-10018,2026-09-15 16:21:33,2818,90.47,14.3,1.68
VH-10018,2026-09-15 20:16:58,1959,95.55,13.94,0.914
VH-10018,2026-09-15 11:40:58,1728,90.78,13.94,0.967
VH-10034,2026-09-15 14:27:47,3253,119.84,13.71,2.567
VH-10034,2026-09-15 19:38:40,2296,113.73,13.9,3.426
VH-10034,2026-09-15 07:32:14,2605,128.24,13.63,2.709
VH-10034,2026-09-15 19:47:50,2889,129.69,13.69,2.573
VH-10034,2026-09-15 09:33:46,2739,123.34,13.73,2.935
VH-10034,2026-09-15 14:40:31,2480,123.65,13.52,2.699
VH-10049,2026-09-15 15:37:03,2961,122.55,13.74,3.605
VH-10049,2026-09-15 17:07:32,3078,129.68,13.69,3.035
VH-10049,2026-09-15 06:39:31,2668,131.41,13.87,3.03
VH-10049,2026-09-15 08:07:13,2405,93.09,14.39,0.636
VH-10049,2026-09-15 12:17:34,2726,89.41,14.05,1.354
VH-10049,2026-09-15 11:19:08,2501,95.72,13.87,1.517
VH-10046,2026-09-15 14:17:31,2230,96.15,14.05,0.912
VH-10046,2026-09-15 19:21:42,2195,90.35,14.46,1.884
VH-10046,2026-09-15 08:06:24,2100,91.11,14.09,1.025
VH-10046,2026-09-15 17:46:13,3104,90.74,14.13,1.895
VH-10046,2026-09-15 10:27:09,1647,90.31,14.41,1.291
VH-10046,2026-09-15 15:35:43,3057,89.48,13.87,0.725
VH-10044,2026-09-15 10:42:35,2121,91.38,14.27,1.349
VH-10044,2026-09-15 12:46:47,2180,93.32,13.84,1.144
VH-10044,2026-09-15 07:09:53,1615,94.47,14.26,0.987
VH-10044,2026-09-15 11:19:54,2912,89.73,13.99,0.884
VH-10044,2026-09-15 08:13:45,2836,90.5,14.23,0.736
VH-10044,2026-09-15 16:03:37,1810,92.13,14.53,1.349
VH-10011,2026-09-15 09:00:19,1777,89.76,14.14,1.574
VH-10011,2026-09-15 17:29:38,3134,87.87,14.52,1.105
VH-10011,2026-09-15 19:31:29,1836,91.02,13.99,1.782
VH-10011,2026-09-15 10:25:02,2863,88.7,14.25,1.664
VH-10011,2026-09-15 15:01:59,2882,93.08,13.82,0.784
VH-10011,2026-09-15 14:50:45,2446,91.18,13.84,1.429
VH-10003,2026-09-15 14:35:23,2423,88.05,14.17,1.843
VH-10003,2026-09-15 15:02:30,2205,91.81,13.92,1.703
VH-10003,2026-09-15 19:47:50,2950,91.08,14.31,1.953
VH-10003,2026-09-15 19:52:03,3195,89.54,13.92,0.904
VH-10003,2026-09-15 15:37:45,2451,90.59,14.17,1.392
VH-10003,2026-09-15 12:52:41,1760,89.16,13.99,1.291
VH-10031,2026-09-15 11:51:06,1652,90.37,14.39,1.898
VH-10031,2026-09-15 19:01:04,2463,95.68,14.51,1.667
VH-10031,2026-09-15 12:31:49,2369,91.11,14.14,1.431
VH-10031,2026-09-15 12:46:48,1849,95.95,14.17,1.078
VH-10031,2026-09-15 12:36:50,2286,94.79,14.28,1.268
VH-10031,2026-09-15 09:27:09,1763,94.97,14.17,0.982
VH-10001,2026-09-15 13:04:43,2620,94.15,14.38,1.189
VH-10001,2026-09-15 20:13:57,2552,95.16,14.01,1.068
VH-10001,2026-09-15 14:00:15,2853,90.22,14.17,1.599
VH-10001,2026-09-15 15:40:12,2929,94.92,14.17,1.556
VH-10001,2026-09-15 16:59:44,2710,95.33,14.29,1.243
VH-10001,2026-09-15 17:25:32,2067,95.38,14.26,1.885
VH-10040,2026-09-15 06:20:39,4563,51.56,14.35,0.886
VH-10040,2026-09-15 16:04:38,6167,43.74,14.15,2.064
VH-10040,2026-09-15 10:22:56,1940,41.01,13.82,1.109
VH-10040,2026-09-15 19:00:42,2430,53.55,14.16,1.091
VH-10040,2026-09-15 13:20:25,2487,42.18,13.68,1.671
VH-10040,2026-09-15 15:50:10,1913,34.29,13.97,1.524
VH-10002,2026-09-15 09:51:17,2523,89.85,14.18,1.138
VH-10002,2026-09-15 10:38:24,2897,89.23,13.98,1.759
VH-10002,2026-09-15 20:30:03,1753,95.56,14.37,1.383
VH-10002,2026-09-15 14:20:20,2914,93.11,13.91,1.531
VH-10002,2026-09-15 08:39:56,1777,96.29,14.31,1.867
VH-10002,2026-09-15 11:39:25,3007,89.04,14.46,1.838
VH-10024,2026-09-15 18:18:52,4113,35.66,13.84,0.715
VH-10024,2026-09-15 17:55:10,5051,52.31,13.83,1.675
VH-10024,2026-09-15 19:03:17,5293,39.35,13.8,1.478
VH-10024,2026-09-15 07:05:35,5418,35.75,14.02,1.664
VH-10024,2026-09-15 19:11:06,2817,50.0,13.94,1.176
VH-10024,2026-09-15 05:18:11,5965,46.9,14.17,0.756
VH-10030,2026-09-15 15:27:47,2822,89.1,14.38,1.511
VH-10030,2026-09-15 20:18:28,1996,92.58,13.82,1.723
VH-10030,2026-09-15 17:06:41,3339,94.9,14.38,8.156
VH-10030,2026-09-15 13:54:41,3590,95.57,14.03,5.599
VH-10030,2026-09-15 17:52:24,2507,97.98,13.87,5.824
VH-10030,2026-09-15 12:38:19,2338,96.56,13.98,6.75
VH-10027,2026-09-15 14:57:58,2508,90.67,14.0,1.216
VH-10027,2026-09-15 13:05:39,2012,96.1,13.94,1.284
VH-10027,2026-09-15 05:43:27,3182,94.22,14.21,1.661
VH-10027,2026-09-15 12:12:49,2854,93.06,14.04,1.839
VH-10027,2026-09-15 10:49:43,2001,91.45,14.41,1.309
VH-10027,2026-09-15 08:56:43,2516,90.07,14.5,1.166
VH-10050,2026-09-15 10:21:20,1676,92.92,14.38,1.403
VH-10050,2026-09-15 19:48:57,1872,90.71,14.14,0.985
VH-10050,2026-09-15 16:35:53,2027,96.66,14.02,1.528
VH-10050,2026-09-15 17:03:20,1915,90.08,14.1,0.906
VH-10050,2026-09-15 19:21:39,2702,94.13,14.46,1.275
VH-10050,2026-09-15 07:12:13,2780,92.76,14.51,1.165
VH-10025,2026-09-15 05:57:24,2174,87.33,13.99,1.927
VH-10025,2026-09-15 11:43:28,3019,92.13,13.89,1.188
VH-10025,2026-09-15 18:22:36,1889,92.42,13.85,0.894
VH-10025,2026-09-15 17:28:24,2313,92.76,13.89,0.942
VH-10025,2026-09-15 09:10:10,2212,94.49,14.24,1.679
VH-10025,2026-09-15 05:11:50,2646,91.92,14.47,2.014
VH-10029,2026-09-15 15:18:12,1732,96.11,14.29,1.014
VH-10029,2026-09-15 19:57:28,2187,97.05,14.08,1.786
VH-10029,2026-09-15 06:05:42,2775,91.9,14.18,0.81
VH-10029,2026-09-15 17:20:54,2263,94.49,13.85,0.768
VH-10029,2026-09-15 16:21:14,2575,95.38,14.41,1.928
VH-10029,2026-09-15 12:28:45,2253,88.69,14.09,1.463
VH-10013,2026-09-15 18:08:08,1917,95.65,14.25,1.249
VH-10013,2026-09-15 06:56:34,2309,96.24,14.09,1.577
VH-10013,2026-09-15 12:54:33,2293,90.56,13.97,0.913
VH-10013,2026-09-15 13:23:16,3184,92.64,14.09,0.693
VH-10013,2026-09-15 05:49:46,2488,91.22,14.27,0.883
VH-10013,2026-09-15 18:12:34,1626,96.38,14.39,0.761
VH-10032,2026-09-15 09:08:05,1684,93.73,14.06,0.637
VH-10032,2026-09-15 17:11:01,2686,89.2,14.16,0.905
VH-10032,2026-09-15 16:42:43,2080,86.76,14.13,1.359
VH-10032,2026-09-15 05:54:35,2746,94.51,14.27,1.259
VH-10032,2026-09-15 16:21:44,2267,92.01,14.34,0.582
VH-10032,2026-09-15 12:09:04,2230,91.92,14.33,0.731
VH-10008,2026-09-15 15:50:43,2684,91.06,14.16,1.382
VH-10008,2026-09-15 06:27:34,1613,92.54,14.33,0.805
VH-10008,2026-09-15 07:43:04,3197,92.07,14.25,1.696
VH-10008,2026-09-15 17:02:04,2337,88.52,14.02,0.709
VH-10008,2026-09-15 19:01:32,2776,91.59,14.36,1.594
VH-10008,2026-09-15 14:05:28,1911,94.18,14.47,0.587
VH-10004,2026-09-15 17:26:05,2473,112.93,13.84,2.231
VH-10004,2026-09-15 13:17:52,2332,119.8,13.49,2.978
VH-10004,2026-09-15 08:49:42,2848,123.63,13.98,3.376
VH-10004,2026-09-15 11:40:27,2563,129.65,13.67,2.628
VH-10004,2026-09-15 11:22:07,1970,91.9,13.95,1.151
VH-10004,2026-09-15 17:00:59,3131,91.88,14.11,1.563
VH-10020,2026-09-15 16:33:07,2040,93.88,13.91,1.462
VH-10020,2026-09-15 14:51:25,3009,92.84,14.47,1.48
VH-10020,2026-09-15 19:14:09,2160,92.44,14.29,0.877
VH-10020,2026-09-15 07:56:53,2899,95.31,14.33,1.995
VH-10020,2026-09-15 14:50:18,1672,87.98,14.24,1.708
VH-10020,2026-09-15 18:08:46,2242,94.23,13.91,1.927
VH-10009,2026-09-15 20:01:38,4385,46.83,13.8,1.628
VH-10009,2026-09-15 12:32:02,5005,38.91,13.82,1.893
VH-10009,2026-09-15 16:40:30,2812,45.65,13.92,1.069
VH-10009,2026-09-15 10:46:16,2172,47.31,13.58,1.631
VH-10009,2026-09-15 19:31:11,5651,42.71,13.79,0.933
VH-10009,2026-09-15 10:21:22,2403,46.55,13.85,1.251
VH-10026,2026-09-15 09:56:44,2964,95.03,14.35,1.634
VH-10026,2026-09-15 15:18:54,2223,86.72,14.1,1.297
VH-10026,2026-09-15 09:10:51,3127,92.46,14.19,1.011
VH-10026,2026-09-15 08:07:08,2192,88.73,13.99,0.762
VH-10026,2026-09-15 07:12:08,1858,92.17,13.99,0.916
VH-10026,2026-09-15 04:38:38,1778,94.2,13.8,1.87
VH-10017,2026-09-15 13:53:31,2102,90.51,14.52,1.618
VH-10017,2026-09-15 07:51:38,1823,90.76,14.41,1.687
VH-10017,2026-09-15 18:31:44,3082,93.17,13.84,0.888
VH-10017,2026-09-15 19:41:47,2915,87.67,14.45,1.543
VH-10017,2026-09-15 15:54:45,2711,93.74,13.97,1.401
VH-10017,2026-09-15 18:20:15,2659,88.71,13.87,1.898
VH-10009,2026-09-16 20:15:03,2636,52.39,13.84,0.896
VH-10009,2026-09-16 14:37:27,2697,53.88,13.81,0.666
VH-10009,2026-09-16 10:55:04,4926,50.72,13.91,1.3
VH-10009,2026-09-16 16:29:24,6114,44.16,13.67,1.165
VH-10009,2026-09-16 17:52:20,4611,52.16,14.07,1.405
VH-10009,2026-09-16 05:18:31,3485,38.56,14.19,1.247
VH-10030,2026-09-16 11:01:34,3228,95.53,13.83,8.602
VH-10030,2026-09-16 10:01:13,2257,95.94,14.12,5.668
VH-10030,2026-09-16 12:47:34,3533,97.26,14.17,5.994
VH-10030,2026-09-16 09:43:31,1730,92.24,13.95,1.257
VH-10030,2026-09-16 15:59:34,1932,93.72,14.37,1.562
VH-10030,2026-09-16 11:08:23,2435,90.17,14.16,0.648
VH-10046,2026-09-16 06:49:25,3033,96.47,14.2,1.495
VH-10046,2026-09-16 06:53:29,2039,95.75,14.13,1.471
VH-10046,2026-09-16 12:13:38,2010,94.03,13.84,0.977
VH-10046,2026-09-16 10:55:55,3147,90.93,14.48,1.03
VH-10046,2026-09-16 17:01:05,3082,95.5,11.55,1.484
VH-10046,2026-09-16 13:04:17,2333,89.89,9.88,1.681
VH-10011,2026-09-16 06:37:02,1641,88.53,14.34,1.469
VH-10011,2026-09-16 09:41:06,2821,91.84,13.86,0.799
VH-10011,2026-09-16 09:33:21,2072,91.97,14.04,1.759
VH-10011,2026-09-16 19:40:32,2146,90.98,14.33,1.207
VH-10011,2026-09-16 06:24:04,2990,88.23,14.04,1.315
VH-10011,2026-09-16 11:32:22,2405,90.16,13.93,0.892
VH-10013,2026-09-16 17:26:58,1985,88.75,14.4,1.562
VH-10013,2026-09-16 11:19:46,2200,92.51,14.0,1.782
VH-10013,2026-09-16 10:14:35,2793,115.63,13.37,3.106
VH-10013,2026-09-16 18:06:49,2213,122.89,13.45,3.418
VH-10013,2026-09-16 11:16:44,2311,132.09,14.08,2.994
VH-10013,2026-09-16 18:51:35,2045,121.91,14.16,1.997
VH-10042,2026-09-16 15:55:18,4177,47.12,13.87,0.906
VH-10042,2026-09-16 10:45:07,2569,45.02,14.12,1.381
VH-10042,2026-09-16 16:26:45,3700,37.99,13.77,1.025
VH-10042,2026-09-16 16:30:05,3996,50.27,13.93,1.375
VH-10042,2026-09-16 14:21:23,4284,43.84,14.0,1.728
VH-10042,2026-09-16 09:03:32,1839,47.32,14.04,1.894
VH-10002,2026-09-16 10:56:06,2017,90.53,14.03,0.693
VH-10002,2026-09-16 07:44:33,2722,92.63,14.18,1.655
VH-10002,2026-09-16 08:09:13,1697,94.28,14.41,1.35
VH-10002,2026-09-16 08:25:30,2197,86.57,14.2,1.235
VH-10002,2026-09-16 13:04:51,1930,97.0,14.19,1.944
VH-10002,2026-09-16 10:25:37,1877,91.07,14.12,0.884
VH-10039,2026-09-16 11:13:10,1626,96.62,13.91,0.883
VH-10039,2026-09-16 12:42:34,2769,93.49,14.39,1.761
VH-10039,2026-09-16 10:03:01,2485,92.44,13.97,1.208
VH-10039,2026-09-16 14:25:00,1851,95.87,14.41,1.601
VH-10039,2026-09-16 09:34:49,2558,92.06,13.97,1.03
VH-10039,2026-09-16 15:13:15,2299,92.17,14.1,1.432
VH-10043,2026-09-16 12:05:49,2688,91.25,14.03,1.385
VH-10043,2026-09-16 18:46:00,2556,88.32,13.86,1.266
VH-10043,2026-09-16 11:34:06,2383,93.78,14.46,0.832
VH-10043,2026-09-16 11:39:10,1787,94.71,14.23,1.517
VH-10043,2026-09-16 09:43:37,2004,89.27,14.13,0.748
VH-10043,2026-09-16 11:15:52,3016,92.38,13.95,1.321
VH-10003,2026-09-16 17:01:42,2421,90.1,14.45,1.427
VH-10003,2026-09-16 09:45:43,1877,91.11,14.38,1.416
VH-10003,2026-09-16 10:26:56,3161,94.37,13.93,1.0
VH-10003,2026-09-16 15:09:26,2053,89.27,13.98,1.315
VH-10003,2026-09-16 17:52:16,3017,95.05,14.19,0.715
VH-10003,2026-09-16 19:06:24,1629,86.96,10.14,1.247
VH-10049,2026-09-16 13:10:18,1633,94.11,13.84,2.008
VH-10049,2026-09-16 13:44:40,3095,90.41,14.45,1.417
VH-10049,2026-09-16 10:58:42,2926,95.73,14.08,1.792
VH-10049,2026-09-16 09:58:49,3052,88.87,14.3,0.842
VH-10049,2026-09-16 09:25:17,1602,89.56,14.45,1.425
VH-10049,2026-09-16 14:28:49,1792,94.97,14.04,0.901
VH-10044,2026-09-16 18:21:13,2715,89.29,14.28,1.782
VH-10044,2026-09-16 10:27:21,2538,93.76,14.35,0.862
VH-10044,2026-09-16 16:58:15,2354,93.98,14.36,0.935
VH-10044,2026-09-16 06:32:46,1688,92.35,13.94,0.703
VH-10044,2026-09-16 20:22:04,3159,94.02,13.75,0.976
VH-10044,2026-09-16 09:31:25,2880,94.18,14.18,1.179
VH-10020,2026-09-16 09:11:51,1672,90.93,13.9,0.827
VH-10020,2026-09-16 11:48:47,2983,90.22,13.99,0.942
VH-10020,2026-09-16 20:22:58,2098,92.37,14.39,1.357
VH-10020,2026-09-16 19:09:03,2401,87.02,14.26,1.227
VH-10020,2026-09-16 17:55:17,3005,89.53,14.01,1.074
VH-10020,2026-09-16 04:58:44,2984,94.74,14.39,1.261
VH-10025,2026-09-16 18:43:14,2808,90.63,13.82,0.972
VH-10025,2026-09-16 11:11:18,1772,91.4,14.32,1.549
VH-10025,2026-09-16 17:50:08,2881,92.53,13.87,1.17
VH-10025,2026-09-16 13:52:26,1949,92.02,14.46,1.632
VH-10025,2026-09-16 09:19:44,2930,90.04,14.46,1.672
VH-10025,2026-09-16 18:25:22,1719,93.68,14.3,1.191
VH-10018,2026-09-16 17:48:19,1812,89.19,13.92,1.637
VH-10018,2026-09-16 05:49:41,1925,88.84,14.43,0.932
VH-10018,2026-09-16 11:07:33,2483,91.17,14.12,0.974
VH-10018,2026-09-16 13:19:38,2624,89.29,14.26,1.435
VH-10018,2026-09-16 08:23:14,2836,94.7,14.52,1.505
VH-10018,2026-09-16 08:27:17,2676,87.48,13.89,1.605
VH-10017,2026-09-16 15:50:07,2812,94.32,14.24,1.542
VH-10017,2026-09-16 08:28:19,2289,92.79,14.31,1.01
VH-10017,2026-09-16 07:59:46,2548,93.78,14.23,1.455
VH-10017,2026-09-16 18:39:45,2860,89.84,14.54,1.126
VH-10017,2026-09-16 15:39:11,3162,92.44,14.04,0.771
VH-10017,2026-09-16 09:40:24,1761,94.28,14.46,1.105
VH-10022,2026-09-16 14:21:25,2381,91.27,10.39,1.348
VH-10022,2026-09-16 17:48:30,2787,98.11,10.86,1.537
VH-10022,2026-09-16 18:07:57,3095,91.18,9.99,1.096
VH-10022,2026-09-16 15:39:53,1777,91.47,11.35,0.729
VH-10022,2026-09-16 07:04:11,2392,93.63,11.12,1.454
VH-10022,2026-09-16 17:54:01,3013,95.18,11.48,1.576
VH-10001,2026-09-16 19:42:44,2671,95.72,14.4,1.365
VH-10001,2026-09-16 12:23:28,2124,90.18,14.07,0.887
VH-10001,2026-09-16 07:24:25,2439,93.42,14.38,0.981
VH-10001,2026-09-16 05:16:28,2203,97.14,14.01,1.583
VH-10001,2026-09-16 07:02:14,2399,90.74,14.33,1.564
VH-10001,2026-09-16 16:24:46,2308,93.24,13.87,1.694
VH-10016,2026-09-16 19:37:00,3175,96.19,13.85,6.456
VH-10016,2026-09-16 15:59:05,3887,93.79,14.21,4.928
VH-10016,2026-09-16 19:24:01,2247,101.52,14.29,4.773
VH-10016,2026-09-16 05:18:32,3784,96.49,14.14,7.566
VH-10016,2026-09-16 10:26:07,2438,89.17,14.26,1.048
VH-10016,2026-09-16 11:46:33,2843,93.05,14.16,0.817
VH-10033,2026-09-16 18:17:59,2901,93.5,14.34,1.804
VH-10033,2026-09-16 10:11:49,2615,91.26,14.04,1.441
VH-10033,2026-09-16 11:49:08,2757,93.14,13.78,0.981
VH-10033,2026-09-16 17:56:46,3106,93.91,14.36,1.249
VH-10033,2026-09-16 15:01:32,1903,95.53,14.22,1.336
VH-10033,2026-09-16 15:13:14,2544,93.06,14.22,0.832
VH-10034,2026-09-16 08:07:59,2291,127.72,13.7,2.365
VH-10034,2026-09-16 17:39:37,3268,118.1,13.99,3.232
VH-10034,2026-09-16 14:45:49,2441,95.49,14.35,1.622
VH-10034,2026-09-16 07:57:05,2706,94.11,14.18,1.226
VH-10034,2026-09-16 08:50:31,2510,95.29,14.22,1.134
VH-10034,2026-09-16 14:36:31,2143,91.46,14.43,0.961
VH-10031,2026-09-16 17:02:44,3065,91.45,13.99,0.849
VH-10031,2026-09-16 18:37:39,3064,87.99,14.48,0.932
VH-10031,2026-09-16 13:47:46,3130,91.17,14.19,1.668
VH-10031,2026-09-16 09:53:41,3007,95.57,14.23,1.63
VH-10031,2026-09-16 10:05:09,1697,91.63,14.13,0.964
VH-10031,2026-09-16 14:26:08,3159,91.38,14.0,1.619
VH-10048,2026-09-16 14:12:35,1808,90.6,14.45,1.515
VH-10048,2026-09-16 05:10:50,3076,93.35,14.34,1.819
VH-10048,2026-09-16 12:59:39,2553,89.29,14.11,1.05
VH-10048,2026-09-16 17:20:21,3019,92.22,13.92,1.648
VH-10048,2026-09-16 04:56:40,2809,97.11,14.14,0.675
VH-10048,2026-09-16 06:56:38,3173,90.87,13.98,1.618
VH-10040,2026-09-16 16:01:20,3035,35.92,13.81,1.132
VH-10040,2026-09-16 04:54:23,2462,50.84,13.89,1.751
VH-10040,2026-09-16 18:45:11,3273,38.68,14.19,1.142
VH-10040,2026-09-16 19:32:10,4495,45.18,13.9,1.789
VH-10040,2026-09-16 11:27:22,3904,45.57,13.75,1.49
VH-10040,2026-09-16 06:30:42,5401,52.07,14.16,1.356
VH-10029,2026-09-16 16:00:03,1779,94.28,14.12,0.998
VH-10029,2026-09-16 09:28:52,2745,94.76,13.91,1.368
VH-10029,2026-09-16 10:54:17,2556,92.54,14.02,1.065
VH-10029,2026-09-16 20:16:42,2511,96.33,14.19,1.627
VH-10029,2026-09-16 04:46:15,2498,93.95,14.44,1.834
VH-10029,2026-09-16 17:38:06,2704,92.88,14.25,1.285
VH-10050,2026-09-16 09:34:32,1662,95.21,14.33,1.09
VH-10050,2026-09-16 06:59:24,2433,90.26,14.05,1.062
VH-10050,2026-09-16 08:38:29,2985,95.52,14.32,0.88
VH-10050,2026-09-16 06:08:58,2480,95.01,14.03,1.786
VH-10050,2026-09-16 06:25:01,1628,95.05,14.28,1.177
VH-10050,2026-09-16 14:57:55,1976,93.08,14.03,0.834
VH-10012,2026-09-16 09:18:53,2831,92.17,14.27,1.457
VH-10012,2026-09-16 07:58:45,1611,95.65,13.85,1.485
VH-10012,2026-09-16 07:06:14,1768,94.99,14.35,0.684
VH-10012,2026-09-16 15:27:05,2514,92.73,14.02,1.37
VH-10012,2026-09-16 06:46:19,3046,95.34,14.15,1.812
VH-10012,2026-09-16 13:13:44,2803,92.71,13.95,1.047
VH-10023,2026-09-16 09:11:01,2246,92.24,14.42,1.064
VH-10023,2026-09-16 06:14:20,2212,91.61,14.36,1.167
VH-10023,2026-09-16 05:58:36,1657,91.28,14.11,1.179
VH-10023,2026-09-16 17:52:36,2279,92.45,14.07,1.257
VH-10023,2026-09-16 13:59:09,2096,89.95,14.34,1.274
VH-10023,2026-09-16 10:03:30,3003,93.44,13.77,1.086
VH-10004,2026-09-16 06:55:52,1883,93.0,14.09,0.748
VH-10004,2026-09-16 08:19:35,1938,96.35,14.26,0.75
VH-10004,2026-09-16 15:38:50,1694,88.24,13.87,1.678
VH-10004,2026-09-16 19:06:58,1929,90.99,14.35,1.787
VH-10004,2026-09-16 07:23:14,2027,89.95,14.4,1.228
VH-10004,2026-09-16 19:19:38,2585,90.27,14.17,1.314
VH-10038,2026-09-16 13:22:32,2854,90.18,13.83,1.131
VH-10038,2026-09-16 06:43:33,2348,96.61,14.05,1.175
VH-10038,2026-09-16 20:08:18,1861,96.21,14.3,1.043
VH-10038,2026-09-16 20:27:50,3096,97.23,14.18,1.661
VH-10038,2026-09-16 14:53:58,2560,89.47,14.31,1.169
VH-10038,2026-09-16 18:25:44,2031,88.79,13.81,1.129
VH-10021,2026-09-16 18:30:25,2172,94.98,14.05,0.915
VH-10021,2026-09-16 04:47:05,2991,89.93,14.18,1.05
VH-10021,2026-09-16 15:37:04,2898,87.45,13.79,0.954
VH-10021,2026-09-16 19:26:21,2657,95.66,14.15,1.406
VH-10021,2026-09-16 14:10:42,2928,91.51,14.11,1.597
VH-10021,2026-09-16 17:16:51,2051,93.91,14.35,0.93
VH-10045,2026-09-16 04:45:15,2489,53.56,14.38,1.039
VH-10045,2026-09-16 08:45:19,4440,40.27,14.12,0.726
VH-10045,2026-09-16 06:07:47,3887,44.92,13.55,1.038
VH-10045,2026-09-16 20:29:45,5315,50.34,14.07,1.419
VH-10045,2026-09-16 06:24:36,1977,49.98,13.95,1.407
VH-10045,2026-09-16 05:45:40,3112,37.14,13.56,1.565
VH-10035,2026-09-16 14:34:36,2008,87.73,14.19,1.755
VH-10035,2026-09-16 09:29:09,1780,92.69,14.5,1.541
VH-10035,2026-09-16 18:31:30,2451,91.84,14.15,1.405
VH-10035,2026-09-16 07:51:21,2224,86.61,13.91,1.6
VH-10035,2026-09-16 18:50:23,2155,91.25,14.0,1.429
VH-10035,2026-09-16 09:43:31,2957,93.48,14.35,0.828
VH-10041,2026-09-16 09:29:24,2150,90.78,13.89,1.034
VH-10041,2026-09-16 18:26:38,3030,93.81,13.98,1.537
VH-10041,2026-09-16 16:44:52,2623,94.71,14.13,0.991
VH-10041,2026-09-16 06:52:14,2805,92.43,14.22,1.996
VH-10041,2026-09-16 16:14:33,1697,94.39,14.14,0.957
VH-10041,2026-09-16 10:41:43,2057,94.1,14.23,1.8
VH-10032,2026-09-16 12:50:35,2907,90.95,13.84,0.901
VH-10032,2026-09-16 14:28:17,2232,90.51,14.13,1.773
VH-10032,2026-09-16 07:05:06,2519,88.63,14.22,1.217
VH-10032,2026-09-16 16:36:33,3083,95.13,14.02,0.721
VH-10032,2026-09-16 09:30:35,2927,93.58,14.07,1.786
VH-10032,2026-09-16 05:01:55,2894,119.4,13.49,2.312
VH-10027,2026-09-16 10:09:47,1778,93.66,14.36,1.126
VH-10027,2026-09-16 11:35:48,2057,97.76,14.29,1.209
VH-10027,2026-09-16 09:06:51,2785,88.92,14.31,0.905
VH-10027,2026-09-16 10:51:08,2162,95.22,14.33,1.544
VH-10027,2026-09-16 08:56:00,3184,89.65,13.72,1.731
VH-10027,2026-09-16 18:57:36,2103,91.53,13.89,0.865
VH-10015,2026-09-16 11:52:46,2091,97.03,14.37,1.911
VH-10015,2026-09-16 19:29:02,2636,95.69,14.06,1.14
VH-10015,2026-09-16 07:09:16,2570,87.52,14.29,1.139
VH-10015,2026-09-16 09:38:09,2048,92.64,14.08,1.088
VH-10015,2026-09-16 07:06:28,1611,89.71,13.76,1.446
VH-10015,2026-09-16 10:20:18,2721,91.54,14.1,0.632
VH-10026,2026-09-16 09:40:33,2743,95.05,14.38,1.212
VH-10026,2026-09-16 13:49:52,2461,96.66,14.12,1.043
VH-10026,2026-09-16 18:09:47,2364,94.42,14.35,1.791
VH-10026,2026-09-16 18:53:42,2889,96.8,13.97,1.369
VH-10026,2026-09-16 05:29:43,2056,95.36,14.36,1.71
VH-10026,2026-09-16 17:09:07,2372,91.07,14.36,1.56
VH-10028,2026-09-16 10:20:56,2537,95.47,10.94,1.443
VH-10028,2026-09-16 16:56:40,2207,96.4,10.6,1.108
VH-10028,2026-09-16 15:13:09,2550,93.89,10.93,1.461
VH-10028,2026-09-16 04:37:08,2546,89.21,10.98,1.153
VH-10028,2026-09-16 12:23:41,2081,95.04,10.31,0.963
VH-10028,2026-09-16 07:33:53,3072,91.49,10.61,1.25
VH-10036,2026-09-16 18:49:52,2353,91.24,13.99,1.805
VH-10036,2026-09-16 10:42:15,1606,93.57,14.06,1.297
VH-10036,2026-09-16 04:44:56,1920,93.84,14.44,1.066
VH-10036,2026-09-16 10:37:43,2040,93.05,14.33,1.399
VH-10036,2026-09-16 05:00:19,2956,94.4,14.0,0.85
VH-10036,2026-09-16 19:54:08,1606,94.2,14.43,0.87
VH-10050,2026-09-17 17:01:39,2986,95.05,13.75,1.405
VH-10050,2026-09-17 10:20:07,1760,96.12,14.23,1.192
VH-10050,2026-09-17 11:40:46,2414,88.11,13.98,1.828
VH-10050,2026-09-17 19:49:29,2588,95.12,14.14,0.779
VH-10050,2026-09-17 14:40:02,2106,95.43,14.38,1.368
VH-10050,2026-09-17 14:21:50,2943,91.12,13.89,1.465
VH-10011,2026-09-17 14:06:36,1711,90.7,14.12,1.153
VH-10011,2026-09-17 04:38:47,2349,89.72,13.99,0.735
VH-10011,2026-09-17 20:05:43,2025,89.58,14.14,1.15
VH-10011,2026-09-17 17:52:00,3003,95.06,14.03,1.607
VH-10011,2026-09-17 16:21:59,2666,89.45,14.31,1.272
VH-10011,2026-09-17 16:57:17,2018,88.71,14.17,0.606
VH-10019,2026-09-17 10:02:00,3192,89.67,14.29,1.576
VH-10019,2026-09-17 08:11:02,1635,90.74,14.32,0.888
VH-10019,2026-09-17 09:16:26,2400,90.57,14.18,0.987
VH-10019,2026-09-17 07:41:55,2844,88.23,14.03,1.503
VH-10019,2026-09-17 10:35:07,3670,130.13,13.84,3.012
VH-10019,2026-09-17 18:05:47,1986,122.26,13.64,3.384
VH-10040,2026-09-17 08:04:20,2723,40.22,14.14,1.378
VH-10040,2026-09-17 10:40:08,4385,43.75,13.97,1.253
VH-10040,2026-09-17 16:19:04,3733,49.89,14.13,1.658
VH-10040,2026-09-17 19:39:59,6010,37.09,14.09,1.237
VH-10040,2026-09-17 17:09:21,2292,41.52,13.88,1.584
VH-10040,2026-09-17 14:16:06,5097,51.82,13.63,1.357
VH-10034,2026-09-17 10:28:38,2739,92.86,14.01,1.468
VH-10034,2026-09-17 09:33:44,2708,89.64,13.99,0.553
VH-10034,2026-09-17 17:53:24,1759,89.09,14.09,0.99
VH-10034,2026-09-17 15:47:22,2894,89.41,13.95,1.159
VH-10034,2026-09-17 08:10:48,1610,94.22,14.37,1.296
VH-10034,2026-09-17 09:19:45,3123,90.56,14.07,1.859
VH-10041,2026-09-17 08:19:38,1983,88.26,13.85,1.722
VH-10041,2026-09-17 14:10:10,2177,91.05,14.1,0.902
VH-10041,2026-09-17 11:34:31,2725,90.56,13.88,1.59
VH-10041,2026-09-17 20:15:43,2816,90.64,14.49,0.866
VH-10041,2026-09-17 07:34:52,2815,91.07,13.93,1.24
VH-10041,2026-09-17 06:20:21,3194,91.19,14.15,1.567
VH-10021,2026-09-17 09:44:41,1878,96.02,14.45,1.58
VH-10021,2026-09-17 11:56:01,3113,94.6,14.33,1.106
VH-10021,2026-09-17 13:37:46,3471,97.27,13.81,5.152
VH-10021,2026-09-17 15:38:08,3352,96.36,13.89,7.804
VH-10021,2026-09-17 16:26:47,2417,101.43,13.83,7.682
VH-10021,2026-09-17 09:16:06,3641,97.19,14.03,6.743
VH-10038,2026-09-17 19:18:29,1824,89.36,13.98,1.113
VH-10038,2026-09-17 19:49:41,2304,94.05,14.22,1.656
VH-10038,2026-09-17 18:06:28,2017,90.63,14.04,0.87
VH-10038,2026-09-17 18:14:42,2239,97.16,14.52,1.73
VH-10038,2026-09-17 15:17:50,2818,95.33,13.99,1.369
VH-10038,2026-09-17 19:37:13,1780,93.91,13.76,1.392
VH-10025,2026-09-17 12:00:03,2315,92.12,13.85,2.006
VH-10025,2026-09-17 06:57:31,3077,94.81,14.37,1.469
VH-10025,2026-09-17 13:16:25,1715,92.51,14.04,0.891
VH-10025,2026-09-17 15:13:27,1834,93.84,14.24,1.163
VH-10025,2026-09-17 11:59:52,2225,93.65,14.14,0.609
VH-10025,2026-09-17 05:18:16,1718,95.06,14.36,0.596
VH-10016,2026-09-17 12:49:21,3183,89.72,14.45,1.709
VH-10016,2026-09-17 08:15:48,2939,93.39,14.25,0.714
VH-10016,2026-09-17 11:59:48,1683,95.75,14.32,1.274
VH-10016,2026-09-17 10:35:29,1701,94.04,14.19,0.739
VH-10016,2026-09-17 07:12:45,1985,95.37,14.47,1.089
VH-10016,2026-09-17 17:25:35,3161,95.39,14.12,1.56
VH-10017,2026-09-17 05:15:38,2656,89.44,14.06,0.809
VH-10017,2026-09-17 07:36:02,2267,92.68,14.26,0.777
VH-10017,2026-09-17 12:56:55,2691,91.1,14.03,1.27
VH-10017,2026-09-17 14:51:07,2103,91.32,14.21,1.266
VH-10017,2026-09-17 07:34:41,2890,94.9,14.43,1.68
VH-10017,2026-09-17 07:12:40,2046,88.31,14.2,1.203
VH-10013,2026-09-17 09:54:32,3219,127.38,13.6,3.347
VH-10013,2026-09-17 19:00:17,2678,123.86,13.8,2.363
VH-10013,2026-09-17 19:02:01,3304,126.22,13.29,2.263
VH-10013,2026-09-17 19:30:37,2246,93.54,13.97,1.181
VH-10013,2026-09-17 19:10:53,2322,90.19,14.12,1.265
VH-10013,2026-09-17 07:27:53,1657,93.1,14.25,0.679
VH-10028,2026-09-17 17:44:52,3122,95.11,13.95,1.033
VH-10028,2026-09-17 19:27:00,3116,91.42,14.06,1.924
VH-10028,2026-09-17 17:21:36,3036,87.76,14.11,0.879
VH-10028,2026-09-17 15:04:48,1618,89.97,14.54,1.501
VH-10028,2026-09-17 06:24:41,2078,92.17,14.12,1.268
VH-10028,2026-09-17 08:10:19,2541,88.18,14.44,1.28
VH-10024,2026-09-17 15:46:08,2195,45.73,13.98,1.245
VH-10024,2026-09-17 10:43:01,2307,37.78,14.03,1.209
VH-10024,2026-09-17 04:39:53,6012,36.52,13.81,1.381
VH-10024,2026-09-17 09:55:06,3324,35.76,14.22,1.465
VH-10024,2026-09-17 18:40:45,4549,39.31,13.78,0.695
VH-10024,2026-09-17 17:46:04,6051,53.85,13.78,1.722
VH-10004,2026-09-17 11:49:35,1908,90.66,13.91,1.456
VH-10004,2026-09-17 19:22:15,1997,95.18,13.87,0.769
VH-10004,2026-09-17 06:03:11,1919,96.6,14.0,1.439
VH-10004,2026-09-17 13:26:03,1874,94.45,14.32,1.092
VH-10004,2026-09-17 10:52:11,1759,91.32,14.43,1.507
VH-10004,2026-09-17 16:30:41,3109,90.13,14.11,1.508
VH-10047,2026-09-17 07:40:42,1879,90.25,14.09,0.965
VH-10047,2026-09-17 18:55:35,2867,92.43,13.84,1.74
VH-10047,2026-09-17 09:42:25,2521,90.69,14.49,0.939
VH-10047,2026-09-17 16:32:16,2875,91.69,14.1,0.743
VH-10047,2026-09-17 10:02:59,2860,95.43,14.19,1.613
VH-10047,2026-09-17 08:37:51,3030,96.03,14.39,1.034
VH-10007,2026-09-17 11:38:13,2854,94.37,13.73,1.659
VH-10007,2026-09-17 10:16:10,2798,92.06,14.15,1.004
VH-10007,2026-09-17 11:10:04,2031,92.98,14.31,0.764
VH-10007,2026-09-17 10:21:49,1971,93.1,10.69,1.299
VH-10007,2026-09-17 18:13:03,3085,93.68,10.36,1.22
VH-10007,2026-09-17 16:12:21,2734,90.9,11.37,0.96
VH-10027,2026-09-17 13:55:54,2528,91.63,14.41,1.771
VH-10027,2026-09-17 13:18:02,2994,94.84,14.25,0.999
VH-10027,2026-09-17 13:51:40,2967,95.62,14.14,1.387
VH-10027,2026-09-17 13:53:32,2137,90.09,14.25,1.138
VH-10027,2026-09-17 17:19:14,2049,91.29,14.09,0.998
VH-10027,2026-09-17 14:16:36,3168,88.48,14.36,1.362
VH-10010,2026-09-17 09:31:32,3288,115.68,13.34,2.84
VH-10010,2026-09-17 19:15:06,3179,118.04,14.07,3.415
VH-10010,2026-09-17 10:50:36,3053,128.6,13.41,3.17
VH-10010,2026-09-17 07:22:53,3461,121.96,13.49,2.643
VH-10010,2026-09-17 11:31:09,3607,116.02,13.49,2.66
VH-10010,2026-09-17 15:36:36,3078,116.41,13.27,2.062
VH-10044,2026-09-17 17:44:15,3046,95.59,14.31,1.357
VH-10044,2026-09-17 08:31:30,2342,92.26,14.45,1.182
VH-10044,2026-09-17 18:55:24,1742,90.77,14.03,0.876
VH-10044,2026-09-17 04:39:19,1886,88.91,14.36,1.404
VH-10044,2026-09-17 07:47:16,1709,96.11,14.38,1.126
VH-10044,2026-09-17 05:10:55,1979,90.94,13.99,1.694
VH-10023,2026-09-17 18:01:09,2498,88.28,14.34,1.748
VH-10023,2026-09-17 10:09:21,2437,92.42,13.92,2.018
VH-10023,2026-09-17 20:05:25,2201,94.04,14.05,0.911
VH-10023,2026-09-17 07:43:16,2280,94.61,13.94,0.777
VH-10023,2026-09-17 12:58:38,2552,88.51,14.07,0.966
VH-10023,2026-09-17 06:51:43,1844,88.25,14.42,1.85
VH-10042,2026-09-17 09:36:07,4571,42.74,13.92,0.98
VH-10042,2026-09-17 15:31:03,1506,39.38,14.0,1.639
VH-10042,2026-09-17 11:20:36,2802,38.5,13.9,1.286
VH-10042,2026-09-17 09:24:57,6079,49.89,14.09,1.513
VH-10042,2026-09-17 17:14:54,2974,44.79,13.77,1.173
VH-10042,2026-09-17 17:40:27,2283,44.43,13.98,1.886
VH-10030,2026-09-17 20:32:27,1659,89.09,14.39,1.567
VH-10030,2026-09-17 14:26:01,2833,97.5,9.88,1.317
VH-10030,2026-09-17 13:06:34,2799,90.51,11.36,1.357
VH-10030,2026-09-17 10:31:03,2206,90.67,9.99,1.011
VH-10030,2026-09-17 14:05:17,2133,89.97,10.63,1.533
VH-10030,2026-09-17 16:29:01,1758,92.74,10.04,1.371
VH-10029,2026-09-17 08:33:52,2894,94.58,13.8,0.576
VH-10029,2026-09-17 20:28:36,2070,88.63,14.22,1.896
VH-10029,2026-09-17 07:53:17,2940,97.57,14.14,1.578
VH-10029,2026-09-17 17:06:03,2169,88.3,14.02,1.544
VH-10029,2026-09-17 19:09:32,2021,93.36,13.96,1.179
VH-10029,2026-09-17 08:00:02,2803,93.23,14.44,0.867
VH-10039,2026-09-17 19:53:42,2244,90.47,13.95,1.31
VH-10039,2026-09-17 06:35:21,2740,92.69,14.35,1.498
VH-10039,2026-09-17 05:39:16,1693,94.59,14.3,1.44
VH-10039,2026-09-17 15:17:41,1797,94.91,14.46,0.83
VH-10039,2026-09-17 06:45:27,3020,93.44,14.01,1.37
VH-10039,2026-09-17 19:36:48,2659,92.33,14.13,0.878
VH-10015,2026-09-17 12:45:54,2545,87.36,13.9,1.583
VH-10015,2026-09-17 13:59:36,2881,90.0,14.39,1.107
VH-10015,2026-09-17 12:18:18,2671,93.12,14.49,1.164
VH-10015,2026-09-17 14:22:57,2072,91.32,14.32,1.908
VH-10015,2026-09-17 05:18:23,3073,96.23,14.22,1.721
VH-10015,2026-09-17 12:35:10,2523,91.97,14.24,1.004
VH-10006,2026-09-17 13:14:08,3002,95.11,14.25,1.532
VH-10006,2026-09-17 14:39:33,2604,91.63,14.03,1.494
VH-10006,2026-09-17 08:49:54,1623,94.77,13.85,1.254
VH-10006,2026-09-17 20:21:01,2881,88.66,13.93,0.935
VH-10006,2026-09-17 09:41:19,1811,90.81,13.87,1.483
VH-10006,2026-09-17 10:20:08,1940,91.4,14.1,1.225
VH-10009,2026-09-17 06:07:24,2167,39.53,14.11,1.296
VH-10009,2026-09-17 09:47:54,2539,39.67,14.36,0.891
VH-10009,2026-09-17 18:39:13,2268,52.03,13.77,0.983
VH-10009,2026-09-17 19:33:59,2962,38.0,13.73,1.294
VH-10009,2026-09-17 19:35:56,3663,55.54,14.34,1.911
VH-10009,2026-09-17 12:45:09,4311,46.53,14.09,1.151
VH-10001,2026-09-17 16:15:14,2496,93.4,14.48,1.157
VH-10001,2026-09-17 05:59:53,2894,93.84,14.37,6.668
VH-10001,2026-09-17 16:06:33,3515,97.06,14.34,7.122
VH-10001,2026-09-17 11:48:25,2718,101.85,14.1,5.486
VH-10001,2026-09-17 14:24:54,2502,95.94,14.16,7.567
VH-10001,2026-09-17 10:03:58,3484,92.8,14.25,5.811
VH-10035,2026-09-17 06:30:47,2323,89.36,13.99,1.081
VH-10035,2026-09-17 12:31:39,1761,90.39,14.17,1.574
VH-10035,2026-09-17 14:55:55,2541,93.63,14.11,1.263
VH-10035,2026-09-17 13:50:55,2840,95.3,14.32,0.897
VH-10035,2026-09-17 20:14:42,3112,92.77,13.82,0.896
VH-10035,2026-09-17 08:48:54,1603,95.39,13.98,0.976
VH-10020,2026-09-17 08:23:31,3002,87.33,14.42,1.294
VH-10020,2026-09-17 04:46:59,2021,88.11,14.3,1.341
VH-10020,2026-09-17 16:24:55,2654,91.56,10.91,1.506
VH-10020,2026-09-17 20:18:34,2757,96.25,10.96,0.951
VH-10020,2026-09-17 09:30:04,2585,92.81,11.39,0.858
VH-10020,2026-09-17 16:48:06,2783,88.14,10.57,0.896
VH-10026,2026-09-17 19:09:37,1682,94.67,14.3,1.814
VH-10026,2026-09-17 17:04:13,2377,95.05,14.52,1.461
VH-10026,2026-09-17 13:11:15,2318,87.74,14.0,0.877
VH-10026,2026-09-17 15:30:40,3108,89.05,14.1,0.702
VH-10026,2026-09-17 11:35:19,3098,92.0,14.56,1.569
VH-10026,2026-09-17 08:17:33,1944,93.51,14.32,1.603
VH-10037,2026-09-17 08:18:28,1738,94.22,14.06,1.67
VH-10037,2026-09-17 16:24:48,2552,92.48,13.89,1.305
VH-10037,2026-09-17 14:00:09,2907,93.96,13.99,1.605
VH-10037,2026-09-17 13:18:52,2494,94.25,14.14,1.527
VH-10037,2026-09-17 10:13:19,3163,90.55,14.22,1.342
VH-10037,2026-09-17 05:33:09,1731,90.16,13.85,0.653
VH-10045,2026-09-17 08:27:44,2781,48.4,13.78,1.543
VH-10045,2026-09-17 05:48:09,4102,35.44,14.01,1.267
VH-10045,2026-09-17 13:15:29,3671,49.39,13.98,2.038
VH-10045,2026-09-17 19:08:09,6412,53.09,13.89,1.607
VH-10045,2026-09-17 07:03:30,4674,42.62,9.81,1.52
VH-10045,2026-09-17 16:41:24,5369,42.54,10.48,1.655
VH-10002,2026-09-17 08:54:57,2018,96.5,14.2,1.37
VH-10002,2026-09-17 10:06:15,1768,96.83,14.53,1.133
VH-10002,2026-09-17 07:57:38,1668,90.37,14.47,1.057
VH-10002,2026-09-17 10:46:31,3182,92.91,14.11,0.845
VH-10002,2026-09-17 12:35:57,1943,90.27,14.17,0.845
VH-10002,2026-09-17 07:08:21,2930,88.83,14.0,1.962
VH-10031,2026-09-17 19:06:24,2390,116.66,13.62,2.475
VH-10031,2026-09-17 18:31:07,3531,117.74,14.04,2.917
VH-10031,2026-09-17 17:05:47,3092,129.5,13.93,2.116
VH-10031,2026-09-17 13:13:58,2807,127.12,14.06,3.18
VH-10031,2026-09-17 14:22:54,2537,125.56,13.77,2.571
VH-10031,2026-09-17 18:58:06,2241,123.5,13.97,3.924
VH-10012,2026-09-17 15:05:01,3047,91.23,14.05,1.098
VH-10012,2026-09-17 10:30:59,2572,90.58,14.1,1.279
VH-10012,2026-09-17 04:49:54,3269,94.93,13.95,5.622
VH-10012,2026-09-17 17:02:53,3075,95.44,14.14,6.884
VH-10012,2026-09-17 04:59:38,2962,93.29,14.09,8.558
VH-10012,2026-09-17 06:03:24,3354,96.21,13.9,6.356
VH-10036,2026-09-17 04:47:36,2899,94.22,13.97,0.816
VH-10036,2026-09-17 15:58:32,2175,93.34,11.25,1.403
VH-10036,2026-09-17 12:27:31,3060,92.18,11.56,0.848
VH-10036,2026-09-17 06:39:53,2598,95.36,10.14,1.791
VH-10036,2026-09-17 12:33:45,3105,86.54,9.81,1.131
VH-10036,2026-09-17 12:48:32,2973,91.99,10.09,1.367
VH-10003,2026-09-17 07:30:13,2708,96.01,9.94,1.137
VH-10003,2026-09-17 13:02:54,2811,95.47,10.75,0.898
VH-10003,2026-09-17 19:57:32,2635,95.52,10.66,1.22
VH-10003,2026-09-17 07:01:56,2458,90.51,10.83,1.145
VH-10003,2026-09-17 18:52:52,2220,94.02,10.61,0.899
VH-10003,2026-09-17 14:52:31,2544,88.4,9.87,1.45
VH-10033,2026-09-17 15:21:32,2639,94.88,13.97,1.843
VH-10033,2026-09-17 12:33:21,3045,91.96,13.85,1.738
VH-10033,2026-09-17 20:03:14,2915,90.62,14.53,1.233
VH-10033,2026-09-17 07:08:14,1857,90.26,14.28,0.863
VH-10033,2026-09-17 08:01:57,2168,97.37,14.38,0.698
VH-10033,2026-09-17 11:29:21,2285,90.95,14.41,0.844
VH-10018,2026-09-17 06:50:48,1916,91.38,13.92,1.258
VH-10018,2026-09-17 10:21:11,2406,92.07,14.17,1.169
VH-10018,2026-09-17 06:10:12,2419,91.99,13.92,7.781
VH-10018,2026-09-17 19:09:11,3634,96.97,14.29,8.647
VH-10018,2026-09-17 16:43:42,3724,97.34,14.05,7.939
VH-10018,2026-09-17 09:56:14,3758,91.15,13.88,6.638
VH-10038,2026-09-18 10:41:10,2019,89.07,14.39,1.628
VH-10038,2026-09-18 08:27:42,2907,88.32,14.18,1.254
VH-10038,2026-09-18 13:09:57,3022,92.79,14.17,1.475
VH-10038,2026-09-18 11:15:19,2405,88.94,14.44,1.311
VH-10038,2026-09-18 11:30:34,2328,91.98,14.47,0.976
VH-10038,2026-09-18 06:51:10,3064,94.37,13.95,0.829
VH-10011,2026-09-18 04:40:00,2347,91.44,14.33,0.709
VH-10011,2026-09-18 12:57:54,2762,87.55,13.93,1.668
VH-10011,2026-09-18 11:06:45,1603,93.78,13.75,1.565
VH-10011,2026-09-18 08:38:20,1803,94.83,13.89,0.992
VH-10011,2026-09-18 06:37:08,2182,93.28,13.99,0.91
VH-10011,2026-09-18 17:26:20,2864,87.87,14.39,1.084
VH-10031,2026-09-18 04:57:06,2913,115.88,13.8,2.461
VH-10031,2026-09-18 06:03:11,2749,122.88,13.61,3.39
VH-10031,2026-09-18 11:09:51,3165,121.65,13.74,1.943
VH-10031,2026-09-18 19:04:12,2081,127.53,13.67,2.733
VH-10031,2026-09-18 09:57:32,2355,116.26,13.81,3.449
VH-10031,2026-09-18 10:29:19,2290,88.82,14.36,1.18
VH-10005,2026-09-18 09:31:25,1746,90.27,14.55,1.257
VH-10005,2026-09-18 12:07:14,2269,93.52,14.29,0.7
VH-10005,2026-09-18 19:41:05,1847,92.79,13.72,1.713
VH-10005,2026-09-18 06:26:48,2094,94.49,13.73,1.502
VH-10005,2026-09-18 20:30:36,2965,91.77,13.97,1.166
VH-10005,2026-09-18 19:02:35,2557,92.29,14.21,1.496
VH-10050,2026-09-18 10:05:42,1777,93.8,14.04,1.052
VH-10050,2026-09-18 12:43:05,1954,90.34,13.98,1.429
VH-10050,2026-09-18 07:51:49,1755,95.22,13.88,0.683
VH-10050,2026-09-18 20:02:50,1962,89.87,14.16,0.957
VH-10050,2026-09-18 11:39:09,2909,91.52,14.1,1.505
VH-10050,2026-09-18 17:47:14,3068,95.92,14.03,1.492
VH-10030,2026-09-18 15:54:10,2889,95.29,9.92,1.699
VH-10030,2026-09-18 19:48:51,1658,95.76,11.6,1.529
VH-10030,2026-09-18 08:32:28,2970,94.92,14.15,1.49
VH-10030,2026-09-18 11:00:45,1834,92.88,14.01,0.884
VH-10030,2026-09-18 15:58:02,2611,94.38,14.34,1.586
VH-10030,2026-09-18 17:30:17,2736,93.29,13.85,1.1
VH-10026,2026-09-18 19:31:11,3093,88.4,14.18,0.82
VH-10026,2026-09-18 12:45:14,2366,93.03,14.52,1.597
VH-10026,2026-09-18 04:55:28,3164,88.16,14.22,1.14
VH-10026,2026-09-18 14:19:39,3103,88.25,13.81,1.242
VH-10026,2026-09-18 20:24:26,2525,90.06,14.44,1.036
VH-10026,2026-09-18 11:29:30,2754,95.1,14.37,0.959
VH-10044,2026-09-18 07:02:19,1761,95.85,14.15,1.214
VH-10044,2026-09-18 07:07:55,3095,92.02,13.87,0.999
VH-10044,2026-09-18 15:35:54,2204,90.17,13.84,1.281
VH-10044,2026-09-18 18:35:10,2623,90.32,14.43,1.226
VH-10044,2026-09-18 13:18:11,2443,90.48,14.44,0.966
VH-10044,2026-09-18 12:46:37,1826,91.29,13.95,1.174
VH-10008,2026-09-18 05:23:40,3199,89.66,14.42,1.514
VH-10008,2026-09-18 12:55:45,1962,88.88,13.97,1.08
VH-10008,2026-09-18 06:01:59,2593,90.14,14.03,1.292
VH-10008,2026-09-18 12:57:07,3058,93.98,13.77,1.35
VH-10008,2026-09-18 05:28:59,1993,87.32,14.04,0.856
VH-10008,2026-09-18 12:44:32,3088,95.28,14.59,0.873
VH-10025,2026-09-18 13:11:05,2237,96.17,14.24,1.506
VH-10025,2026-09-18 10:44:21,3199,88.91,14.0,1.684
VH-10025,2026-09-18 17:14:48,2494,127.9,13.46,3.212
VH-10025,2026-09-18 20:20:32,2428,125.29,14.01,3.447
VH-10025,2026-09-18 05:36:57,2449,113.16,13.62,3.177
VH-10025,2026-09-18 20:14:24,2948,116.87,13.83,2.603
VH-10049,2026-09-18 15:16:57,2712,90.33,13.98,1.558
VH-10049,2026-09-18 17:20:50,2862,90.13,14.3,1.153
VH-10049,2026-09-18 12:19:52,2201,93.48,14.25,1.021
VH-10049,2026-09-18 20:28:31,1919,92.67,13.87,1.411
VH-10049,2026-09-18 17:59:25,2213,88.26,14.11,0.904
VH-10049,2026-09-18 17:06:22,2551,91.06,14.33,1.28
VH-10019,2026-09-18 13:30:13,2769,117.33,13.39,2.637
VH-10019,2026-09-18 13:13:08,1962,115.27,13.98,2.395
VH-10019,2026-09-18 10:26:47,2297,124.99,13.87,2.602
VH-10019,2026-09-18 09:20:07,2255,123.53,13.82,3.184
VH-10019,2026-09-18 18:22:03,2825,123.52,13.59,2.007
VH-10019,2026-09-18 13:50:17,2239,91.59,14.4,1.53
VH-10009,2026-09-18 08:57:54,2326,51.31,13.95,0.916
VH-10009,2026-09-18 10:13:14,3340,37.59,14.09,1.496
VH-10009,2026-09-18 13:31:03,5170,45.56,13.8,1.307
VH-10009,2026-09-18 06:40:36,3556,51.62,14.08,2.055
VH-10009,2026-09-18 07:06:56,1965,49.72,13.84,1.768
VH-10009,2026-09-18 04:56:59,6232,36.83,14.2,1.687
VH-10013,2026-09-18 15:17:01,1850,94.91,13.92,1.151
VH-10013,2026-09-18 04:52:33,1943,96.13,14.25,1.145
VH-10013,2026-09-18 11:15:40,3606,126.24,13.65,1.967
VH-10013,2026-09-18 04:53:52,3069,129.07,13.54,2.042
VH-10013,2026-09-18 19:31:22,2655,115.14,13.73,2.826
VH-10013,2026-09-18 19:27:14,2700,121.89,13.88,2.337
VH-10014,2026-09-18 10:54:28,2393,89.44,14.26,1.505
VH-10014,2026-09-18 13:25:45,2593,92.2,14.2,1.07
VH-10014,2026-09-18 13:38:22,2087,91.89,13.99,1.135
VH-10014,2026-09-18 16:43:40,2284,88.35,13.89,1.683
VH-10014,2026-09-18 19:37:56,1810,95.44,14.11,1.608
VH-10014,2026-09-18 14:06:42,3112,93.32,14.15,1.085
VH-10034,2026-09-18 12:26:01,2890,92.14,14.28,0.912
VH-10034,2026-09-18 18:04:01,2835,90.74,14.24,0.945
VH-10034,2026-09-18 10:36:25,1755,94.82,14.05,1.122
VH-10034,2026-09-18 16:41:51,2497,94.0,14.47,1.287
VH-10034,2026-09-18 11:29:36,2520,92.67,13.73,0.957
VH-10034,2026-09-18 05:03:29,1838,93.2,13.82,1.579
VH-10002,2026-09-18 16:48:55,3142,90.51,13.85,1.735
VH-10002,2026-09-18 09:24:53,1960,90.83,13.76,0.928
VH-10002,2026-09-18 10:31:12,2700,91.81,14.28,1.689
VH-10002,2026-09-18 09:48:23,2516,93.93,14.19,1.76
VH-10002,2026-09-18 16:12:11,2829,89.71,14.47,1.217
VH-10002,2026-09-18 11:02:11,2257,95.88,14.5,1.309
VH-10042,2026-09-18 20:19:29,2141,52.55,13.59,1.185
VH-10042,2026-09-18 18:11:38,3462,45.21,13.66,0.983
VH-10042,2026-09-18 05:19:54,3545,47.37,14.22,1.926
VH-10042,2026-09-18 11:18:36,2011,40.19,14.01,1.035
VH-10042,2026-09-18 07:31:53,5890,37.05,13.85,0.883
VH-10042,2026-09-18 09:26:08,3010,38.5,13.79,1.673
VH-10004,2026-09-18 15:19:54,2789,91.36,14.1,0.886
VH-10004,2026-09-18 07:32:11,2070,90.77,14.38,1.628
VH-10004,2026-09-18 14:21:39,1670,87.66,14.39,1.108
VH-10004,2026-09-18 14:22:28,2294,91.14,13.9,1.041
VH-10004,2026-09-18 15:09:27,2622,89.19,13.89,0.671
VH-10004,2026-09-18 06:57:39,2823,96.02,13.84,1.494
VH-10041,2026-09-18 10:33:26,1785,89.7,14.19,0.691
VH-10041,2026-09-18 16:47:17,2371,93.59,13.97,1.39
VH-10041,2026-09-18 19:24:38,2705,92.88,13.91,1.367
VH-10041,2026-09-18 17:42:57,2217,90.34,14.24,0.933
VH-10041,2026-09-18 07:19:08,1696,93.48,14.19,1.632
VH-10041,2026-09-18 05:58:33,2580,92.94,13.89,1.499
VH-10048,2026-09-18 04:36:30,2453,96.01,14.31,0.823
VH-10048,2026-09-18 14:15:52,2284,91.82,13.83,1.727
VH-10048,2026-09-18 14:04:24,2672,94.29,14.07,1.516
VH-10048,2026-09-18 10:29:58,2120,89.99,14.04,1.677
VH-10048,2026-09-18 06:37:24,2576,87.73,13.83,1.573
VH-10048,2026-09-18 05:01:22,2970,88.82,14.2,1.616
VH-10016,2026-09-18 10:44:43,1673,89.81,14.01,1.247
VH-10016,2026-09-18 14:12:09,3140,92.76,14.11,0.824
VH-10016,2026-09-18 14:15:37,3081,91.22,14.36,1.002
VH-10016,2026-09-18 15:10:00,1842,90.58,14.26,1.1
VH-10016,2026-09-18 08:58:04,1668,94.51,14.35,1.484
VH-10016,2026-09-18 13:23:26,2001,91.33,14.0,1.744
VH-10022,2026-09-18 17:22:06,2322,91.98,11.34,1.075
VH-10022,2026-09-18 08:34:51,2688,89.92,11.52,1.477
VH-10022,2026-09-18 09:02:49,2356,89.62,14.33,1.589
VH-10022,2026-09-18 11:17:34,2816,87.45,14.18,1.213
VH-10022,2026-09-18 19:12:08,2062,91.46,13.94,1.73
VH-10022,2026-09-18 05:40:58,3085,96.18,14.07,0.775
VH-10035,2026-09-18 17:46:22,2336,91.02,14.42,1.595
VH-10035,2026-09-18 08:05:31,2718,90.06,14.48,1.978
VH-10035,2026-09-18 05:36:19,2004,90.74,14.19,1.461
VH-10035,2026-09-18 05:45:20,3128,90.36,14.58,1.328
VH-10035,2026-09-18 13:29:19,2309,89.63,14.08,1.458
VH-10035,2026-09-18 09:41:51,1885,94.83,14.2,1.272
VH-10032,2026-09-18 13:30:29,3018,123.31,13.71,2.881
VH-10032,2026-09-18 11:13:53,2295,125.6,13.52,2.24
VH-10032,2026-09-18 13:26:33,3585,113.45,13.93,1.668
VH-10032,2026-09-18 09:18:35,2962,120.63,13.73,2.131
VH-10032,2026-09-18 04:43:49,1846,124.06,13.52,2.227
VH-10032,2026-09-18 08:15:30,2048,121.61,13.76,3.321
VH-10015,2026-09-18 10:50:43,3107,94.8,14.12,1.031
VH-10015,2026-09-18 19:56:08,2654,89.91,14.01,1.122
VH-10015,2026-09-18 06:48:40,2790,96.28,14.26,1.485
VH-10015,2026-09-18 09:32:42,2379,89.36,14.15,1.065
VH-10015,2026-09-18 11:23:09,3188,96.47,14.02,0.82
VH-10015,2026-09-18 09:22:19,2239,93.05,14.05,1.484
VH-10045,2026-09-18 16:56:32,6002,44.11,10.1,1.103
VH-10045,2026-09-18 11:41:12,5659,37.67,9.84,1.007
VH-10045,2026-09-18 15:21:54,2261,38.94,10.21,1.274
VH-10045,2026-09-18 13:31:48,1877,49.69,10.76,1.008
VH-10045,2026-09-18 07:20:23,2681,39.28,10.31,0.865
VH-10045,2026-09-18 17:40:25,3274,41.26,9.91,1.576
VH-10010,2026-09-18 14:54:33,3407,125.92,13.65,1.87
VH-10010,2026-09-18 16:03:40,3449,125.36,13.88,3.374
VH-10010,2026-09-18 11:14:04,2478,92.27,13.97,1.251
VH-10010,2026-09-18 05:06:59,1969,94.22,14.08,1.023
VH-10010,2026-09-18 08:57:12,1989,95.17,14.07,1.646
VH-10010,2026-09-18 16:22:25,1970,87.49,14.2,0.862
VH-10023,2026-09-18 15:07:24,2126,90.99,14.22,1.213
VH-10023,2026-09-18 05:45:36,2254,96.43,14.18,1.223
VH-10023,2026-09-18 19:48:31,1803,90.28,14.26,1.124
VH-10023,2026-09-18 13:23:11,3166,96.52,14.26,1.137
VH-10023,2026-09-18 13:05:02,2002,90.59,14.19,1.79
VH-10023,2026-09-18 14:52:20,2453,90.91,14.11,1.843
VH-10037,2026-09-18 10:33:37,1725,88.66,14.09,1.235
VH-10037,2026-09-18 08:41:55,2537,93.76,14.49,1.736
VH-10037,2026-09-18 20:04:58,3172,92.1,14.05,0.94
VH-10037,2026-09-18 19:12:17,1881,91.04,13.91,1.847
VH-10037,2026-09-18 16:48:13,2553,93.7,14.46,1.102
VH-10037,2026-09-18 07:04:43,2018,93.99,13.94,1.212
VH-10001,2026-09-18 19:10:08,4130,94.7,14.03,6.725
VH-10001,2026-09-18 18:48:32,3988,98.12,14.36,5.437
VH-10001,2026-09-18 14:24:08,3302,96.67,14.28,6.669
VH-10001,2026-09-18 13:03:59,3771,99.52,14.16,7.947
VH-10001,2026-09-18 07:59:05,2883,99.35,14.34,7.151
VH-10001,2026-09-18 09:10:36,3606,101.45,14.03,6.724
VH-10018,2026-09-18 17:48:50,2779,94.04,14.32,4.415
VH-10018,2026-09-18 18:57:34,1622,91.04,14.38,0.919
VH-10018,2026-09-18 05:40:15,1905,96.3,14.28,0.804
VH-10018,2026-09-18 20:05:05,2789,93.16,14.41,1.178
VH-10018,2026-09-18 18:19:15,2134,87.28,14.08,1.218
VH-10018,2026-09-18 10:31:22,2202,94.67,13.99,1.919
VH-10033,2026-09-18 16:09:38,1975,93.48,14.18,1.32
VH-10033,2026-09-18 10:46:59,2004,94.47,14.28,1.133
VH-10033,2026-09-18 17:30:49,2429,94.19,14.31,0.986
VH-10033,2026-09-18 11:27:31,2136,97.18,14.12,1.654
VH-10033,2026-09-18 14:53:40,3141,92.82,14.06,1.504
VH-10033,2026-09-18 18:03:56,2114,97.0,13.98,1.37
VH-10028,2026-09-18 06:05:25,1834,95.52,13.9,1.752
VH-10028,2026-09-18 17:16:13,1927,89.06,14.18,0.84
VH-10028,2026-09-18 09:42:26,1970,91.1,14.35,0.939
VH-10028,2026-09-18 16:45:51,1902,93.33,14.48,1.096
VH-10028,2026-09-18 12:40:16,2765,93.95,13.99,1.105
VH-10028,2026-09-18 16:54:37,2747,89.39,14.13,1.489
VH-10021,2026-09-18 10:00:20,3203,101.31,14.29,4.845
VH-10021,2026-09-18 11:20:08,2445,92.7,13.92,7.458
VH-10021,2026-09-18 16:07:47,3294,95.57,13.82,6.583
VH-10021,2026-09-18 08:09:47,2855,92.82,14.31,4.514
VH-10021,2026-09-18 08:16:17,2851,97.73,13.95,7.635
VH-10021,2026-09-18 19:06:31,3574,100.0,13.91,7.495
VH-10047,2026-09-18 20:14:01,1991,94.46,14.23,1.397
VH-10047,2026-09-18 14:47:57,1969,94.61,14.22,1.657
VH-10047,2026-09-18 19:46:25,1606,95.77,14.1,0.682
VH-10047,2026-09-18 18:20:54,2850,93.62,14.16,0.702
VH-10047,2026-09-18 11:26:20,1668,97.08,14.23,1.439
VH-10047,2026-09-18 10:48:27,2672,90.18,13.86,1.587
VH-10017,2026-09-18 13:59:40,2596,90.45,14.15,1.034
VH-10017,2026-09-18 07:04:10,1776,89.95,14.01,0.704
VH-10017,2026-09-18 20:25:55,1833,92.69,13.94,0.88
VH-10017,2026-09-18 15:32:35,2154,88.44,14.09,1.457
VH-10017,2026-09-18 20:25:32,2065,96.9,14.08,1.143
VH-10017,2026-09-18 08:26:01,1712,95.81,14.07,1.457
VH-10027,2026-09-18 06:11:20,3166,90.63,14.46,0.554
VH-10027,2026-09-18 17:35:42,2211,88.71,14.03,1.116
VH-10027,2026-09-18 16:26:18,2980,93.14,13.9,1.617
VH-10027,2026-09-18 11:41:35,1681,92.35,14.01,1.212
VH-10027,2026-09-18 19:26:37,2340,92.72,14.54,1.816
VH-10027,2026-09-18 18:13:04,2251,92.9,14.04,1.017
VH-10039,2026-09-18 10:39:36,2284,91.96,14.12,1.666
VH-10039,2026-09-18 10:51:15,1867,93.18,14.08,1.337
VH-10039,2026-09-18 11:09:51,2883,90.36,14.08,1.423
VH-10039,2026-09-18 06:25:43,2134,93.82,14.52,1.633
VH-10039,2026-09-18 05:58:47,2092,93.03,14.21,1.356
VH-10039,2026-09-18 14:23:28,2410,90.07,14.34,1.321
VH-10006,2026-09-18 13:37:33,1871,87.41,14.31,1.529
VH-10006,2026-09-18 20:03:42,2691,94.95,14.05,0.889
VH-10006,2026-09-18 10:46:35,2552,92.11,14.01,1.391
VH-10006,2026-09-18 08:20:00,3025,90.59,14.15,1.49
VH-10006,2026-09-18 16:07:59,3200,88.64,14.31,1.795
VH-10006,2026-09-18 19:51:22,1863,94.54,14.04,1.469
VH-10020,2026-09-18 12:53:52,2653,95.8,11.06,1.445
VH-10020,2026-09-18 05:17:55,1744,91.58,10.24,1.668
VH-10020,2026-09-18 20:05:54,2788,95.87,10.94,0.716
VH-10020,2026-09-18 08:19:30,2899,97.93,10.11,1.192
VH-10020,2026-09-18 13:36:26,2900,88.84,11.46,1.028
VH-10020,2026-09-18 07:44:15,2511,95.41,11.39,1.759
VH-10012,2026-09-18 11:31:52,3582,93.94,14.04,4.84
VH-10012,2026-09-18 04:50:26,2607,100.78,14.12,6.507
VH-10012,2026-09-18 15:58:29,3023,100.25,14.38,6.629
VH-10012,2026-09-18 11:22:20,2434,96.58,14.11,5.066
VH-10012,2026-09-18 05:18:44,3081,98.79,14.29,7.986
VH-10012,2026-09-18 20:30:14,2886,95.26,14.02,1.803
VH-10050,2026-09-19 13:35:10,2658,89.79,14.19,1.224
VH-10050,2026-09-19 09:32:39,2359,88.88,14.12,1.357
VH-10050,2026-09-19 07:33:05,3108,93.36,13.98,1.939
VH-10050,2026-09-19 09:22:32,1696,90.08,14.3,0.904
VH-10050,2026-09-19 14:20:30,1901,90.09,13.99,1.473
VH-10050,2026-09-19 16:37:27,2104,87.78,14.4,1.429
VH-10015,2026-09-19 05:32:33,2046,89.72,13.89,1.415
VH-10015,2026-09-19 16:59:01,2059,91.09,14.37,1.59
VH-10015,2026-09-19 12:44:41,3016,89.32,14.44,1.718
VH-10015,2026-09-19 07:42:59,1896,92.41,13.95,1.227
VH-10015,2026-09-19 19:02:49,2186,93.81,14.41,1.074
VH-10015,2026-09-19 07:46:05,2422,94.34,14.26,1.24
VH-10006,2026-09-19 10:43:31,2404,91.85,13.91,0.809
VH-10006,2026-09-19 16:57:09,1997,93.41,14.28,1.522
VH-10006,2026-09-19 09:35:32,2326,94.59,14.27,1.452
VH-10006,2026-09-19 19:34:18,2790,92.11,13.98,0.615
VH-10006,2026-09-19 09:05:12,3173,90.11,14.21,1.202
VH-10006,2026-09-19 09:33:23,2062,92.86,14.35,0.951
VH-10020,2026-09-19 17:48:56,2729,90.28,11.35,1.1
VH-10020,2026-09-19 15:28:13,1717,92.19,9.84,0.796
VH-10020,2026-09-19 17:15:35,3164,91.78,14.09,1.386
VH-10020,2026-09-19 11:11:51,2631,88.04,14.34,1.376
VH-10020,2026-09-19 19:37:21,2443,93.71,13.98,1.837
VH-10020,2026-09-19 10:08:07,2126,94.53,14.32,1.798
VH-10045,2026-09-19 08:26:56,5450,48.65,11.58,1.728
VH-10045,2026-09-19 10:59:02,2210,48.91,11.51,0.965
VH-10045,2026-09-19 17:22:51,4003,40.11,9.89,1.213
VH-10045,2026-09-19 14:15:20,5024,53.19,10.41,1.522
VH-10045,2026-09-19 17:01:57,2028,37.65,13.72,1.09
VH-10045,2026-09-19 05:12:35,1971,42.36,14.04,1.8
VH-10025,2026-09-19 07:05:10,3060,110.99,13.87,2.578
VH-10025,2026-09-19 05:02:29,3266,126.91,13.64,3.505
VH-10025,2026-09-19 19:46:11,2328,128.81,14.02,3.146
VH-10025,2026-09-19 08:40:41,2752,125.47,13.77,2.219
VH-10025,2026-09-19 18:09:29,2688,121.79,13.9,2.68
VH-10025,2026-09-19 16:04:08,3210,126.33,13.73,3.521
VH-10018,2026-09-19 15:14:38,2783,95.87,14.4,1.42
VH-10018,2026-09-19 11:15:12,2884,91.69,13.86,1.477
VH-10018,2026-09-19 17:19:51,2181,95.61,14.13,1.831
VH-10018,2026-09-19 16:57:48,2205,97.32,14.2,1.328
VH-10018,2026-09-19 11:51:13,1820,95.93,14.23,1.375
VH-10018,2026-09-19 07:25:42,2046,94.52,13.92,0.825
VH-10011,2026-09-19 08:30:35,1973,93.2,14.0,1.945
VH-10011,2026-09-19 11:47:22,1964,89.76,13.95,1.3
VH-10011,2026-09-19 13:46:37,1746,94.19,14.44,0.774
VH-10011,2026-09-19 18:03:18,2464,92.82,14.37,1.333
VH-10011,2026-09-19 11:18:00,3174,91.28,14.0,0.6
VH-10011,2026-09-19 07:56:13,2977,97.51,14.13,6.506
VH-10022,2026-09-19 20:18:52,2419,91.3,14.44,1.613
VH-10022,2026-09-19 05:36:00,2309,93.85,14.27,1.175
VH-10022,2026-09-19 09:14:14,2948,94.53,14.04,1.314
VH-10022,2026-09-19 19:29:10,2623,88.56,14.34,1.368
VH-10022,2026-09-19 08:25:42,1890,88.01,14.29,1.227
VH-10022,2026-09-19 15:06:25,2413,95.57,14.26,1.454
VH-10002,2026-09-19 18:16:37,3000,89.77,13.88,1.858
VH-10002,2026-09-19 06:08:35,3002,89.2,13.87,1.88
VH-10002,2026-09-19 17:27:26,2132,92.29,14.03,1.022
VH-10002,2026-09-19 08:50:55,1631,95.49,14.04,1.415
VH-10002,2026-09-19 08:16:40,2371,92.04,13.99,1.526
VH-10002,2026-09-19 12:12:10,2364,88.63,14.49,1.587
VH-10033,2026-09-19 10:43:02,2295,95.26,14.05,0.84
VH-10033,2026-09-19 06:29:55,1755,94.21,14.35,1.46
VH-10033,2026-09-19 04:51:32,1779,91.76,14.26,1.892
VH-10033,2026-09-19 04:51:19,1667,89.9,14.08,1.258
VH-10033,2026-09-19 07:22:46,2406,89.96,13.98,1.77
VH-10033,2026-09-19 15:20:12,2657,90.98,13.97,1.824
VH-10034,2026-09-19 09:44:22,1964,92.95,14.08,1.571
VH-10034,2026-09-19 07:28:33,1962,93.76,13.9,1.801
VH-10034,2026-09-19 16:38:46,2748,89.9,14.27,0.959
VH-10034,2026-09-19 07:24:18,1949,89.94,14.08,0.594
VH-10034,2026-09-19 06:09:37,2525,94.41,13.8,1.525
VH-10034,2026-09-19 14:03:06,2143,91.21,13.87,1.854
VH-10012,2026-09-19 17:57:47,2788,88.65,14.25,1.463
VH-10012,2026-09-19 10:12:11,3050,91.83,14.31,1.773
VH-10012,2026-09-19 07:20:39,1775,94.15,14.05,0.748
VH-10012,2026-09-19 06:59:09,1970,94.06,13.74,0.742
VH-10012,2026-09-19 09:40:12,1627,93.64,14.48,0.564
VH-10012,2026-09-19 12:14:18,2086,91.02,14.3,1.202
VH-10016,2026-09-19 07:17:15,2657,92.06,13.91,1.261
VH-10016,2026-09-19 20:26:22,2544,87.23,14.29,1.687
VH-10016,2026-09-19 20:16:36,1646,94.13,13.91,1.545
VH-10016,2026-09-19 17:52:21,2535,95.14,14.11,1.132
VH-10016,2026-09-19 06:47:09,2231,95.7,14.03,1.573
VH-10016,2026-09-19 15:25:55,2792,90.15,13.95,0.708
VH-10010,2026-09-19 16:19:46,2342,94.68,14.29,0.918
VH-10010,2026-09-19 18:40:11,2960,91.31,14.27,1.161
VH-10010,2026-09-19 17:52:54,3029,89.47,14.25,1.498
VH-10010,2026-09-19 20:05:32,2647,95.35,14.19,1.503
VH-10010,2026-09-19 08:51:41,3067,87.81,14.34,1.287
VH-10010,2026-09-19 19:51:00,2463,93.1,14.32,1.083
VH-10017,2026-09-19 16:17:54,2188,91.59,14.21,0.66
VH-10017,2026-09-19 08:12:55,2779,95.91,13.97,0.953
VH-10017,2026-09-19 04:41:41,2660,97.56,14.27,1.252
VH-10017,2026-09-19 18:41:49,2383,95.11,14.43,1.481
VH-10017,2026-09-19 05:23:44,1994,89.79,14.17,1.22
VH-10017,2026-09-19 16:33:10,1832,91.65,14.06,1.68
VH-10013,2026-09-19 12:46:19,2101,89.21,14.07,0.989
VH-10013,2026-09-19 11:17:10,2569,91.16,13.96,0.808
VH-10013,2026-09-19 08:06:43,2159,90.17,14.34,1.519
VH-10013,2026-09-19 15:57:57,2826,96.43,14.08,1.03
VH-10013,2026-09-19 16:53:58,2145,95.75,14.06,1.323
VH-10013,2026-09-19 08:55:24,1986,93.0,13.85,1.504
VH-10027,2026-09-19 19:45:18,2762,91.42,14.02,0.924
VH-10027,2026-09-19 18:14:52,1936,93.25,14.04,1.506
VH-10027,2026-09-19 17:38:48,2099,96.68,14.46,1.735
VH-10027,2026-09-19 12:37:55,2281,96.67,13.74,1.972
VH-10027,2026-09-19 05:52:52,2599,90.22,13.88,1.682
VH-10027,2026-09-19 13:38:35,1937,97.6,13.95,1.425
VH-10028,2026-09-19 18:01:03,2959,87.71,14.45,1.066
VH-10028,2026-09-19 07:05:51,1874,95.11,13.92,1.473
VH-10028,2026-09-19 05:26:55,1641,90.89,13.91,0.652
VH-10028,2026-09-19 18:16:14,2372,89.69,14.42,1.109
VH-10028,2026-09-19 18:59:43,3087,91.42,14.11,1.37
VH-10028,2026-09-19 09:13:31,2021,95.0,14.21,0.84
VH-10032,2026-09-19 04:51:40,2335,115.29,13.77,2.816
VH-10032,2026-09-19 05:42:09,2063,123.74,13.78,2.536
VH-10032,2026-09-19 09:11:33,2449,118.05,13.74,2.19
VH-10032,2026-09-19 16:56:37,3047,124.58,13.59,2.939
VH-10032,2026-09-19 19:46:59,2897,130.92,13.51,2.127
VH-10032,2026-09-19 09:42:20,2994,94.02,14.24,1.032
VH-10021,2026-09-19 19:54:01,3746,94.98,14.15,6.728
VH-10021,2026-09-19 11:57:46,1801,92.49,14.07,1.558
VH-10021,2026-09-19 05:37:30,2839,93.8,14.07,0.644
VH-10021,2026-09-19 13:13:05,2373,95.81,14.35,1.621
VH-10021,2026-09-19 06:44:26,1692,94.99,14.16,1.008
VH-10021,2026-09-19 06:56:12,1937,91.59,14.41,0.917
VH-10024,2026-09-19 09:36:48,3595,38.02,13.77,1.559
VH-10024,2026-09-19 16:03:40,5388,41.08,13.61,1.307
VH-10024,2026-09-19 18:48:31,3236,42.19,13.69,1.444
VH-10024,2026-09-19 15:47:58,4477,54.69,13.84,1.249
VH-10024,2026-09-19 14:41:31,3888,40.38,14.1,0.961
VH-10024,2026-09-19 05:08:43,4812,48.53,14.04,0.94
VH-10036,2026-09-19 08:57:58,3013,87.36,11.21,1.12
VH-10036,2026-09-19 15:18:42,2775,96.25,10.75,1.752
VH-10036,2026-09-19 05:29:38,2013,92.32,10.93,1.066
VH-10036,2026-09-19 10:32:49,2396,93.35,10.65,1.631
VH-10036,2026-09-19 06:12:46,2325,95.14,10.44,0.959
VH-10036,2026-09-19 11:51:30,1661,89.91,9.9,0.988
VH-10023,2026-09-19 12:46:07,2295,87.52,14.24,1.12
VH-10023,2026-09-19 09:30:17,2150,91.46,14.4,1.461
VH-10023,2026-09-19 13:58:12,1984,95.93,14.2,0.953
VH-10023,2026-09-19 10:53:49,2369,95.0,13.98,1.216
VH-10023,2026-09-19 05:50:33,2205,88.71,14.48,1.699
VH-10023,2026-09-19 10:38:55,1752,95.62,14.05,0.901
VH-10042,2026-09-19 19:47:10,5990,35.77,13.81,1.291
VH-10042,2026-09-19 08:28:47,6021,52.24,14.03,0.983
VH-10042,2026-09-19 14:33:23,2224,42.96,13.68,1.429
VH-10042,2026-09-19 19:43:01,1865,36.73,14.35,0.675
VH-10042,2026-09-19 17:13:44,3672,43.94,13.74,1.571
VH-10042,2026-09-19 19:45:34,1603,37.64,14.16,1.488
VH-10049,2026-09-19 17:44:06,2454,119.23,13.34,3.848
VH-10049,2026-09-19 16:38:05,2207,118.49,13.88,1.989
VH-10049,2026-09-19 07:26:56,2836,116.44,14.0,3.116
VH-10049,2026-09-19 13:53:25,3035,116.59,13.78,1.625
VH-10049,2026-09-19 05:37:51,2329,115.01,13.57,2.47
VH-10049,2026-09-19 15:59:28,2336,112.6,13.59,3.628
VH-10026,2026-09-19 04:58:00,1958,97.56,14.1,1.401
VH-10026,2026-09-19 11:28:30,2844,89.95,13.75,1.348
VH-10026,2026-09-19 12:45:12,1747,93.03,14.26,1.408
VH-10026,2026-09-19 08:57:53,3154,90.61,14.2,0.983
VH-10026,2026-09-19 13:45:16,3104,91.05,14.36,0.818
VH-10026,2026-09-19 12:37:53,2188,97.33,14.19,1.397
VH-10037,2026-09-19 19:41:38,2455,93.67,14.07,1.597
VH-10037,2026-09-19 07:14:20,2082,95.1,14.21,0.793
VH-10037,2026-09-19 15:34:48,3166,90.01,14.25,1.591
VH-10037,2026-09-19 10:19:28,2813,91.9,14.28,1.378
VH-10037,2026-09-19 12:54:09,2398,94.44,14.26,1.041
VH-10037,2026-09-19 15:10:18,1770,89.55,14.49,1.399
VH-10007,2026-09-19 06:57:07,3147,91.5,10.57,1.286
VH-10007,2026-09-19 17:58:13,2640,92.44,10.47,0.955
VH-10007,2026-09-19 06:49:53,2799,89.95,11.03,1.055
VH-10007,2026-09-19 13:57:39,1639,88.19,11.27,1.3
VH-10007,2026-09-19 07:22:52,2039,94.83,13.88,0.609
VH-10007,2026-09-19 06:51:22,2498,91.75,14.57,1.659
VH-10005,2026-09-19 08:02:59,3151,94.07,13.78,1.201
VH-10005,2026-09-19 16:57:39,2360,95.8,14.01,1.107
VH-10005,2026-09-19 07:24:39,2742,91.11,14.06,1.585
VH-10005,2026-09-19 06:53:41,1927,95.67,14.1,1.588
VH-10005,2026-09-19 13:55:23,2755,90.73,14.27,1.003
VH-10005,2026-09-19 05:24:32,1621,89.3,14.14,1.08
VH-10008,2026-09-19 13:23:21,3019,90.0,10.63,0.741
VH-10008,2026-09-19 17:55:58,2779,95.99,9.84,0.816
VH-10008,2026-09-19 19:07:58,1756,93.32,10.02,1.463
VH-10008,2026-09-19 19:38:38,2256,93.97,10.57,1.333
VH-10008,2026-09-19 14:41:57,2471,95.37,11.29,1.762
VH-10008,2026-09-19 09:15:44,2349,94.09,10.41,0.766
VH-10040,2026-09-19 14:33:55,4512,54.25,13.77,1.635
VH-10040,2026-09-19 06:39:35,5515,54.97,13.84,1.107
VH-10040,2026-09-19 08:18:27,4807,51.14,14.06,1.29
VH-10040,2026-09-19 13:35:19,3144,50.06,13.73,1.03
VH-10040,2026-09-19 17:11:50,2278,54.95,14.09,1.21
VH-10040,2026-09-19 08:01:46,4347,37.91,13.87,1.393
VH-10048,2026-09-19 19:26:10,2986,97.3,13.95,1.287
VH-10048,2026-09-19 05:51:11,3031,96.68,14.43,1.04
VH-10048,2026-09-19 15:46:39,1843,94.62,14.19,1.327
VH-10048,2026-09-19 19:25:19,1682,93.04,14.17,1.749
VH-10048,2026-09-19 19:47:12,2262,95.27,14.23,1.23
VH-10048,2026-09-19 10:34:56,1884,94.24,14.03,1.912
VH-10009,2026-09-19 18:05:20,2611,44.46,13.89,1.047
VH-10009,2026-09-19 11:02:55,1739,34.22,14.16,1.257
VH-10009,2026-09-19 09:47:48,5499,35.22,14.1,1.621
VH-10009,2026-09-19 10:31:58,2916,56.42,13.71,0.883
VH-10009,2026-09-19 08:40:12,4809,43.06,14.07,1.764
VH-10009,2026-09-19 12:43:42,3725,42.93,14.12,6.088
VH-10044,2026-09-19 12:46:12,1814,89.67,14.04,1.271
VH-10044,2026-09-19 13:56:12,2725,90.67,14.16,1.249
VH-10044,2026-09-19 16:09:17,2610,89.79,14.23,1.4
VH-10044,2026-09-19 08:44:23,2700,90.86,14.39,0.821
VH-10044,2026-09-19 18:40:10,3111,93.37,14.24,0.925
VH-10044,2026-09-19 14:32:14,2434,91.19,13.78,0.882
VH-10031,2026-09-19 06:25:17,2904,90.6,14.24,0.831
VH-10031,2026-09-19 18:59:22,1647,94.37,14.24,1.538
VH-10031,2026-09-19 06:58:46,1969,92.59,13.89,1.32
VH-10031,2026-09-19 08:51:27,2798,91.68,14.48,1.256
VH-10031,2026-09-19 16:52:20,2406,95.15,14.36,1.42
VH-10031,2026-09-19 09:25:42,1739,92.22,14.05,1.174
VH-10003,2026-09-19 08:35:24,2507,88.62,10.92,1.089
VH-10003,2026-09-19 18:17:41,2009,89.52,11.51,1.39
VH-10003,2026-09-19 07:51:12,2549,95.13,14.36,1.86
VH-10003,2026-09-19 09:26:48,3242,122.82,14.02,2.192
VH-10003,2026-09-19 14:05:14,2717,115.75,13.65,2.858
VH-10003,2026-09-19 08:00:57,2756,124.7,13.39,3.587
VH-10043,2026-09-19 12:41:28,2175,94.07,14.33,1.744
VH-10043,2026-09-19 11:12:41,2625,86.99,13.82,1.482
VH-10043,2026-09-19 19:56:51,3059,93.45,14.0,1.224
VH-10043,2026-09-19 17:16:38,2412,96.48,14.25,1.912
VH-10043,2026-09-19 08:00:09,3087,95.2,14.29,0.789
VH-10043,2026-09-19 13:21:33,1878,95.9,13.91,1.751
VH-10041,2026-09-19 07:34:12,2652,88.22,14.52,0.597
VH-10041,2026-09-19 11:01:34,2199,90.0,14.01,1.396
VH-10041,2026-09-19 15:47:50,3139,87.52,13.97,1.598
VH-10041,2026-09-19 06:05:33,2809,92.65,14.18,2.035
VH-10041,2026-09-19 07:48:09,2163,87.84,14.43,1.243
VH-10041,2026-09-19 06:16:54,2799,89.42,14.5,1.939
VH-10004,2026-09-19 07:57:32,2330,93.09,14.26,1.449
VH-10004,2026-09-19 18:41:38,2260,94.19,13.86,1.714
VH-10004,2026-09-19 04:47:19,2973,89.19,14.14,0.865
VH-10004,2026-09-19 08:04:48,1744,94.74,14.07,1.28
VH-10004,2026-09-19 08:30:06,2436,91.34,14.34,0.925
VH-10004,2026-09-19 07:57:24,3164,94.85,14.1,1.751
VH-10039,2026-09-19 18:48:16,1819,90.44,14.11,1.897
VH-10039,2026-09-19 09:53:23,2964,91.67,14.41,1.102
VH-10039,2026-09-19 16:45:16,2813,90.05,14.24,0.989
VH-10039,2026-09-19 18:20:18,1619,91.2,14.37,1.029
VH-10039,2026-09-19 12:13:23,1726,87.43,14.08,0.805
VH-10039,2026-09-19 11:18:26,2873,90.46,14.42,1.109
VH-10014,2026-09-19 15:58:34,2288,95.94,14.02,1.797
VH-10014,2026-09-19 16:39:20,2992,92.45,14.01,1.577
VH-10014,2026-09-19 06:18:58,2585,95.78,14.13,2.04
VH-10014,2026-09-19 11:58:38,1996,89.87,14.48,1.677
VH-10014,2026-09-19 16:49:24,2539,89.45,14.02,0.728
VH-10014,2026-09-19 16:13:03,1990,96.81,14.13,1.041
VH-10010,2026-09-20 12:12:02,2873,91.09,14.1,0.733
VH-10010,2026-09-20 08:12:19,2563,95.53,14.25,1.384
VH-10010,2026-09-20 16:00:56,1630,96.32,14.26,1.466
VH-10010,2026-09-20 16:57:48,2823,93.51,14.42,1.822
VH-10010,2026-09-20 17:52:31,2182,92.39,14.46,1.006
VH-10010,2026-09-20 07:14:18,2802,89.65,14.4,0.985
VH-10035,2026-09-20 07:41:45,2180,96.19,13.86,1.699
VH-10035,2026-09-20 09:46:16,2372,90.38,14.13,1.219
VH-10035,2026-09-20 13:18:27,1949,95.9,14.29,1.384
VH-10035,2026-09-20 06:46:10,2844,93.92,14.07,1.071
VH-10035,2026-09-20 14:25:39,2467,92.94,14.3,1.322
VH-10035,2026-09-20 19:35:30,3052,90.11,14.27,1.351
VH-10033,2026-09-20 09:41:57,1615,95.21,13.87,1.563
VH-10033,2026-09-20 19:13:53,2874,94.36,14.35,1.382
VH-10033,2026-09-20 08:50:13,2637,92.3,13.82,1.864
VH-10033,2026-09-20 15:24:10,1947,91.42,14.18,1.324
VH-10033,2026-09-20 13:56:46,2243,94.36,14.0,1.677
VH-10033,2026-09-20 19:33:22,2783,90.47,14.23,1.446
VH-10008,2026-09-20 12:15:34,2984,96.08,11.14,0.731
VH-10008,2026-09-20 08:47:14,1607,95.31,10.44,1.369
VH-10008,2026-09-20 16:31:04,2576,94.23,11.29,1.355
VH-10008,2026-09-20 17:28:37,1858,90.8,10.65,1.165
VH-10008,2026-09-20 16:47:42,2178,93.78,13.85,1.685
VH-10008,2026-09-20 18:16:56,2390,93.11,14.25,0.757
VH-10023,2026-09-20 04:55:25,1736,91.89,14.09,1.122
VH-10023,2026-09-20 19:58:57,1921,91.06,14.32,0.564
VH-10023,2026-09-20 16:29:46,2740,88.71,14.04,0.574
VH-10023,2026-09-20 13:16:58,2511,88.64,13.85,1.774
VH-10023,2026-09-20 12:38:02,2568,92.9,13.98,1.175
VH-10023,2026-09-20 07:40:31,2272,93.71,14.05,1.942
VH-10027,2026-09-20 09:37:18,1730,90.83,14.52,1.78
VH-10027,2026-09-20 10:41:15,2905,91.9,14.32,1.496
VH-10027,2026-09-20 10:50:31,1712,95.56,14.31,1.357
VH-10027,2026-09-20 11:06:05,2385,91.53,14.0,1.604
VH-10027,2026-09-20 17:38:10,1722,92.5,13.94,1.166
VH-10027,2026-09-20 12:36:03,1799,93.95,14.22,1.001
VH-10024,2026-09-20 10:54:25,3057,49.5,14.22,1.055
VH-10024,2026-09-20 14:15:56,3532,55.01,13.58,1.674
VH-10024,2026-09-20 09:30:03,5919,49.06,13.86,1.624
VH-10024,2026-09-20 18:24:43,4841,37.51,14.14,1.944
VH-10024,2026-09-20 13:02:14,3263,53.39,14.0,1.323
VH-10024,2026-09-20 10:14:26,3571,53.62,14.17,1.886
VH-10040,2026-09-20 05:03:52,4030,40.95,14.21,1.083
VH-10040,2026-09-20 10:25:59,5434,52.58,13.98,1.878
VH-10040,2026-09-20 06:15:54,6056,43.72,14.14,2.016
VH-10040,2026-09-20 06:36:43,5979,50.38,13.97,1.292
VH-10040,2026-09-20 07:36:29,5666,47.48,13.76,1.706
VH-10040,2026-09-20 08:56:36,2232,55.35,14.15,1.05
VH-10025,2026-09-20 06:34:47,2745,118.13,13.8,3.675
VH-10025,2026-09-20 07:00:32,2535,124.51,13.74,1.7
VH-10025,2026-09-20 20:15:37,2211,95.6,13.81,0.853
VH-10025,2026-09-20 15:54:38,3084,93.95,13.85,1.599
VH-10025,2026-09-20 07:20:13,2608,91.4,14.23,1.743
VH-10025,2026-09-20 05:49:39,2524,91.34,13.85,1.778
VH-10001,2026-09-20 19:16:31,3543,92.21,14.0,7.467
VH-10001,2026-09-20 14:10:28,1680,93.33,14.25,1.582
VH-10001,2026-09-20 19:23:50,2668,92.56,13.78,1.543
VH-10001,2026-09-20 06:02:35,3163,93.98,14.0,1.737
VH-10001,2026-09-20 19:23:13,2354,90.36,14.26,1.255
VH-10001,2026-09-20 11:43:04,2155,94.44,14.16,1.577
VH-10019,2026-09-20 19:47:59,1860,91.59,13.75,1.427
VH-10019,2026-09-20 17:45:49,2390,91.48,14.21,0.981
VH-10019,2026-09-20 06:16:02,2413,92.22,14.14,1.148
VH-10019,2026-09-20 17:06:44,2637,97.72,14.09,1.499
VH-10019,2026-09-20 11:46:57,2169,92.36,13.85,1.511
VH-10019,2026-09-20 16:00:27,3132,86.7,14.12,1.028
VH-10004,2026-09-20 14:31:17,2041,89.86,14.37,1.432
VH-10004,2026-09-20 08:05:14,2052,91.18,14.18,1.182
VH-10004,2026-09-20 07:42:58,2471,95.98,14.33,0.537
VH-10004,2026-09-20 15:00:48,3141,89.75,14.05,1.58
VH-10004,2026-09-20 05:03:02,1907,97.47,14.15,1.105
VH-10004,2026-09-20 18:43:20,2825,91.45,14.38,1.088
VH-10012,2026-09-20 17:37:16,3063,87.92,14.1,1.401
VH-10012,2026-09-20 14:18:35,2494,97.03,14.22,1.176
VH-10012,2026-09-20 14:43:36,1851,92.11,14.05,1.582
VH-10012,2026-09-20 19:43:07,2448,120.66,14.04,3.467
VH-10012,2026-09-20 07:18:48,3261,115.37,13.63,3.825
VH-10012,2026-09-20 12:30:35,2264,117.9,13.89,2.977
VH-10036,2026-09-20 11:34:32,2739,95.77,10.1,1.293
VH-10036,2026-09-20 13:34:28,2477,91.05,13.92,1.039
VH-10036,2026-09-20 07:10:33,1739,95.35,13.93,1.445
VH-10036,2026-09-20 14:46:38,3184,89.34,14.08,1.517
VH-10036,2026-09-20 05:49:03,3140,93.39,14.02,0.961
VH-10036,2026-09-20 17:30:17,2676,94.43,14.35,0.723
VH-10030,2026-09-20 08:40:01,2880,93.09,14.18,1.075
VH-10030,2026-09-20 06:24:26,2635,92.47,14.2,1.795
VH-10030,2026-09-20 18:57:38,3123,92.38,14.24,1.255
VH-10030,2026-09-20 15:42:13,3182,89.88,14.41,1.611
VH-10030,2026-09-20 06:46:26,2814,91.72,14.28,1.239
VH-10030,2026-09-20 15:54:29,2873,93.35,14.45,0.722
VH-10043,2026-09-20 07:31:26,3108,90.83,14.17,0.964
VH-10043,2026-09-20 11:33:52,2312,90.72,14.21,1.527
VH-10043,2026-09-20 12:05:19,3026,96.79,14.21,1.107
VH-10043,2026-09-20 07:47:58,3087,94.4,14.17,0.925
VH-10043,2026-09-20 05:10:46,3096,89.99,14.05,1.428
VH-10043,2026-09-20 06:46:44,2838,90.63,14.21,1.583
VH-10020,2026-09-20 09:36:05,2644,90.05,14.19,1.282
VH-10020,2026-09-20 07:51:26,2250,95.7,14.14,1.866
VH-10020,2026-09-20 16:06:56,2342,96.03,14.3,1.647
VH-10020,2026-09-20 06:03:37,2765,87.87,14.15,1.289
VH-10020,2026-09-20 16:51:43,3014,95.01,14.18,0.777
VH-10020,2026-09-20 06:25:42,2123,97.61,14.37,1.799
VH-10037,2026-09-20 05:39:30,2707,94.0,14.22,1.733
VH-10037,2026-09-20 07:56:08,2331,95.14,13.96,1.272
VH-10037,2026-09-20 12:27:28,2116,95.08,14.45,1.299
VH-10037,2026-09-20 11:15:59,2453,88.22,14.06,1.286
VH-10037,2026-09-20 19:57:04,2373,90.83,13.88,1.461
VH-10037,2026-09-20 13:33:48,3020,91.78,14.4,1.077
VH-10048,2026-09-20 07:51:06,3362,126.18,13.98,3.774
VH-10048,2026-09-20 15:28:33,2166,127.05,13.82,2.781
VH-10048,2026-09-20 11:01:12,3664,119.78,13.62,3.136
VH-10048,2026-09-20 07:08:17,2881,117.52,13.69,2.147
VH-10048,2026-09-20 18:12:55,3310,119.95,13.36,2.124
VH-10048,2026-09-20 17:56:50,3361,122.51,13.54,2.432
VH-10032,2026-09-20 05:10:56,1709,91.5,14.1,0.632
VH-10032,2026-09-20 11:27:00,2065,92.94,14.49,1.367
VH-10032,2026-09-20 18:18:25,2637,89.86,14.42,0.935
VH-10032,2026-09-20 05:41:32,2255,94.83,14.07,0.751
VH-10032,2026-09-20 15:04:41,2722,91.69,13.82,0.91
VH-10032,2026-09-20 06:39:44,2645,88.95,13.82,1.004
VH-10041,2026-09-20 06:52:47,3067,90.28,14.0,1.538
VH-10041,2026-09-20 18:39:52,3132,95.64,14.32,1.695
VH-10041,2026-09-20 09:03:37,2153,89.48,14.28,1.241
VH-10041,2026-09-20 17:14:45,2249,96.06,14.08,0.81
VH-10041,2026-09-20 18:45:39,2980,95.52,14.25,1.022
VH-10041,2026-09-20 05:02:15,1989,92.43,14.11,1.387
VH-10013,2026-09-20 10:27:25,2806,95.26,14.05,1.282
VH-10013,2026-09-20 15:32:45,2447,88.02,14.11,1.155
VH-10013,2026-09-20 05:59:26,2635,91.07,14.19,1.016
VH-10013,2026-09-20 04:52:20,1607,96.01,14.38,1.416
VH-10013,2026-09-20 19:00:56,3676,95.11,14.2,7.92
VH-10013,2026-09-20 10:06:10,3605,95.51,13.92,7.228
VH-10009,2026-09-20 06:20:05,6731,49.13,14.01,8.04
VH-10009,2026-09-20 20:17:08,6694,48.2,13.74,8.792
VH-10009,2026-09-20 08:31:59,3533,48.05,13.68,6.644
VH-10009,2026-09-20 09:19:56,5329,43.22,13.84,6.159
VH-10009,2026-09-20 11:20:57,3670,39.98,13.99,7.603
VH-10009,2026-09-20 19:21:44,6175,56.97,13.77,8.168
VH-10018,2026-09-20 16:10:32,2187,89.94,13.76,1.238
VH-10018,2026-09-20 12:16:39,1792,95.24,14.42,1.766
VH-10018,2026-09-20 06:24:18,3075,92.32,14.41,1.659
VH-10018,2026-09-20 06:24:58,2425,93.21,14.22,1.158
VH-10018,2026-09-20 18:55:04,1960,96.87,13.8,0.936
VH-10018,2026-09-20 05:55:35,2704,128.56,13.59,2.78
VH-10003,2026-09-20 11:03:45,1976,120.85,13.53,1.719
VH-10003,2026-09-20 12:10:05,2940,114.01,13.22,3.254
VH-10003,2026-09-20 06:18:56,3643,117.64,13.68,3.211
VH-10003,2026-09-20 11:36:51,2833,126.56,13.58,2.078
VH-10003,2026-09-20 11:00:27,1603,93.32,14.48,1.286
VH-10003,2026-09-20 08:06:19,2188,90.01,14.28,1.487
VH-10007,2026-09-20 04:42:26,3114,88.53,14.46,1.734
VH-10007,2026-09-20 15:34:07,1846,88.89,13.85,1.113
VH-10007,2026-09-20 07:00:05,3013,93.77,14.26,1.914
VH-10007,2026-09-20 04:55:50,2913,91.9,14.38,0.967
VH-10007,2026-09-20 14:33:52,2902,91.36,13.98,1.279
VH-10007,2026-09-20 19:13:01,1777,92.47,14.04,1.657
VH-10047,2026-09-20 07:40:33,2028,95.85,14.21,1.406
VH-10047,2026-09-20 05:33:30,2746,93.0,14.3,1.02
VH-10047,2026-09-20 05:14:12,1985,94.24,14.17,1.054
VH-10047,2026-09-20 11:13:40,2906,94.57,13.89,1.524
VH-10047,2026-09-20 19:13:56,3160,93.34,14.41,0.983
VH-10047,2026-09-20 14:25:28,1798,88.78,14.15,1.258
VH-10011,2026-09-20 09:54:00,3695,95.46,14.28,6.929
VH-10011,2026-09-20 20:10:04,3033,99.92,14.14,8.513
VH-10011,2026-09-20 09:08:55,3143,95.31,13.96,7.812
VH-10011,2026-09-20 12:54:54,2474,91.32,14.28,8.213
VH-10011,2026-09-20 13:07:18,3831,99.37,14.04,5.263
VH-10011,2026-09-20 19:09:15,2887,100.17,14.39,7.026
VH-10016,2026-09-20 19:17:17,1898,91.49,14.05,1.231
VH-10016,2026-09-20 15:48:23,2026,88.26,14.24,1.058
VH-10016,2026-09-20 07:37:56,3174,94.19,14.11,1.386
VH-10016,2026-09-20 04:46:27,2297,92.95,14.02,1.184
VH-10016,2026-09-20 20:21:27,3189,94.81,14.0,0.892
VH-10016,2026-09-20 14:30:06,3033,93.41,14.41,0.794
VH-10017,2026-09-20 15:51:49,3145,92.29,13.95,1.034
VH-10017,2026-09-20 14:31:28,1976,95.22,14.04,1.632
VH-10017,2026-09-20 13:43:39,2828,96.09,14.13,0.902
VH-10017,2026-09-20 14:35:47,2222,96.77,14.04,1.459
VH-10017,2026-09-20 10:06:53,1627,96.45,14.34,1.343
VH-10017,2026-09-20 07:42:06,2810,95.76,14.16,0.892
VH-10006,2026-09-20 16:58:04,2355,90.4,14.25,1.309
VH-10006,2026-09-20 10:46:31,1683,88.74,14.21,1.007
VH-10006,2026-09-20 15:19:36,1787,90.17,14.0,1.61
VH-10006,2026-09-20 09:18:43,2991,95.81,14.19,0.795
VH-10006,2026-09-20 08:16:36,2467,96.49,14.19,1.457
VH-10006,2026-09-20 04:59:24,2332,89.52,14.06,1.404
VH-10049,2026-09-20 19:10:35,2827,91.42,14.42,1.167
VH-10049,2026-09-20 11:53:29,2830,95.05,14.06,1.111
VH-10049,2026-09-20 20:13:00,2516,92.33,13.82,1.68
VH-10049,2026-09-20 05:41:14,2701,94.2,14.05,1.723
VH-10049,2026-09-20 14:36:24,2721,95.57,14.41,0.942
VH-10049,2026-09-20 14:13:57,2885,94.17,13.99,1.437
VH-10005,2026-09-20 19:58:11,2969,95.23,14.45,1.505
VH-10005,2026-09-20 17:31:07,1946,94.97,13.82,1.407
VH-10005,2026-09-20 08:39:40,2393,94.08,14.2,1.007
VH-10005,2026-09-20 06:33:42,2619,94.28,14.28,1.876
VH-10005,2026-09-20 17:38:27,2485,93.14,14.3,1.526
VH-10005,2026-09-20 05:31:21,1825,96.94,14.17,2.019
VH-10028,2026-09-20 13:27:10,2518,88.2,14.24,1.423
VH-10028,2026-09-20 10:01:17,2675,94.81,13.99,1.394
VH-10028,2026-09-20 07:09:26,2906,94.8,14.22,0.689
VH-10028,2026-09-20 18:04:11,2108,94.41,14.23,0.812
VH-10028,2026-09-20 16:37:36,3012,90.08,14.42,1.388
VH-10028,2026-09-20 06:37:04,2711,95.0,14.12,1.809
VH-10050,2026-09-20 05:33:27,2207,94.04,13.95,1.421
VH-10050,2026-09-20 07:47:02,2766,113.8,13.4,3.836
VH-10050,2026-09-20 14:24:43,1974,123.86,13.75,2.798
VH-10050,2026-09-20 19:57:44,3640,119.0,13.83,3.137
VH-10050,2026-09-20 07:26:24,3075,125.19,13.79,3.063
VH-10050,2026-09-20 13:17:28,2500,128.31,13.79,3.352
VH-10015,2026-09-20 11:15:14,2811,95.16,14.1,1.332
VH-10015,2026-09-20 19:14:44,2204,90.96,14.1,1.022
VH-10015,2026-09-20 07:00:23,2864,92.8,13.9,1.061
VH-10015,2026-09-20 15:59:46,2407,93.63,14.27,1.022
VH-10015,2026-09-20 07:55:54,3044,89.94,14.01,1.695
VH-10015,2026-09-20 14:59:22,2088,90.16,14.05,0.993
VH-10026,2026-09-20 15:05:30,1741,90.02,14.18,0.728
VH-10026,2026-09-20 09:24:53,2519,87.85,14.5,1.347
VH-10026,2026-09-20 12:31:18,1702,91.94,14.09,1.752
VH-10026,2026-09-20 16:36:46,2552,92.39,14.01,1.614
VH-10026,2026-09-20 16:16:10,1745,91.02,14.3,1.954
VH-10026,2026-09-20 10:49:35,2253,98.74,14.2,5.407
VH-10039,2026-09-20 10:35:25,2617,91.27,14.01,1.028
VH-10039,2026-09-20 05:46:32,2801,91.72,13.89,7.974
VH-10039,2026-09-20 12:42:29,3576,92.95,14.38,6.411
VH-10039,2026-09-20 12:11:21,2656,99.04,14.33,7.27
VH-10039,2026-09-20 18:48:23,4016,99.15,13.96,6.33
VH-10039,2026-09-20 17:07:19,3275,92.5,14.4,5.974
VH-10034,2026-09-20 19:24:42,2485,94.49,14.02,1.485
VH-10034,2026-09-20 16:17:39,2144,94.59,14.32,1.542
VH-10034,2026-09-20 20:14:27,1696,92.37,13.92,1.491
VH-10034,2026-09-20 13:21:43,2075,88.04,13.79,1.605
VH-10034,2026-09-20 18:58:01,2050,96.56,14.1,1.657
VH-10034,2026-09-20 19:22:59,1618,94.79,14.23,1.532
VH-10031,2026-09-20 18:22:32,2676,95.73,14.26,1.627
VH-10031,2026-09-20 05:32:57,2441,88.63,14.27,1.7
VH-10031,2026-09-20 05:51:00,2509,92.92,14.39,1.461
VH-10031,2026-09-20 12:57:01,1951,89.84,13.98,1.067
VH-10031,2026-09-20 12:54:47,2932,90.69,13.98,1.592
VH-10031,2026-09-20 17:25:49,2378,88.37,14.48,1.461
VH-10042,2026-09-20 08:16:42,5207,51.27,14.09,1.549
VH-10042,2026-09-20 11:30:19,2960,50.49,14.04,1.695
VH-10042,2026-09-20 20:08:58,3406,41.82,13.9,1.38
VH-10042,2026-09-20 04:49:09,2290,36.85,14.03,0.862
VH-10042,2026-09-20 13:04:50,5654,53.14,13.84,0.966
VH-10042,2026-09-20 18:06:24,5439,51.55,14.31,1.663
VH-10021,2026-09-20 06:06:20,2593,90.79,13.98,1.306
VH-10021,2026-09-20 04:51:39,2102,88.17,14.05,2.011
VH-10021,2026-09-20 20:33:31,3122,93.41,13.88,1.341
VH-10021,2026-09-20 18:38:43,1843,90.28,14.28,1.087
VH-10021,2026-09-20 15:13:23,2816,94.48,14.01,1.75
VH-10021,2026-09-20 07:39:44,1734,92.01,14.27,1.611
VH-10045,2026-09-20 12:37:04,1872,49.18,14.3,1.018
VH-10045,2026-09-20 18:52:51,4569,49.12,13.77,1.907
VH-10045,2026-09-20 13:45:05,4303,59.18,13.71,6.479
VH-10045,2026-09-20 14:48:59,6382,49.06,13.94,7.304
VH-10045,2026-09-20 09:17:30,3113,60.25,14.2,5.235
VH-10045,2026-09-20 09:59:53,4675,54.99,13.91,7.109
VH-10002,2026-09-20 06:23:20,2557,92.64,9.97,0.82
VH-10002,2026-09-20 20:16:43,2476,95.19,11.15,1.004
VH-10002,2026-09-20 17:40:02,1943,90.53,10.61,0.863
VH-10002,2026-09-20 05:41:47,1697,92.78,10.07,1.169
VH-10002,2026-09-20 07:14:53,1858,94.42,10.63,0.869
VH-10002,2026-09-20 09:27:50,1919,96.4,10.27,1.166
VH-10042,2026-09-21 06:57:46,2479,46.18,14.18,0.787
VH-10042,2026-09-21 18:38:47,2147,41.01,13.77,1.888
VH-10042,2026-09-21 04:51:08,2073,51.57,14.22,0.807
VH-10042,2026-09-21 06:25:14,5138,55.41,14.3,1.99
VH-10042,2026-09-21 14:02:05,2174,35.61,14.04,1.404
VH-10042,2026-09-21 11:02:52,3441,35.73,14.05,0.875
VH-10041,2026-09-21 05:21:34,3044,92.56,14.41,1.679
VH-10041,2026-09-21 11:58:19,1792,94.79,14.05,1.065
VH-10041,2026-09-21 17:48:12,2812,90.89,14.47,1.695
VH-10041,2026-09-21 17:18:44,1993,92.66,13.8,1.528
VH-10041,2026-09-21 20:33:07,2514,93.85,14.1,1.613
VH-10041,2026-09-21 08:12:44,1831,94.01,13.89,0.698
VH-10027,2026-09-21 10:15:59,1974,92.45,14.27,1.117
VH-10027,2026-09-21 05:58:10,2176,88.42,14.36,1.35
VH-10027,2026-09-21 08:32:23,2868,87.38,14.18,1.668
VH-10027,2026-09-21 07:51:54,3013,91.86,13.93,1.648
VH-10027,2026-09-21 16:21:24,1621,89.13,14.29,1.796
VH-10027,2026-09-21 13:42:42,2071,91.62,14.25,0.971
VH-10032,2026-09-21 15:46:39,2239,89.11,14.54,1.485
VH-10032,2026-09-21 15:33:15,2904,96.74,13.97,0.727
VH-10032,2026-09-21 08:56:56,2365,88.86,14.03,1.537
VH-10032,2026-09-21 15:49:43,3046,92.28,13.74,1.474
VH-10032,2026-09-21 19:51:46,2623,94.12,13.89,1.483
VH-10032,2026-09-21 16:38:11,2770,94.72,14.18,0.773
VH-10004,2026-09-21 20:12:29,2270,89.55,14.24,1.395
VH-10004,2026-09-21 05:00:59,2276,93.28,14.44,0.715
VH-10004,2026-09-21 15:36:14,2827,89.46,14.29,1.791
VH-10004,2026-09-21 08:03:41,2136,88.21,14.2,1.405
VH-10004,2026-09-21 07:24:54,2342,95.02,14.0,1.646
VH-10004,2026-09-21 12:18:52,1867,93.58,14.13,1.449
VH-10013,2026-09-21 18:51:05,2780,99.94,14.13,7.406
VH-10013,2026-09-21 20:20:33,3193,99.61,14.15,7.834
VH-10013,2026-09-21 10:37:54,3315,96.04,14.35,8.42
VH-10013,2026-09-21 07:58:31,3344,92.04,14.25,8.144
VH-10013,2026-09-21 09:35:37,3111,95.17,13.81,5.878
VH-10013,2026-09-21 07:11:51,2806,99.14,14.23,6.619
VH-10029,2026-09-21 11:20:59,1609,90.2,13.93,1.595
VH-10029,2026-09-21 05:48:15,2886,95.87,13.96,1.324
VH-10029,2026-09-21 19:03:22,2921,93.15,14.2,1.35
VH-10029,2026-09-21 08:48:12,2050,87.83,14.09,1.238
VH-10029,2026-09-21 08:30:22,2100,97.12,14.27,1.406
VH-10029,2026-09-21 07:14:20,1878,91.0,14.06,1.527
VH-10046,2026-09-21 09:26:17,1723,88.28,11.43,1.403
VH-10046,2026-09-21 06:20:33,3041,86.74,10.93,1.334
VH-10046,2026-09-21 18:41:31,2633,86.64,11.05,1.391
VH-10046,2026-09-21 14:35:53,3033,92.69,9.91,0.878
VH-10046,2026-09-21 06:41:21,2631,94.59,10.13,1.065
VH-10046,2026-09-21 19:25:13,1999,90.57,10.91,0.971
VH-10044,2026-09-21 07:52:49,2609,93.9,14.39,1.312
VH-10044,2026-09-21 12:58:56,1847,92.95,14.0,1.064
VH-10044,2026-09-21 14:08:57,2820,87.82,13.92,0.962
VH-10044,2026-09-21 20:13:50,2324,90.53,14.05,0.95
VH-10044,2026-09-21 05:26:00,2782,94.55,14.36,1.565
VH-10044,2026-09-21 17:34:04,1671,96.23,14.36,1.513
VH-10043,2026-09-21 08:08:34,2573,88.76,14.43,1.485
VH-10043,2026-09-21 18:32:19,2545,87.43,14.22,1.367
VH-10043,2026-09-21 05:49:12,3041,92.87,13.99,1.091
VH-10043,2026-09-21 19:08:12,2386,93.12,11.28,1.172
VH-10043,2026-09-21 14:49:27,3062,91.22,10.74,1.521
VH-10043,2026-09-21 12:54:10,2226,91.62,10.1,1.009
VH-10005,2026-09-21 16:45:37,2822,95.48,13.97,1.675
VH-10005,2026-09-21 11:46:28,2860,92.84,14.32,1.221
VH-10005,2026-09-21 10:03:40,2988,92.25,14.06,1.293
VH-10005,2026-09-21 16:35:14,1813,90.18,14.38,1.836
VH-10005,2026-09-21 07:25:45,2840,95.75,14.15,1.504
VH-10005,2026-09-21 06:10:14,2523,95.16,14.03,0.877
VH-10049,2026-09-21 05:28:37,2897,90.58,14.17,1.545
VH-10049,2026-09-21 15:31:09,2452,91.27,13.82,1.569
VH-10049,2026-09-21 10:29:43,3137,92.2,13.95,1.208
VH-10049,2026-09-21 08:11:12,2149,96.39,14.09,1.746
VH-10049,2026-09-21 11:05:47,3159,91.48,14.28,0.614
VH-10049,2026-09-21 05:41:54,2275,88.48,14.21,1.845
VH-10037,2026-09-21 14:36:21,2108,95.3,14.49,1.749
VH-10037,2026-09-21 08:28:33,2333,90.3,14.4,0.625
VH-10037,2026-09-21 19:50:46,2645,87.98,14.03,1.768
VH-10037,2026-09-21 08:32:31,2428,97.22,14.04,1.375
VH-10037,2026-09-21 16:20:02,2991,93.3,14.37,1.28
VH-10037,2026-09-21 15:36:02,3097,96.6,14.36,5.81
VH-10024,2026-09-21 09:29:07,2478,49.39,13.75,0.548
VH-10024,2026-09-21 20:06:23,3368,40.31,13.98,1.843
VH-10024,2026-09-21 18:01:57,4854,43.45,14.35,1.004
VH-10024,2026-09-21 19:27:35,4948,38.19,14.02,0.613
VH-10024,2026-09-21 18:56:45,3103,47.56,14.23,1.473
VH-10024,2026-09-21 12:38:01,3115,39.86,13.95,1.096
VH-10038,2026-09-21 15:19:05,2817,94.56,13.83,1.221
VH-10038,2026-09-21 11:54:42,1998,95.79,14.07,1.123
VH-10038,2026-09-21 19:20:24,3002,89.65,14.27,1.239
VH-10038,2026-09-21 10:07:49,1879,87.88,14.23,1.329
VH-10038,2026-09-21 14:26:45,2918,92.03,13.91,1.205
VH-10038,2026-09-21 08:50:34,1852,97.12,14.38,0.785
VH-10031,2026-09-21 10:29:40,1619,92.75,13.99,1.395
VH-10031,2026-09-21 16:08:27,1976,93.85,14.26,1.358
VH-10031,2026-09-21 18:46:38,2449,92.93,13.83,1.682
VH-10031,2026-09-21 19:01:51,1753,91.67,14.19,1.514
VH-10031,2026-09-21 12:33:15,2872,90.38,14.29,1.352
VH-10031,2026-09-21 05:45:01,1927,91.74,13.96,1.702
VH-10023,2026-09-21 07:24:09,2041,94.87,13.84,1.466
VH-10023,2026-09-21 14:26:49,1888,91.43,13.97,1.108
VH-10023,2026-09-21 13:55:39,2772,95.74,14.55,1.172
VH-10023,2026-09-21 19:44:40,1686,90.49,14.4,0.747
VH-10023,2026-09-21 06:58:48,2187,89.33,13.92,2.01
VH-10023,2026-09-21 09:51:42,1622,90.28,14.15,1.709
VH-10015,2026-09-21 13:04:18,1674,91.97,14.45,0.787
VH-10015,2026-09-21 09:51:20,2899,92.99,14.18,0.995
VH-10015,2026-09-21 12:10:17,3036,96.1,14.15,0.615
VH-10015,2026-09-21 14:06:22,2205,95.0,14.39,1.047
VH-10015,2026-09-21 12:59:39,1636,91.77,14.23,1.281
VH-10015,2026-09-21 06:35:59,2102,91.07,13.87,1.272
VH-10009,2026-09-21 08:42:36,2950,46.55,13.78,8.471
VH-10009,2026-09-21 05:22:18,5807,46.74,13.7,4.829
VH-10009,2026-09-21 15:57:12,4394,49.3,13.74,5.3
VH-10009,2026-09-21 20:05:12,3053,57.62,14.04,6.443
VH-10009,2026-09-21 09:16:45,4101,54.43,13.7,6.346
VH-10009,2026-09-21 08:21:08,2158,48.9,14.09,1.197
VH-10011,2026-09-21 12:48:59,2464,94.1,14.12,8.836
VH-10011,2026-09-21 19:58:13,3773,98.91,13.93,5.708
VH-10011,2026-09-21 08:53:03,3475,92.52,13.88,5.79
VH-10011,2026-09-21 12:15:26,2049,89.09,14.11,1.539
VH-10011,2026-09-21 10:45:19,2512,92.38,14.04,1.479
VH-10011,2026-09-21 14:17:28,1746,95.88,14.07,1.533
VH-10025,2026-09-21 07:19:58,1893,89.79,14.49,1.311
VH-10025,2026-09-21 17:48:33,2608,90.26,13.79,1.575
VH-10025,2026-09-21 20:23:27,1673,95.18,14.32,1.386
VH-10025,2026-09-21 16:27:16,2315,90.24,14.38,1.224
VH-10025,2026-09-21 19:32:25,2477,94.41,13.87,0.861
VH-10025,2026-09-21 20:17:33,3012,90.85,14.24,1.45
VH-10034,2026-09-21 11:31:15,2397,90.61,13.87,1.637
VH-10034,2026-09-21 17:03:09,2507,88.46,14.1,1.726
VH-10034,2026-09-21 12:32:25,2063,90.65,14.05,1.358
VH-10034,2026-09-21 10:55:59,1831,95.14,13.76,1.751
VH-10034,2026-09-21 18:47:03,1648,94.09,14.37,0.868
VH-10034,2026-09-21 10:28:19,3186,95.64,14.57,1.431
VH-10033,2026-09-21 18:00:25,2879,95.79,10.53,1.012
VH-10033,2026-09-21 12:33:49,3134,93.03,11.5,1.044
VH-10033,2026-09-21 10:13:47,3158,93.51,10.03,0.789
VH-10033,2026-09-21 14:11:52,2025,93.05,10.06,0.716
VH-10033,2026-09-21 18:57:23,1863,93.19,14.05,1.255
VH-10033,2026-09-21 08:37:55,2096,95.23,14.39,1.533
VH-10018,2026-09-21 12:12:55,2887,117.07,14.03,2.011
VH-10018,2026-09-21 07:38:32,2119,129.91,13.46,3.528
VH-10018,2026-09-21 08:46:50,2871,124.32,13.92,2.227
VH-10018,2026-09-21 04:34:29,3002,121.4,13.51,3.163
VH-10018,2026-09-21 14:29:10,3468,127.26,13.75,1.886
VH-10018,2026-09-21 04:57:24,2751,90.99,14.14,1.512
VH-10047,2026-09-21 14:30:07,1930,93.1,14.24,0.676
VH-10047,2026-09-21 06:35:53,2607,89.9,14.35,1.38
VH-10047,2026-09-21 06:43:05,2910,87.6,14.03,1.384
VH-10047,2026-09-21 20:25:43,2587,92.45,13.88,1.46
VH-10047,2026-09-21 19:27:54,2473,92.04,14.13,1.736
VH-10047,2026-09-21 07:12:57,3051,92.9,14.01,1.625
VH-10050,2026-09-21 19:39:27,2979,114.44,13.38,2.521
VH-10050,2026-09-21 09:23:40,2694,123.04,13.79,2.614
VH-10050,2026-09-21 14:21:48,2461,123.11,13.32,3.253
VH-10050,2026-09-21 16:48:58,2199,130.55,13.59,2.2
VH-10050,2026-09-21 13:07:26,2425,88.53,13.83,1.663
VH-10050,2026-09-21 07:34:20,2504,91.67,14.07,1.927
VH-10007,2026-09-21 15:07:38,2160,97.24,14.06,0.71
VH-10007,2026-09-21 17:53:15,1889,89.49,10.41,1.119
VH-10007,2026-09-21 19:02:37,1625,92.58,11.57,1.396
VH-10007,2026-09-21 19:50:26,2218,92.35,10.77,1.042
VH-10007,2026-09-21 11:18:47,1654,89.3,10.58,1.365
VH-10007,2026-09-21 05:23:20,2403,95.03,10.42,1.223
VH-10028,2026-09-21 08:03:03,2958,94.64,14.28,1.37
VH-10028,2026-09-21 17:32:52,2267,93.84,14.18,0.995
VH-10028,2026-09-21 17:57:49,2907,95.91,14.09,1.898
VH-10028,2026-09-21 18:13:59,3064,91.96,14.01,0.967
VH-10028,2026-09-21 19:16:46,1683,88.67,13.92,1.679
VH-10028,2026-09-21 10:20:58,1758,91.45,13.79,0.934
VH-10003,2026-09-21 15:49:07,1736,94.58,14.33,1.646
VH-10003,2026-09-21 20:03:47,1689,93.13,13.74,1.389
VH-10003,2026-09-21 06:33:01,2756,93.68,14.16,1.381
VH-10003,2026-09-21 10:45:26,2232,88.18,14.32,1.087
VH-10003,2026-09-21 10:05:18,1704,90.57,13.97,1.115
VH-10003,2026-09-21 17:03:08,2154,94.93,14.25,1.533
VH-10039,2026-09-21 17:54:15,3073,96.26,13.88,8.298
VH-10039,2026-09-21 11:04:13,2705,91.79,14.19,6.007
VH-10039,2026-09-21 19:03:02,4079,94.25,14.28,6.408
VH-10039,2026-09-21 15:37:37,2904,92.67,14.38,1.446
VH-10039,2026-09-21 07:45:23,2208,96.35,14.4,2.048
VH-10039,2026-09-21 08:34:24,2445,88.69,14.22,0.778
VH-10016,2026-09-21 17:01:03,2095,88.75,14.34,1.51
VH-10016,2026-09-21 13:31:35,1644,89.44,14.08,1.474
VH-10016,2026-09-21 10:51:28,2844,89.2,14.15,0.874
VH-10016,2026-09-21 09:00:52,2264,92.27,13.93,1.933
VH-10016,2026-09-21 16:15:05,2897,94.93,13.79,0.929
VH-10016,2026-09-21 07:19:59,1760,97.04,14.3,0.76
VH-10022,2026-09-21 10:52:31,1953,91.4,14.09,0.87
VH-10022,2026-09-21 13:26:34,1795,92.93,14.29,1.239
VH-10022,2026-09-21 18:09:18,2853,90.0,14.14,1.177
VH-10022,2026-09-21 13:10:17,3021,93.64,14.51,0.803
VH-10022,2026-09-21 07:42:33,1727,92.17,14.08,1.311
VH-10022,2026-09-21 18:38:30,2439,90.52,14.3,1.407
VH-10048,2026-09-21 04:46:04,1831,95.15,14.37,1.393
VH-10048,2026-09-21 18:34:52,2740,91.17,13.76,1.162
VH-10048,2026-09-21 08:55:37,2310,89.79,14.47,0.824
VH-10048,2026-09-21 04:45:35,2162,91.3,13.88,1.222
VH-10048,2026-09-21 20:07:33,2031,93.03,14.18,1.488
VH-10048,2026-09-21 13:20:35,2289,94.59,14.47,1.867
VH-10012,2026-09-21 19:26:19,3142,111.16,13.42,3.006
VH-10012,2026-09-21 16:07:43,3617,129.24,13.39,3.895
VH-10012,2026-09-21 17:15:05,3671,125.95,13.55,1.782
VH-10012,2026-09-21 07:20:43,2428,114.94,13.9,3.284
VH-10012,2026-09-21 14:44:19,2234,120.99,13.39,2.658
VH-10012,2026-09-21 16:29:30,2793,127.66,13.85,2.871
VH-10045,2026-09-21 11:40:01,3674,38.27,14.0,8.034
VH-10045,2026-09-21 13:49:59,3400,55.4,13.77,8.462
VH-10045,2026-09-21 11:08:40,6760,57.17,13.76,7.876
VH-10045,2026-09-21 13:07:39,5894,57.17,13.71,5.106
VH-10045,2026-09-21 08:08:46,6438,40.61,14.07,5.689
VH-10045,2026-09-21 09:26:28,1957,38.35,13.75,1.635
VH-10010,2026-09-21 06:34:07,1951,96.91,13.95,1.452
VH-10010,2026-09-21 06:03:42,2631,95.49,14.31,1.762
VH-10010,2026-09-21 06:16:32,2358,88.54,14.33,1.862
VH-10010,2026-09-21 19:39:37,1876,95.04,14.14,0.923
VH-10010,2026-09-21 11:17:16,2889,93.14,13.91,1.023
VH-10010,2026-09-21 10:16:06,2357,94.38,14.3,1.104
VH-10002,2026-09-21 13:12:20,1921,95.67,14.0,1.692
VH-10002,2026-09-21 18:26:37,1838,91.11,13.98,1.607
VH-10002,2026-09-21 06:34:04,2072,91.17,14.45,1.382
VH-10002,2026-09-21 08:12:32,2278,90.6,14.11,0.919
VH-10002,2026-09-21 14:38:40,2616,96.56,14.46,1.55
VH-10002,2026-09-21 19:44:02,2305,96.49,14.28,0.878
VH-10017,2026-09-21 07:45:00,2336,89.19,14.44,0.621
VH-10017,2026-09-21 10:21:03,2485,87.92,14.21,0.867
VH-10017,2026-09-21 19:04:06,1716,96.05,13.97,0.984
VH-10017,2026-09-21 12:06:41,2847,94.86,14.0,1.437
VH-10017,2026-09-21 17:09:10,2454,92.1,14.21,1.576
VH-10017,2026-09-21 18:48:36,3197,96.72,14.53,1.138
VH-10014,2026-09-21 14:38:55,3053,89.67,14.3,1.108
VH-10014,2026-09-21 18:07:22,2195,95.2,14.38,1.417
VH-10014,2026-09-21 18:57:08,1726,96.65,14.55,1.895
VH-10014,2026-09-21 18:54:05,2571,91.14,14.28,1.3
VH-10014,2026-09-21 15:42:50,2430,91.25,14.25,1.527
VH-10014,2026-09-21 07:17:09,2283,92.75,14.2,1.992
VH-10008,2026-09-21 10:03:02,2124,89.81,14.41,1.891
VH-10008,2026-09-21 08:51:12,1883,91.17,14.5,1.376
VH-10008,2026-09-21 13:46:50,3129,94.96,14.56,0.741
VH-10008,2026-09-21 13:41:30,2977,93.08,13.77,1.878
VH-10008,2026-09-21 13:13:51,2761,89.88,14.25,0.71
VH-10008,2026-09-21 18:30:55,2524,88.93,14.2,1.683
VH-10026,2026-09-21 12:24:30,3960,95.31,14.13,5.79
VH-10026,2026-09-21 17:02:49,2924,97.78,14.22,8.081
VH-10026,2026-09-21 09:38:52,3255,98.75,14.37,6.35
VH-10026,2026-09-21 13:28:36,3047,92.88,14.1,8.204
VH-10026,2026-09-21 11:17:34,2650,93.61,14.04,0.751
VH-10026,2026-09-21 09:54:46,2161,90.15,14.24,1.611
VH-10020,2026-09-21 08:29:58,2390,90.2,14.25,1.067
VH-10020,2026-09-21 06:19:29,1607,96.57,14.42,1.073
VH-10020,2026-09-21 19:42:29,2682,94.32,14.34,1.645
VH-10020,2026-09-21 19:41:01,2838,94.14,14.3,1.274
VH-10020,2026-09-21 20:02:55,2335,92.43,13.99,1.333
VH-10020,2026-09-21 17:40:05,2089,90.94,14.13,1.768
VH-10035,2026-09-21 09:46:35,2637,97.64,14.33,1.511
VH-10035,2026-09-21 07:25:17,2034,87.03,14.06,1.262
VH-10035,2026-09-21 17:04:08,2500,93.3,14.43,1.556
VH-10035,2026-09-21 16:58:42,2154,89.34,14.29,0.938
VH-10035,2026-09-21 06:02:24,1827,97.03,13.83,0.986
VH-10035,2026-09-21 08:23:50,2932,94.7,14.13,1.341
VH-10036,2026-09-21 19:48:04,2762,92.98,14.19,1.152
VH-10036,2026-09-21 19:07:05,2263,89.3,13.91,1.632
VH-10036,2026-09-21 17:07:03,2109,92.63,14.06,1.044
VH-10036,2026-09-21 19:41:09,2351,93.66,14.44,1.624
VH-10036,2026-09-21 20:10:02,3093,88.41,14.21,1.399
VH-10036,2026-09-21 07:11:42,2962,93.99,14.0,1.121
VH-10019,2026-09-21 07:32:57,2400,89.57,13.86,1.381
VH-10019,2026-09-21 19:54:35,2319,88.77,14.19,1.474
VH-10019,2026-09-21 18:49:02,3144,94.79,14.01,1.802
VH-10019,2026-09-21 10:35:16,1872,95.42,14.11,0.77
VH-10019,2026-09-21 06:33:40,3119,95.4,14.07,1.585
VH-10019,2026-09-21 14:07:38,2113,94.03,10.52,0.788
VH-10040,2026-09-21 06:20:20,5563,39.81,13.79,0.835
VH-10040,2026-09-21 05:38:53,5762,35.29,13.93,0.861
VH-10040,2026-09-21 16:17:11,4770,50.86,13.98,0.823
VH-10040,2026-09-21 15:22:04,3216,39.99,13.76,1.098
VH-10040,2026-09-21 17:19:09,1955,42.59,14.01,1.1
VH-10040,2026-09-21 13:19:33,1945,51.68,13.65,0.895
VH-10003,2026-09-22 08:10:36,2164,92.91,13.85,1.183
VH-10003,2026-09-22 07:11:15,2472,87.43,14.29,1.766
VH-10003,2026-09-22 18:06:07,1921,90.83,14.0,1.125
VH-10003,2026-09-22 19:24:45,1733,95.17,14.23,1.505
VH-10003,2026-09-22 16:40:30,1911,94.18,14.53,1.618
VH-10003,2026-09-22 17:08:40,2580,91.2,13.9,1.74
VH-10048,2026-09-22 12:51:30,1745,91.61,14.22,1.352
VH-10048,2026-09-22 06:07:09,3060,93.47,14.37,1.603
VH-10048,2026-09-22 07:52:22,2801,88.88,13.96,0.667
VH-10048,2026-09-22 14:48:32,1875,93.74,13.99,0.77
VH-10048,2026-09-22 06:01:46,2402,92.75,14.38,1.339
VH-10048,2026-09-22 09:06:46,2222,89.28,14.21,1.466
VH-10002,2026-09-22 09:24:35,2286,91.08,14.45,1.515
VH-10002,2026-09-22 07:15:28,1706,90.87,14.04,1.826
VH-10002,2026-09-22 05:26:06,3049,92.51,14.27,1.615
VH-10002,2026-09-22 08:21:58,2355,96.63,14.4,1.166
VH-10002,2026-09-22 07:40:19,1759,89.72,14.16,0.963
VH-10002,2026-09-22 14:57:28,2303,95.14,14.51,1.736
VH-10027,2026-09-22 18:56:03,1977,95.06,14.15,1.56
VH-10027,2026-09-22 09:07:55,1994,93.65,14.46,1.454
VH-10027,2026-09-22 07:01:13,2819,96.22,13.9,1.646
VH-10027,2026-09-22 17:39:23,2264,93.56,13.78,1.663
VH-10027,2026-09-22 08:42:02,1618,94.18,14.27,1.865
VH-10027,2026-09-22 20:04:05,2515,95.06,13.96,1.71
VH-10029,2026-09-22 14:05:37,2436,94.27,14.22,0.824
VH-10029,2026-09-22 16:14:04,2959,94.9,14.32,0.647
VH-10029,2026-09-22 15:12:50,1725,89.81,13.96,1.156
VH-10029,2026-09-22 09:20:55,1799,87.03,13.9,1.455
VH-10029,2026-09-22 11:35:05,2165,91.97,14.38,1.287
VH-10029,2026-09-22 19:20:11,2201,89.4,14.29,1.586
VH-10020,2026-09-22 09:31:47,2488,92.31,13.91,1.518
VH-10020,2026-09-22 18:36:23,2179,93.11,13.77,1.504
VH-10020,2026-09-22 15:26:42,1683,92.55,14.21,1.372
VH-10020,2026-09-22 12:49:51,2604,91.45,14.06,1.224
VH-10020,2026-09-22 10:06:36,2369,94.79,14.39,1.547
VH-10020,2026-09-22 07:25:34,2457,91.94,13.89,1.36
VH-10007,2026-09-22 11:19:25,1652,91.61,10.47,1.497
VH-10007,2026-09-22 13:06:20,2388,94.53,11.17,1.202
VH-10007,2026-09-22 12:32:50,2107,90.75,10.08,1.397
VH-10007,2026-09-22 06:39:41,2570,90.73,13.98,1.065
VH-10007,2026-09-22 13:45:01,2300,89.59,14.35,1.781
VH-10007,2026-09-22 12:00:11,2614,88.11,13.84,1.225
VH-10024,2026-09-22 12:15:05,5009,49.58,13.99,1.397
VH-10024,2026-09-22 11:34:53,4414,42.71,13.99,0.862
VH-10024,2026-09-22 16:50:20,4888,37.77,14.02,0.652
VH-10024,2026-09-22 06:53:27,3071,45.29,13.62,1.103
VH-10024,2026-09-22 12:40:32,3557,40.21,13.87,1.575
VH-10024,2026-09-22 10:14:11,3751,36.41,13.75,1.576
VH-10034,2026-09-22 20:07:04,1868,93.42,14.46,1.237
VH-10034,2026-09-22 08:31:51,1717,96.4,14.36,1.501
VH-10034,2026-09-22 12:21:38,2519,88.12,14.01,1.014
VH-10034,2026-09-22 19:22:29,1685,87.87,13.92,1.734
VH-10034,2026-09-22 09:42:21,2454,90.44,14.37,0.898
VH-10034,2026-09-22 16:29:13,2054,92.01,14.32,1.146
VH-10025,2026-09-22 14:45:56,1909,95.55,14.05,1.099
VH-10025,2026-09-22 18:22:39,2189,91.89,14.12,1.241
VH-10025,2026-09-22 16:42:35,2302,89.55,14.42,1.975
VH-10025,2026-09-22 08:21:08,2684,91.97,14.39,1.208
VH-10025,2026-09-22 13:21:50,2736,92.03,14.16,1.767
VH-10025,2026-09-22 06:49:07,2691,93.35,13.84,1.847
VH-10032,2026-09-22 17:41:08,3158,93.26,14.37,1.378
VH-10032,2026-09-22 18:48:04,2909,88.55,14.42,1.338
VH-10032,2026-09-22 07:43:38,1889,94.88,13.84,2.018
VH-10032,2026-09-22 19:39:08,2197,90.34,11.38,1.66
VH-10032,2026-09-22 06:09:10,2379,89.66,11.33,1.75
VH-10032,2026-09-22 11:58:20,1899,96.08,10.18,0.965
VH-10021,2026-09-22 13:23:38,2147,93.47,14.16,1.972
VH-10021,2026-09-22 08:34:34,2741,91.22,13.87,1.536
VH-10021,2026-09-22 10:16:52,1716,95.57,14.35,0.787
VH-10021,2026-09-22 08:36:49,2429,90.31,14.21,1.725
VH-10021,2026-09-22 06:43:00,2726,90.59,14.03,1.603
VH-10021,2026-09-22 09:17:30,2813,94.51,14.38,1.297
VH-10009,2026-09-22 19:47:28,4377,40.59,13.87,1.481
VH-10009,2026-09-22 11:29:41,3054,45.22,14.16,1.55
VH-10009,2026-09-22 18:03:07,6210,54.6,14.09,1.297
VH-10009,2026-09-22 10:55:41,2928,39.58,14.01,1.589
VH-10009,2026-09-22 11:53:14,4580,37.41,13.74,1.024
VH-10009,2026-09-22 20:24:42,3902,42.03,14.01,1.061
VH-10019,2026-09-22 05:08:48,2676,93.68,11.17,1.474
VH-10019,2026-09-22 09:35:39,2825,93.46,10.66,1.279
VH-10019,2026-09-22 16:26:33,1865,97.34,10.93,0.953
VH-10019,2026-09-22 15:54:19,2257,86.48,10.84,1.654
VH-10019,2026-09-22 19:33:23,3101,92.16,10.73,1.428
VH-10019,2026-09-22 05:47:06,2111,88.76,11.46,1.622
VH-10049,2026-09-22 11:14:36,2003,93.36,14.29,1.277
VH-10049,2026-09-22 12:48:51,2197,91.38,14.11,1.347
VH-10049,2026-09-22 08:33:39,2248,88.62,14.48,0.776
VH-10049,2026-09-22 07:09:02,1626,94.31,13.96,1.674
VH-10049,2026-09-22 07:11:18,2164,90.53,14.08,1.793
VH-10049,2026-09-22 17:21:24,2373,92.27,14.34,0.912
VH-10035,2026-09-22 07:44:39,2831,91.54,13.87,1.223
VH-10035,2026-09-22 08:49:08,2438,92.59,14.28,0.883
VH-10035,2026-09-22 16:01:05,2085,94.55,14.14,1.579
VH-10035,2026-09-22 05:36:26,2992,91.27,14.19,0.625
VH-10035,2026-09-22 15:39:23,2209,91.34,13.85,1.466
VH-10035,2026-09-22 10:14:12,2579,92.36,14.43,1.852
VH-10040,2026-09-22 09:00:26,1517,55.3,13.69,1.295
VH-10040,2026-09-22 18:24:27,6468,41.22,14.04,1.014
VH-10040,2026-09-22 08:28:55,3055,49.24,13.63,1.234
VH-10040,2026-09-22 10:17:59,4798,39.33,13.91,1.669
VH-10040,2026-09-22 07:56:24,5668,51.23,14.11,0.794
VH-10040,2026-09-22 20:08:17,5700,48.57,13.72,1.072
VH-10018,2026-09-22 11:16:53,2577,92.57,14.04,1.655
VH-10018,2026-09-22 10:04:37,2484,89.74,14.41,1.467
VH-10018,2026-09-22 17:48:06,2989,87.69,14.07,0.652
VH-10018,2026-09-22 13:30:15,3131,97.77,14.33,0.866
VH-10018,2026-09-22 13:22:15,2153,90.62,14.02,0.773
VH-10018,2026-09-22 18:34:50,3126,93.47,14.22,1.482
VH-10044,2026-09-22 11:44:59,2099,92.28,14.45,1.393
VH-10044,2026-09-22 11:29:30,2325,92.72,13.95,0.816
VH-10044,2026-09-22 07:17:21,2366,94.8,14.43,1.721
VH-10044,2026-09-22 05:30:59,1852,91.19,14.31,0.958
VH-10044,2026-09-22 06:40:55,1734,94.13,14.12,0.767
VH-10044,2026-09-22 07:37:56,3085,94.36,14.51,1.316
VH-10011,2026-09-22 19:06:12,2770,95.29,14.06,1.727
VH-10011,2026-09-22 14:08:26,2504,90.05,13.98,0.917
VH-10011,2026-09-22 18:40:31,2197,91.21,14.33,1.168
VH-10011,2026-09-22 16:48:17,2899,88.78,14.43,1.253
VH-10011,2026-09-22 09:58:23,1706,92.28,14.0,0.531
VH-10011,2026-09-22 15:43:15,2024,93.69,14.02,1.344
VH-10041,2026-09-22 11:18:51,2577,90.61,14.39,1.168
VH-10041,2026-09-22 17:23:41,2079,93.41,14.05,1.75
VH-10041,2026-09-22 08:09:00,2357,92.5,14.28,0.655
VH-10041,2026-09-22 05:33:10,2724,90.72,14.26,1.112
VH-10041,2026-09-22 18:19:40,2726,94.18,14.19,0.746
VH-10041,2026-09-22 09:30:53,2954,94.05,13.83,1.794
VH-10028,2026-09-22 09:37:07,1696,94.18,14.27,1.345
VH-10028,2026-09-22 06:09:47,2051,91.95,14.18,1.592
VH-10028,2026-09-22 20:05:37,1762,90.09,14.25,0.834
VH-10028,2026-09-22 06:57:25,2860,90.18,14.18,1.49
VH-10028,2026-09-22 09:37:37,3173,96.71,14.13,0.79
VH-10028,2026-09-22 18:04:27,2528,90.15,13.89,1.367
VH-10039,2026-09-22 16:18:02,3016,92.99,14.47,1.587
VH-10039,2026-09-22 10:28:05,1674,94.57,14.23,0.877
VH-10039,2026-09-22 12:35:41,2169,89.7,14.5,0.949
VH-10039,2026-09-22 05:04:52,2841,95.09,13.92,1.279
VH-10039,2026-09-22 13:50:46,1865,88.81,13.93,1.167
VH-10039,2026-09-22 11:05:44,3011,95.77,14.02,1.246
VH-10047,2026-09-22 15:23:27,2885,89.44,14.41,1.407
VH-10047,2026-09-22 11:22:43,1727,96.19,14.11,1.389
VH-10047,2026-09-22 07:10:23,2720,92.39,13.86,1.215
VH-10047,2026-09-22 06:13:37,1987,94.5,14.14,0.893
VH-10047,2026-09-22 12:29:46,2714,90.75,14.43,1.065
VH-10047,2026-09-22 11:54:58,2268,96.07,14.21,1.439
VH-10046,2026-09-22 15:10:58,2631,88.16,10.91,1.29
VH-10046,2026-09-22 06:56:32,2440,94.87,10.13,0.847
VH-10046,2026-09-22 10:37:13,2450,91.94,10.66,0.742
VH-10046,2026-09-22 14:27:19,2686,96.64,11.42,0.998
VH-10046,2026-09-22 08:12:20,2870,89.58,14.27,1.215
VH-10046,2026-09-22 12:06:12,3197,90.12,14.02,0.983
VH-10012,2026-09-22 05:32:28,3251,119.57,14.13,2.776
VH-10012,2026-09-22 18:47:17,1641,90.78,14.21,1.248
VH-10012,2026-09-22 10:32:31,2665,89.28,14.34,0.569
VH-10012,2026-09-22 18:13:52,1739,92.59,14.14,0.688
VH-10012,2026-09-22 15:05:21,1781,97.24,14.23,1.491
VH-10012,2026-09-22 11:20:35,2641,97.61,13.8,0.979
VH-10001,2026-09-22 04:57:25,2185,93.89,14.3,1.548
VH-10001,2026-09-22 07:23:14,2874,92.4,14.28,1.19
VH-10001,2026-09-22 05:27:41,1945,92.54,14.45,1.804
VH-10001,2026-09-22 16:42:31,2815,91.12,14.18,1.196
VH-10001,2026-09-22 07:54:22,2526,90.93,14.49,1.371
VH-10001,2026-09-22 17:42:10,1825,91.46,13.79,1.595
VH-10015,2026-09-22 20:06:17,2210,93.42,10.96,0.907
VH-10015,2026-09-22 10:57:30,1964,87.57,11.53,1.475
VH-10015,2026-09-22 15:04:50,2408,87.04,10.62,1.026
VH-10015,2026-09-22 20:12:46,2220,90.19,11.52,0.889
VH-10015,2026-09-22 06:41:11,2989,89.93,10.47,1.075
VH-10015,2026-09-22 11:34:22,2939,97.31,11.22,1.166
VH-10031,2026-09-22 09:46:21,1878,96.27,14.22,1.088
VH-10031,2026-09-22 12:44:44,2206,91.21,14.03,1.739
VH-10031,2026-09-22 05:09:50,3079,89.52,13.88,1.261
VH-10031,2026-09-22 18:54:20,2766,90.62,14.02,0.877
VH-10031,2026-09-22 09:11:18,1875,89.93,14.06,1.398
VH-10031,2026-09-22 08:15:55,2562,95.44,14.34,0.878
VH-10016,2026-09-22 20:13:23,2036,88.82,13.97,0.83
VH-10016,2026-09-22 08:02:33,2554,90.44,14.06,1.929
VH-10016,2026-09-22 07:56:40,2477,91.57,13.88,1.647
VH-10016,2026-09-22 04:35:24,2685,94.26,13.97,1.377
VH-10016,2026-09-22 15:13:32,2191,94.84,14.04,1.513
VH-10016,2026-09-22 09:39:09,2019,86.78,14.41,1.39
VH-10014,2026-09-22 17:35:56,2459,88.57,14.35,1.216
VH-10014,2026-09-22 09:40:34,2072,94.93,14.09,0.929
VH-10014,2026-09-22 09:14:33,2099,91.63,13.97,0.895
VH-10014,2026-09-22 15:55:02,2240,88.51,14.48,1.099
VH-10014,2026-09-22 12:38:23,1661,97.53,14.06,1.706
VH-10014,2026-09-22 09:19:00,2056,130.25,13.48,2.538
VH-10038,2026-09-22 09:07:43,2844,95.79,14.4,1.261
VH-10038,2026-09-22 15:42:14,3158,87.8,14.16,1.478
VH-10038,2026-09-22 20:04:54,2290,88.68,13.98,1.34
VH-10038,2026-09-22 17:20:29,2505,93.18,14.18,1.545
VH-10038,2026-09-22 05:26:57,3025,90.88,14.35,1.077
VH-10038,2026-09-22 11:10:09,2929,94.24,14.22,0.884
VH-10010,2026-09-22 08:32:41,2274,94.35,14.28,1.354
VH-10010,2026-09-22 04:51:10,1669,90.59,13.99,1.574
VH-10010,2026-09-22 06:38:36,1857,92.36,14.16,1.129
VH-10010,2026-09-22 12:18:53,2475,93.26,14.15,1.424
VH-10010,2026-09-22 19:43:48,1747,93.2,14.03,1.641
VH-10010,2026-09-22 16:22:42,2186,93.76,14.25,1.917
VH-10013,2026-09-22 08:05:03,3033,97.05,14.16,7.65
VH-10013,2026-09-22 11:43:44,2782,92.21,14.33,7.245
VH-10013,2026-09-22 18:59:20,3008,90.1,14.45,0.985
VH-10013,2026-09-22 08:30:45,2625,93.05,13.96,1.345
VH-10013,2026-09-22 12:12:33,2037,92.13,14.31,1.193
VH-10013,2026-09-22 14:11:14,2011,94.94,13.83,1.441
VH-10008,2026-09-22 13:50:30,1613,92.0,14.35,1.865
VH-10008,2026-09-22 16:34:15,2904,91.49,14.32,1.007
VH-10008,2026-09-22 17:59:58,1648,95.23,14.09,1.288
VH-10008,2026-09-22 05:03:17,1645,90.37,14.0,1.498
VH-10008,2026-09-22 10:38:27,2994,92.05,13.91,1.162
VH-10008,2026-09-22 17:59:59,2669,88.18,13.91,1.22
VH-10045,2026-09-22 19:27:58,2879,39.57,14.0,1.401
VH-10045,2026-09-22 17:41:22,1542,52.02,14.31,1.824
VH-10045,2026-09-22 12:37:27,1749,42.0,14.31,1.582
VH-10045,2026-09-22 07:39:33,5012,42.52,14.02,1.892
VH-10045,2026-09-22 08:14:23,3616,48.64,13.65,1.582
VH-10045,2026-09-22 11:09:26,1940,39.88,14.36,1.454
VH-10017,2026-09-22 16:47:05,1821,92.0,13.81,1.268
VH-10017,2026-09-22 19:08:05,2213,93.28,14.04,1.439
VH-10017,2026-09-22 20:05:25,2715,91.75,14.39,1.464
VH-10017,2026-09-22 19:00:18,2300,93.42,14.1,1.806
VH-10017,2026-09-22 13:34:11,1753,93.71,13.92,1.103
VH-10017,2026-09-22 18:20:37,2374,94.77,13.88,1.262
VH-10033,2026-09-22 12:07:23,2017,90.38,14.31,1.418
VH-10033,2026-09-22 10:39:13,2537,89.46,13.94,1.211
VH-10033,2026-09-22 06:44:41,2356,90.39,14.34,1.159
VH-10033,2026-09-22 10:55:21,1747,91.19,14.38,1.24
VH-10033,2026-09-22 17:06:06,1621,88.94,14.2,1.6
VH-10033,2026-09-22 05:09:40,2161,87.98,14.42,0.65
VH-10050,2026-09-22 05:07:23,2360,88.53,14.39,1.729
VH-10050,2026-09-22 04:37:02,2436,96.4,14.29,1.349
VH-10050,2026-09-22 07:12:35,2715,89.91,13.85,1.469
VH-10050,2026-09-22 16:05:48,1944,93.8,13.88,1.449
VH-10050,2026-09-22 15:46:44,1988,91.25,13.8,1.246
VH-10050,2026-09-22 16:49:17,2792,96.57,14.17,1.124
VH-10036,2026-09-22 20:21:05,3020,92.68,14.01,1.448
VH-10036,2026-09-22 06:20:44,3009,91.79,14.58,1.407
VH-10036,2026-09-22 11:18:51,2676,91.25,14.55,1.354
VH-10036,2026-09-22 04:41:14,1838,92.18,14.23,1.568
VH-10036,2026-09-22 13:41:58,2791,118.09,13.48,3.155
VH-10036,2026-09-22 11:56:19,2910,132.01,13.67,2.245
VH-10005,2026-09-22 17:26:12,3022,90.16,14.12,1.34
VH-10005,2026-09-22 20:20:52,2426,96.16,14.04,1.852
VH-10005,2026-09-22 15:32:38,2370,92.54,14.29,1.513
VH-10005,2026-09-22 11:59:55,2123,94.24,14.5,0.697
VH-10005,2026-09-22 06:40:00,3099,89.01,14.26,0.94
VH-10005,2026-09-22 08:13:49,2721,94.5,14.37,0.775
VH-10035,2026-09-23 10:38:29,2970,89.02,14.39,1.029
VH-10035,2026-09-23 07:09:48,2893,90.28,14.34,1.486
VH-10035,2026-09-23 14:44:26,2995,89.3,14.28,1.111
VH-10035,2026-09-23 19:19:15,1872,96.68,14.38,1.004
VH-10035,2026-09-23 05:30:26,2232,96.04,14.1,1.67
VH-10035,2026-09-23 11:48:47,2747,88.76,14.48,0.888
VH-10026,2026-09-23 04:41:22,1744,91.32,14.21,1.253
VH-10026,2026-09-23 05:50:06,1706,95.91,14.11,1.556
VH-10026,2026-09-23 10:52:37,1680,90.94,14.22,1.259
VH-10026,2026-09-23 20:27:30,2445,93.82,13.99,1.893
VH-10026,2026-09-23 19:05:20,2293,95.23,14.26,1.346
VH-10026,2026-09-23 06:02:24,2213,95.16,13.99,1.346
VH-10016,2026-09-23 10:40:36,2839,91.24,14.38,1.914
VH-10016,2026-09-23 15:49:56,2992,93.34,14.01,1.064
VH-10016,2026-09-23 16:26:03,2522,91.21,14.22,1.848
VH-10016,2026-09-23 04:57:26,1678,92.95,14.02,0.727
VH-10016,2026-09-23 05:26:57,1604,96.2,13.76,1.432
VH-10016,2026-09-23 19:44:36,2457,88.88,13.8,1.498
VH-10021,2026-09-23 12:33:59,2282,95.75,13.82,1.675
VH-10021,2026-09-23 09:51:01,2179,89.88,14.07,1.305
VH-10021,2026-09-23 20:22:30,2267,90.1,14.13,1.422
VH-10021,2026-09-23 08:24:36,3389,117.13,13.55,2.825
VH-10021,2026-09-23 13:40:55,3076,115.42,13.84,3.488
VH-10021,2026-09-23 05:17:54,3250,127.15,13.71,3.195
VH-10019,2026-09-23 15:43:13,1623,94.68,10.73,1.333
VH-10019,2026-09-23 04:52:21,2972,91.71,10.11,0.75
VH-10019,2026-09-23 14:49:27,2372,92.18,10.99,1.344
VH-10019,2026-09-23 15:15:13,3144,92.26,14.21,1.004
VH-10019,2026-09-23 07:01:52,2465,96.64,14.11,1.464
VH-10019,2026-09-23 12:32:44,2188,90.55,14.11,1.054
VH-10028,2026-09-23 14:12:57,3125,90.46,13.97,1.705
VH-10028,2026-09-23 13:15:55,2899,87.49,14.36,0.961
VH-10028,2026-09-23 10:39:09,1909,88.58,14.25,0.641
VH-10028,2026-09-23 08:32:34,1822,88.1,13.87,1.226
VH-10028,2026-09-23 15:38:37,2196,97.4,14.32,1.061
VH-10028,2026-09-23 05:55:46,3123,94.63,14.11,1.075
VH-10038,2026-09-23 10:05:01,2873,90.5,13.83,1.3
VH-10038,2026-09-23 18:25:59,2823,91.17,14.15,1.475
VH-10038,2026-09-23 15:05:30,2349,92.2,14.3,1.862
VH-10038,2026-09-23 10:48:27,2730,88.31,14.43,1.302
VH-10038,2026-09-23 12:58:58,2305,92.59,14.46,1.489
VH-10038,2026-09-23 09:53:52,2432,92.97,14.12,1.284
VH-10012,2026-09-23 06:46:16,2170,93.19,13.99,1.564
VH-10012,2026-09-23 05:01:20,3048,94.55,14.5,1.079
VH-10012,2026-09-23 15:54:53,2827,92.29,14.05,1.645
VH-10012,2026-09-23 12:17:23,2414,95.38,14.35,1.194
VH-10012,2026-09-23 06:53:28,2346,95.73,14.34,1.168
VH-10012,2026-09-23 13:33:51,2875,90.33,14.38,1.378
VH-10048,2026-09-23 19:04:03,2640,90.08,14.44,0.819
VH-10048,2026-09-23 11:57:19,2052,95.3,13.93,1.357
VH-10048,2026-09-23 05:55:01,1844,93.67,13.93,1.725
VH-10048,2026-09-23 07:26:36,2559,96.59,14.04,1.294
VH-10048,2026-09-23 09:44:39,2815,93.96,14.09,0.758
VH-10048,2026-09-23 06:20:06,3147,93.48,14.18,1.166
VH-10009,2026-09-23 18:15:19,3517,41.51,10.61,0.985
VH-10009,2026-09-23 09:22:45,2818,45.83,10.79,0.875
VH-10009,2026-09-23 17:49:18,1660,52.18,10.47,1.301
VH-10009,2026-09-23 13:36:39,5537,53.31,11.1,1.726
VH-10009,2026-09-23 07:31:08,4903,51.36,11.31,0.712
VH-10009,2026-09-23 06:42:40,5475,38.84,11.38,1.531
VH-10025,2026-09-23 10:17:41,2913,94.59,13.86,1.168
VH-10025,2026-09-23 16:07:01,1651,93.21,13.9,0.923
VH-10025,2026-09-23 15:47:17,2209,90.95,14.16,1.918
VH-10025,2026-09-23 18:55:23,1673,90.99,14.27,1.705
VH-10025,2026-09-23 11:43:19,2674,90.49,14.26,0.689
VH-10025,2026-09-23 08:10:28,2015,92.01,14.31,1.399
VH-10045,2026-09-23 11:47:35,5945,39.32,13.98,1.771
VH-10045,2026-09-23 18:05:51,2272,40.32,14.11,1.533
VH-10045,2026-09-23 08:13:37,5593,50.14,13.89,1.239
VH-10045,2026-09-23 12:30:26,4607,41.1,14.08,1.572
VH-10045,2026-09-23 18:34:36,6255,51.73,14.04,1.523
VH-10045,2026-09-23 15:32:14,5086,34.59,13.6,1.308
VH-10041,2026-09-23 18:24:25,2100,88.84,13.8,1.511
VH-10041,2026-09-23 06:50:57,1786,94.66,14.21,1.313
VH-10041,2026-09-23 08:16:48,1847,96.04,14.38,1.783
VH-10041,2026-09-23 15:17:17,2278,92.72,14.33,0.667
VH-10041,2026-09-23 15:15:00,1807,93.83,14.27,1.179
VH-10041,2026-09-23 08:37:18,2209,94.11,13.96,1.678
VH-10017,2026-09-23 06:00:31,2588,95.99,14.18,1.039
VH-10017,2026-09-23 17:46:22,2308,90.32,13.82,1.106
VH-10017,2026-09-23 08:22:31,1617,95.54,14.04,1.707
VH-10017,2026-09-23 10:15:05,1866,96.3,14.27,0.956
VH-10017,2026-09-23 08:08:30,1752,92.61,14.01,1.195
VH-10017,2026-09-23 17:03:05,2891,89.06,13.92,1.43
VH-10010,2026-09-23 18:32:35,3127,90.98,13.93,1.05
VH-10010,2026-09-23 06:09:27,2383,91.73,13.91,0.624
VH-10010,2026-09-23 14:22:40,1721,89.85,14.1,1.677
VH-10010,2026-09-23 14:15:04,1811,89.23,13.93,1.504
VH-10010,2026-09-23 17:21:13,1653,95.03,14.03,1.394
VH-10010,2026-09-23 08:45:03,2637,87.64,14.1,1.244
VH-10039,2026-09-23 10:34:56,2416,91.13,14.25,1.84
VH-10039,2026-09-23 09:30:05,2094,95.97,14.25,1.26
VH-10039,2026-09-23 17:57:40,1896,93.44,14.43,0.751
VH-10039,2026-09-23 08:20:30,2378,88.11,14.29,1.142
VH-10039,2026-09-23 06:25:05,2433,87.36,14.18,1.687
VH-10039,2026-09-23 12:38:44,2460,88.94,14.28,1.571
VH-10040,2026-09-23 12:02:08,2689,37.03,13.65,1.714
VH-10040,2026-09-23 05:25:04,3935,45.19,14.1,0.669
VH-10040,2026-09-23 17:58:41,5031,42.59,13.77,1.363
VH-10040,2026-09-23 10:04:30,6378,37.38,13.77,1.259
VH-10040,2026-09-23 04:56:07,6009,54.65,13.88,1.427
VH-10040,2026-09-23 07:52:38,5512,54.09,13.91,0.849
VH-10015,2026-09-23 10:30:42,1707,90.95,14.33,0.805
VH-10015,2026-09-23 05:54:07,2148,91.97,14.25,1.058
VH-10015,2026-09-23 13:35:45,1866,91.43,14.45,1.443
VH-10015,2026-09-23 18:57:48,2525,94.42,14.23,1.493
VH-10015,2026-09-23 08:50:52,2327,92.74,14.06,1.238
VH-10015,2026-09-23 07:12:23,2549,88.2,14.05,1.904
VH-10002,2026-09-23 08:03:14,2993,95.05,13.98,1.223
VH-10002,2026-09-23 18:12:07,2092,94.13,14.17,1.101
VH-10002,2026-09-23 18:42:28,2496,91.46,13.96,1.506
VH-10002,2026-09-23 09:16:13,2660,91.06,14.42,1.1
VH-10002,2026-09-23 09:57:54,2981,92.43,14.13,1.581
VH-10002,2026-09-23 06:59:33,2416,89.43,13.85,1.758
VH-10050,2026-09-23 08:26:05,1714,93.35,14.31,1.503
VH-10050,2026-09-23 20:04:53,2909,89.22,14.36,0.88
VH-10050,2026-09-23 11:08:13,3101,93.03,14.0,1.239
VH-10050,2026-09-23 12:01:48,1833,88.36,14.27,1.382
VH-10050,2026-09-23 07:10:17,2005,94.96,14.24,1.381
VH-10050,2026-09-23 05:35:28,1977,89.64,13.83,1.123
VH-10031,2026-09-23 19:30:16,1720,94.93,13.8,1.557
VH-10031,2026-09-23 05:16:07,2713,93.59,14.21,0.978
VH-10031,2026-09-23 12:43:25,2308,92.5,14.41,1.065
VH-10031,2026-09-23 10:45:52,1954,93.08,14.02,0.965
VH-10031,2026-09-23 12:18:12,2888,90.21,14.0,1.587
VH-10031,2026-09-23 13:26:52,2590,96.37,13.93,1.349
VH-10033,2026-09-23 07:42:04,3119,92.88,14.33,1.356
VH-10033,2026-09-23 17:04:44,2022,95.07,13.89,1.541
VH-10033,2026-09-23 19:06:30,1680,96.07,14.12,1.157
VH-10033,2026-09-23 17:29:16,2035,90.42,14.32,0.648
VH-10033,2026-09-23 15:41:08,1830,92.36,14.35,1.749
VH-10033,2026-09-23 14:29:33,2523,92.09,14.11,1.514
VH-10044,2026-09-23 11:51:53,2486,93.6,13.98,1.185
VH-10044,2026-09-23 09:30:39,2659,92.82,13.78,1.523
VH-10044,2026-09-23 14:40:05,1607,95.7,14.12,1.172
VH-10044,2026-09-23 17:56:37,2741,94.19,14.02,1.404
VH-10044,2026-09-23 07:23:04,2031,95.59,13.96,0.823
VH-10044,2026-09-23 10:20:21,2715,91.54,14.09,0.756
VH-10005,2026-09-23 06:30:14,2192,92.36,13.81,0.928
VH-10005,2026-09-23 11:17:11,2631,93.12,13.92,0.712
VH-10005,2026-09-23 09:54:33,2033,89.64,14.36,0.827
VH-10005,2026-09-23 07:51:26,2176,90.14,14.29,1.078
VH-10005,2026-09-23 09:05:37,1671,95.06,14.57,1.356
VH-10005,2026-09-23 14:42:40,2843,90.92,14.1,1.688
VH-10022,2026-09-23 07:51:20,2073,97.59,13.94,1.087
VH-10022,2026-09-23 07:27:30,3071,122.79,13.65,1.961
VH-10022,2026-09-23 18:40:43,3006,126.0,13.86,2.683
VH-10022,2026-09-23 16:00:54,2289,118.06,13.65,2.171
VH-10022,2026-09-23 14:15:16,2674,116.61,13.59,2.949
VH-10022,2026-09-23 16:50:45,3041,131.38,13.53,2.754
VH-10013,2026-09-23 16:20:13,2722,93.33,14.1,1.494
VH-10013,2026-09-23 12:34:19,1741,91.28,14.05,0.721
VH-10013,2026-09-23 16:47:54,2386,94.9,13.84,1.468
VH-10013,2026-09-23 16:00:18,2605,92.56,13.97,1.818
VH-10013,2026-09-23 19:42:40,3010,91.55,13.99,1.331
VH-10013,2026-09-23 13:34:07,2373,87.49,14.05,0.893
VH-10014,2026-09-23 14:05:57,3573,108.11,14.01,2.258
VH-10014,2026-09-23 04:43:51,3067,129.2,13.68,1.676
VH-10014,2026-09-23 17:52:43,2252,132.17,13.39,2.269
VH-10014,2026-09-23 04:38:00,3187,121.74,13.85,2.044
VH-10014,2026-09-23 14:50:15,3538,125.9,13.6,3.623
VH-10014,2026-09-23 18:23:50,1768,88.92,14.25,1.733
VH-10007,2026-09-23 15:26:20,2743,90.54,14.23,1.725
VH-10007,2026-09-23 19:54:38,2443,94.11,14.12,1.532
VH-10007,2026-09-23 15:55:48,1825,95.81,14.39,1.413
VH-10007,2026-09-23 08:07:57,2487,89.69,14.27,1.167
VH-10007,2026-09-23 18:24:00,2033,88.63,13.95,1.549
VH-10007,2026-09-23 11:59:30,3017,92.52,14.01,1.842
VH-10023,2026-09-23 05:04:30,2802,95.04,14.15,1.223
VH-10023,2026-09-23 12:33:00,2303,92.14,14.39,1.441
VH-10023,2026-09-23 06:51:21,2319,94.02,14.01,1.83
VH-10023,2026-09-23 07:50:25,2709,97.21,14.02,0.899
VH-10023,2026-09-23 08:36:33,1995,89.57,14.47,1.286
VH-10023,2026-09-23 09:19:45,2787,91.78,14.28,0.956
VH-10037,2026-09-23 06:00:11,3403,96.26,14.24,5.866
VH-10037,2026-09-23 08:48:36,3389,91.79,14.33,6.157
VH-10037,2026-09-23 09:48:29,2297,101.78,14.37,7.754
VH-10037,2026-09-23 07:17:17,3339,93.91,14.02,4.57
VH-10037,2026-09-23 04:40:21,4091,93.93,13.87,5.541
VH-10037,2026-09-23 04:44:39,3946,94.25,14.34,5.178
VH-10020,2026-09-23 07:23:01,3145,93.28,14.12,1.111
VH-10020,2026-09-23 17:19:05,2434,89.38,14.23,1.866
VH-10020,2026-09-23 15:15:12,2263,90.96,14.22,1.601
VH-10020,2026-09-23 11:59:03,2951,94.23,14.43,1.429
VH-10020,2026-09-23 19:39:02,3023,90.81,14.18,0.815
VH-10020,2026-09-23 11:41:16,3006,96.72,14.24,1.221
VH-10003,2026-09-23 11:32:02,2942,92.69,13.93,1.442
VH-10003,2026-09-23 06:20:24,2572,93.0,13.98,0.658
VH-10003,2026-09-23 18:59:39,2477,91.22,14.42,1.317
VH-10003,2026-09-23 19:02:04,1777,89.37,13.71,1.317
VH-10003,2026-09-23 09:09:37,2600,91.06,14.22,1.208
VH-10003,2026-09-23 13:52:15,3160,92.61,14.08,0.765
VH-10006,2026-09-23 15:55:20,2541,91.11,14.25,0.813
VH-10006,2026-09-23 05:53:05,2694,92.8,14.25,0.983
VH-10006,2026-09-23 15:35:40,1854,90.31,14.14,1.396
VH-10006,2026-09-23 06:05:01,2061,91.59,14.19,0.616
VH-10006,2026-09-23 13:12:57,1882,87.52,14.22,1.365
VH-10006,2026-09-23 13:03:50,2666,96.6,14.1,1.224
VH-10027,2026-09-23 18:14:18,2052,97.04,10.07,0.871
VH-10027,2026-09-23 11:09:51,3048,88.91,11.02,0.933
VH-10027,2026-09-23 09:03:55,1676,88.81,9.92,1.402
VH-10027,2026-09-23 18:43:13,2438,94.89,10.69,1.548
VH-10027,2026-09-23 20:21:00,2552,91.54,14.17,1.332
VH-10027,2026-09-23 11:12:42,1680,90.81,14.11,0.913
VH-10001,2026-09-23 16:56:39,3182,92.82,14.41,0.776
VH-10001,2026-09-23 07:10:55,2612,94.11,13.92,0.889
VH-10001,2026-09-23 05:50:24,2707,87.76,14.19,0.73
VH-10001,2026-09-23 16:18:45,2972,91.14,14.2,0.945
VH-10001,2026-09-23 14:59:15,1729,95.25,14.25,1.472
VH-10001,2026-09-23 16:35:17,3124,96.68,13.97,0.954
VH-10042,2026-09-23 17:12:33,3394,48.94,13.95,1.084
VH-10042,2026-09-23 17:37:27,3005,42.65,14.26,0.879
VH-10042,2026-09-23 07:14:10,6196,51.19,14.15,1.371
VH-10042,2026-09-23 13:49:56,4019,54.19,13.81,1.374
VH-10042,2026-09-23 16:14:15,2777,46.68,14.17,1.305
VH-10042,2026-09-23 09:40:14,5912,43.53,13.99,0.878
VH-10046,2026-09-23 15:12:13,1975,93.98,14.28,1.586
VH-10046,2026-09-23 07:24:27,1904,89.38,13.93,1.742
VH-10046,2026-09-23 16:31:09,2508,89.11,14.4,1.365
VH-10046,2026-09-23 15:56:13,2959,92.62,14.34,1.045
VH-10046,2026-09-23 12:28:00,2770,94.47,14.52,1.616
VH-10046,2026-09-23 09:34:41,2491,93.88,14.31,1.641
VH-10004,2026-09-23 16:49:08,1797,90.95,14.15,1.16
VH-10004,2026-09-23 06:41:45,2718,90.98,14.08,0.943
VH-10004,2026-09-23 13:37:47,2559,131.04,13.48,3.047
VH-10004,2026-09-23 04:45:21,2040,132.41,13.75,3.612
VH-10004,2026-09-23 16:14:25,2260,127.93,13.58,3.734
VH-10004,2026-09-23 19:08:57,2907,113.88,14.0,2.657
VH-10011,2026-09-23 16:56:43,1745,90.0,14.15,1.632
VH-10011,2026-09-23 16:54:27,1815,94.39,14.21,1.184
VH-10011,2026-09-23 17:33:15,3001,89.31,13.86,1.622
VH-10011,2026-09-23 19:10:31,2910,92.53,10.38,1.792
VH-10011,2026-09-23 05:39:10,2524,95.94,11.25,0.785
VH-10011,2026-09-23 06:13:10,1964,89.64,9.83,1.602
VH-10008,2026-09-23 14:15:28,2550,95.8,14.37,0.767
VH-10008,2026-09-23 17:31:31,2021,93.07,14.46,1.811
VH-10008,2026-09-23 10:21:05,2631,95.2,13.96,1.622
VH-10008,2026-09-23 04:41:38,2999,90.21,14.14,0.919
VH-10008,2026-09-23 19:34:26,2708,92.64,14.16,1.095
VH-10008,2026-09-23 09:14:40,2095,91.41,14.43,1.627
VH-10029,2026-09-23 16:56:28,2175,95.87,13.81,0.714
VH-10029,2026-09-23 20:13:32,2898,93.26,13.99,0.97
VH-10029,2026-09-23 11:14:53,1644,88.34,14.23,1.508
VH-10029,2026-09-23 13:56:01,1828,91.03,14.18,1.225
VH-10029,2026-09-23 09:28:05,1896,91.44,13.79,0.798
VH-10029,2026-09-23 09:34:59,3149,87.96,13.85,1.812
VH-10049,2026-09-23 17:26:22,1968,95.01,14.25,1.194
VH-10049,2026-09-23 19:35:24,2373,89.59,13.99,1.342
VH-10049,2026-09-23 07:59:47,2796,95.54,14.42,0.948
VH-10049,2026-09-23 04:50:31,2776,88.63,14.12,1.364
VH-10049,2026-09-23 08:53:14,2627,93.93,14.38,1.377
VH-10049,2026-09-23 19:29:14,2497,91.49,14.17,1.155
VH-10036,2026-09-23 05:44:06,2102,131.51,13.32,2.35
VH-10036,2026-09-23 08:30:37,2343,115.56,13.96,2.766
VH-10036,2026-09-23 05:02:38,2261,90.97,14.26,1.882
VH-10036,2026-09-23 12:13:45,2605,96.39,14.52,1.316
VH-10036,2026-09-23 05:05:58,1924,90.89,13.84,0.818
VH-10036,2026-09-23 17:34:11,2259,90.66,13.88,0.913
VH-10047,2026-09-23 05:50:59,2804,89.22,14.05,0.983
VH-10047,2026-09-23 14:00:38,3376,122.42,13.62,3.529
VH-10047,2026-09-23 12:10:23,2954,122.43,13.84,2.843
VH-10047,2026-09-23 10:39:15,2750,130.22,13.78,3.261
VH-10047,2026-09-23 17:56:45,2110,123.98,13.97,2.631
VH-10047,2026-09-23 11:07:39,3133,126.24,13.76,2.434
VH-10023,2026-09-24 17:41:20,2522,92.96,14.23,0.984
VH-10023,2026-09-24 16:57:39,2585,95.74,13.96,2.035
VH-10023,2026-09-24 06:47:20,1838,91.18,13.91,0.78
VH-10023,2026-09-24 13:16:28,1987,90.66,14.14,1.017
VH-10023,2026-09-24 06:46:17,2483,94.07,14.14,1.226
VH-10023,2026-09-24 12:54:28,1737,94.42,14.17,0.811
VH-10024,2026-09-24 13:02:22,2576,44.77,13.92,1.011
VH-10024,2026-09-24 15:41:15,6469,53.61,14.3,0.669
VH-10024,2026-09-24 17:40:33,2739,42.34,13.81,1.847
VH-10024,2026-09-24 09:44:26,4189,46.29,14.14,1.781
VH-10024,2026-09-24 19:35:23,1735,48.98,14.04,1.716
VH-10024,2026-09-24 15:53:25,2689,48.09,14.05,1.271
VH-10005,2026-09-24 18:46:18,2733,95.01,13.94,1.614
VH-10005,2026-09-24 13:16:06,2726,90.74,14.33,1.327
VH-10005,2026-09-24 17:27:49,3037,95.1,13.81,1.483
VH-10005,2026-09-24 07:59:18,2648,88.87,14.33,1.685
VH-10005,2026-09-24 20:08:52,2561,88.82,14.1,0.786
VH-10005,2026-09-24 04:42:13,2095,93.22,14.11,1.658
VH-10022,2026-09-24 08:01:19,3216,125.48,13.98,3.325
VH-10022,2026-09-24 20:01:42,3356,133.43,13.48,2.71
VH-10022,2026-09-24 14:24:51,2814,126.35,13.44,2.585
VH-10022,2026-09-24 16:53:05,2686,123.23,13.81,3.171
VH-10022,2026-09-24 10:06:08,2706,115.65,14.04,2.776
VH-10022,2026-09-24 12:39:55,2831,116.23,14.04,3.255
VH-10043,2026-09-24 08:09:37,2659,90.45,11.54,1.13
VH-10043,2026-09-24 15:00:58,3009,92.16,10.97,0.77
VH-10043,2026-09-24 17:07:04,3133,94.24,10.12,1.709
VH-10043,2026-09-24 13:45:24,2336,93.3,11.44,1.272
VH-10043,2026-09-24 14:42:33,1768,97.18,10.12,1.224
VH-10043,2026-09-24 16:41:43,1976,89.53,11.54,0.711
VH-10026,2026-09-24 18:50:20,2310,92.15,14.12,0.816
VH-10026,2026-09-24 09:04:34,1992,88.51,14.15,2.007
VH-10026,2026-09-24 12:01:46,1918,92.4,14.34,1.286
VH-10026,2026-09-24 10:29:56,2900,95.03,13.87,1.038
VH-10026,2026-09-24 17:50:02,2963,92.75,14.18,0.765
VH-10026,2026-09-24 07:54:31,1808,88.23,14.27,1.564
VH-10040,2026-09-24 15:32:59,1555,42.67,13.74,0.838
VH-10040,2026-09-24 10:46:26,4275,45.78,13.88,1.23
VH-10040,2026-09-24 13:11:50,1680,45.59,14.06,1.623
VH-10040,2026-09-24 18:43:43,5794,70.34,13.33,2.028
VH-10040,2026-09-24 12:37:44,6033,74.81,13.07,2.757
VH-10040,2026-09-24 19:21:32,3003,67.44,13.36,3.473
VH-10034,2026-09-24 06:41:58,2675,88.99,14.3,1.69
VH-10034,2026-09-24 14:42:16,1767,92.98,14.03,1.78
VH-10034,2026-09-24 11:46:26,3137,95.73,14.03,1.615
VH-10034,2026-09-24 05:40:40,2368,94.75,14.0,1.612
VH-10034,2026-09-24 08:12:51,2065,94.09,14.26,1.245
VH-10034,2026-09-24 07:31:27,2043,92.26,14.13,1.298
VH-10015,2026-09-24 14:45:15,2793,88.95,14.22,1.152
VH-10015,2026-09-24 04:53:02,1719,90.65,14.17,1.843
VH-10015,2026-09-24 17:37:11,2790,93.4,14.09,1.416
VH-10015,2026-09-24 16:22:35,3148,94.64,13.86,1.501
VH-10015,2026-09-24 17:10:31,2719,89.31,13.91,1.684
VH-10015,2026-09-24 15:46:15,2619,94.87,14.05,1.821
VH-10011,2026-09-24 19:50:19,2042,92.07,10.78,0.834
VH-10011,2026-09-24 11:53:03,2087,92.8,10.51,0.965
VH-10011,2026-09-24 18:06:34,2578,92.06,9.99,0.771
VH-10011,2026-09-24 12:58:46,2847,92.52,9.96,1.131
VH-10011,2026-09-24 11:13:43,2175,94.05,10.07,1.204
VH-10011,2026-09-24 07:46:02,2265,93.76,10.12,1.647
VH-10012,2026-09-24 18:14:14,2064,93.19,13.87,1.163
VH-10012,2026-09-24 16:34:50,3062,88.69,14.39,1.722
VH-10012,2026-09-24 13:11:00,2293,94.35,13.76,0.71
VH-10012,2026-09-24 08:36:40,1831,91.85,14.21,1.327
VH-10012,2026-09-24 07:34:26,1881,90.18,13.87,1.195
VH-10012,2026-09-24 15:22:55,1732,87.67,14.08,1.346
VH-10039,2026-09-24 04:53:26,1806,95.29,13.96,1.562
VH-10039,2026-09-24 18:31:14,2444,93.38,14.53,1.257
VH-10039,2026-09-24 10:36:13,1981,91.78,13.96,0.791
VH-10039,2026-09-24 12:26:18,1843,91.3,14.07,1.92
VH-10039,2026-09-24 07:16:40,2230,91.4,13.97,0.934
VH-10039,2026-09-24 09:16:17,1700,88.68,14.35,2.015
VH-10038,2026-09-24 19:54:09,2679,97.39,14.01,1.3
VH-10038,2026-09-24 06:48:40,3039,92.42,14.36,1.573
VH-10038,2026-09-24 05:09:42,2193,90.43,14.19,1.351
VH-10038,2026-09-24 11:01:49,2216,93.56,14.38,1.16
VH-10038,2026-09-24 05:48:08,1848,87.41,14.27,1.971
VH-10038,2026-09-24 06:50:07,2803,94.14,13.9,1.057
VH-10048,2026-09-24 14:10:19,2262,93.04,14.17,1.022
VH-10048,2026-09-24 07:37:09,2551,90.85,14.39,1.584
VH-10048,2026-09-24 08:29:11,1613,94.96,14.24,0.711
VH-10048,2026-09-24 12:13:55,2946,91.65,13.9,1.1
VH-10048,2026-09-24 12:28:09,1763,89.49,14.26,0.718
VH-10048,2026-09-24 04:58:20,2119,94.03,13.94,1.056
VH-10036,2026-09-24 18:20:29,1761,90.51,14.43,1.574
VH-10036,2026-09-24 14:58:44,1751,92.46,13.91,0.696
VH-10036,2026-09-24 07:50:48,1874,94.2,14.12,0.975
VH-10036,2026-09-24 16:49:28,2579,93.69,13.88,1.641
VH-10036,2026-09-24 12:10:17,1940,93.05,14.52,1.577
VH-10036,2026-09-24 20:18:19,1620,88.51,14.14,1.409
VH-10037,2026-09-24 16:26:53,2978,93.05,14.23,7.869
VH-10037,2026-09-24 19:01:34,2356,96.76,14.09,5.377
VH-10037,2026-09-24 07:42:24,3568,94.1,14.24,7.025
VH-10037,2026-09-24 04:35:15,3768,98.81,14.17,8.237
VH-10037,2026-09-24 11:37:48,1936,88.69,14.22,1.228
VH-10037,2026-09-24 15:58:38,2815,94.34,14.31,0.575
VH-10041,2026-09-24 14:23:50,2401,95.63,14.31,0.997
VH-10041,2026-09-24 08:05:53,3022,90.19,13.79,1.979
VH-10041,2026-09-24 09:32:45,2207,90.82,14.41,1.871
VH-10041,2026-09-24 09:29:45,3191,95.51,13.96,8.827
VH-10041,2026-09-24 15:01:44,3623,101.21,14.08,7.579
VH-10041,2026-09-24 16:53:30,2871,101.09,13.89,6.864
VH-10033,2026-09-24 10:18:43,2596,91.99,14.06,1.829
VH-10033,2026-09-24 15:13:38,1984,96.44,14.04,0.684
VH-10033,2026-09-24 09:23:54,2337,92.25,14.11,1.079
VH-10033,2026-09-24 04:36:15,2228,92.41,14.06,0.936
VH-10033,2026-09-24 13:07:03,1716,88.26,14.0,1.499
VH-10033,2026-09-24 06:02:44,2387,94.88,14.23,1.628
VH-10001,2026-09-24 08:57:53,3043,88.92,13.97,1.875
VH-10001,2026-09-24 09:49:55,1675,88.6,14.53,1.169
VH-10001,2026-09-24 10:44:14,2857,91.62,14.17,0.744
VH-10001,2026-09-24 06:20:37,2658,90.36,14.03,1.44
VH-10001,2026-09-24 10:35:19,3065,90.13,14.29,1.631
VH-10001,2026-09-24 12:59:41,2920,91.64,14.36,1.205
VH-10020,2026-09-24 11:26:21,1622,95.31,14.27,2.004
VH-10020,2026-09-24 20:25:28,1775,92.07,13.96,1.663
VH-10020,2026-09-24 15:39:34,1891,88.47,14.11,0.83
VH-10020,2026-09-24 13:41:34,2436,94.51,14.03,1.224
VH-10020,2026-09-24 14:32:11,2056,94.37,13.91,1.869
VH-10020,2026-09-24 15:46:49,1622,93.79,14.41,1.327
VH-10003,2026-09-24 18:19:59,1886,87.79,13.95,0.78
VH-10003,2026-09-24 18:04:02,1777,87.19,14.35,0.876
VH-10003,2026-09-24 04:48:19,2964,88.47,14.06,1.291
VH-10003,2026-09-24 14:48:03,2286,92.16,14.44,1.356
VH-10003,2026-09-24 07:28:36,2640,91.04,13.94,1.979
VH-10003,2026-09-24 19:43:28,2700,95.61,14.05,1.269
VH-10045,2026-09-24 17:18:14,6270,40.64,14.13,0.52
VH-10045,2026-09-24 18:38:51,5848,51.35,13.95,1.58
VH-10045,2026-09-24 16:20:53,4491,46.58,13.81,1.717
VH-10045,2026-09-24 15:49:28,3753,47.41,13.99,1.633
VH-10045,2026-09-24 04:37:57,3654,52.42,14.19,0.863
VH-10045,2026-09-24 11:32:05,3696,42.49,14.13,1.415
VH-10019,2026-09-24 17:47:00,2931,91.65,14.07,0.797
VH-10019,2026-09-24 11:27:14,2237,90.66,13.95,1.63
VH-10019,2026-09-24 09:21:46,2706,88.4,14.03,0.79
VH-10019,2026-09-24 17:24:57,1734,90.93,14.16,1.519
VH-10019,2026-09-24 12:01:50,2740,91.7,13.78,1.791
VH-10019,2026-09-24 05:41:56,1722,89.6,14.39,1.373
VH-10030,2026-09-24 20:00:11,2863,92.09,14.01,1.31
VH-10030,2026-09-24 13:35:27,1662,90.58,14.51,0.948
VH-10030,2026-09-24 14:05:58,1986,89.46,14.27,1.193
VH-10030,2026-09-24 08:58:49,2264,88.88,14.04,1.857
VH-10030,2026-09-24 16:22:13,1932,94.23,13.85,1.258
VH-10030,2026-09-24 11:46:06,1617,95.09,14.32,1.481
VH-10042,2026-09-24 19:52:47,3490,39.65,13.78,0.814
VH-10042,2026-09-24 09:06:42,1710,36.78,13.71,1.145
VH-10042,2026-09-24 11:11:22,6109,36.71,14.32,1.146
VH-10042,2026-09-24 11:31:51,4217,49.79,13.79,1.567
VH-10042,2026-09-24 04:54:43,1568,48.08,14.02,0.632
VH-10042,2026-09-24 14:35:42,2395,45.28,13.96,1.658
VH-10016,2026-09-24 10:56:49,2127,92.7,14.32,1.99
VH-10016,2026-09-24 12:33:03,1947,95.11,14.17,1.673
VH-10016,2026-09-24 04:59:47,3183,90.63,13.89,0.902
VH-10016,2026-09-24 13:05:58,1960,91.66,14.1,1.565
VH-10016,2026-09-24 16:15:37,2720,93.41,14.21,1.336
VH-10016,2026-09-24 14:41:20,1708,93.89,13.88,1.762
VH-10050,2026-09-24 12:26:06,2617,87.72,14.21,1.723
VH-10050,2026-09-24 14:40:32,1782,96.58,13.93,1.229
VH-10050,2026-09-24 14:35:49,2060,92.85,14.19,0.805
VH-10050,2026-09-24 05:39:51,3068,113.74,13.35,1.975
VH-10050,2026-09-24 13:54:43,3533,115.72,13.33,3.303
VH-10050,2026-09-24 14:56:17,3167,124.69,13.56,2.23
VH-10032,2026-09-24 09:52:42,2455,95.13,11.34,1.628
VH-10032,2026-09-24 16:11:42,1872,87.62,9.84,0.833
VH-10032,2026-09-24 09:01:44,2217,93.87,11.13,1.204
VH-10032,2026-09-24 09:37:19,2785,94.24,11.3,1.183
VH-10032,2026-09-24 19:14:05,2208,92.74,10.49,1.453
VH-10032,2026-09-24 17:03:07,1788,88.41,10.04,1.094
VH-10027,2026-09-24 12:22:46,2776,92.41,14.22,1.522
VH-10027,2026-09-24 18:55:49,2881,90.48,13.8,1.323
VH-10027,2026-09-24 15:07:58,1647,92.28,14.36,1.772
VH-10027,2026-09-24 14:53:51,2509,91.93,14.27,0.863
VH-10027,2026-09-24 11:30:37,2432,92.22,14.26,1.326
VH-10027,2026-09-24 09:21:06,2229,87.16,10.37,1.479
VH-10028,2026-09-24 08:32:09,1600,92.06,14.15,0.771
VH-10028,2026-09-24 07:33:08,2582,93.17,13.95,1.432
VH-10028,2026-09-24 16:01:27,2446,91.31,14.33,1.49
VH-10028,2026-09-24 14:04:16,2498,94.75,14.37,0.95
VH-10028,2026-09-24 16:41:55,2288,93.33,14.1,1.118
VH-10028,2026-09-24 10:57:58,2303,93.72,14.41,0.519
VH-10017,2026-09-24 19:14:38,4022,100.87,13.93,6.781
VH-10017,2026-09-24 12:39:34,2461,94.18,14.25,6.519
VH-10017,2026-09-24 11:46:14,3808,97.9,13.94,8.695
VH-10017,2026-09-24 20:29:56,2898,99.68,14.07,7.427
VH-10017,2026-09-24 04:36:10,2680,99.52,14.05,7.896
VH-10017,2026-09-24 16:39:03,3461,97.58,14.2,5.085
VH-10006,2026-09-24 14:08:45,1865,96.23,14.3,1.911
VH-10006,2026-09-24 17:57:01,1917,89.64,13.83,1.096
VH-10006,2026-09-24 15:40:33,1836,90.82,14.31,0.798
VH-10006,2026-09-24 11:12:11,2191,94.29,13.78,1.281
VH-10006,2026-09-24 11:06:23,2972,90.28,13.99,0.955
VH-10006,2026-09-24 13:08:55,2735,95.23,14.03,0.918
VH-10025,2026-09-24 18:11:03,2925,97.14,14.23,1.473
VH-10025,2026-09-24 09:40:56,2402,93.35,14.11,1.146
VH-10025,2026-09-24 07:04:21,1979,92.21,13.92,0.896
VH-10025,2026-09-24 10:11:48,1631,91.99,13.78,1.1
VH-10025,2026-09-24 05:34:53,1809,93.3,13.8,1.669
VH-10025,2026-09-24 11:53:11,2830,88.45,14.37,1.031
VH-10029,2026-09-24 18:46:02,2595,88.19,14.14,0.943
VH-10029,2026-09-24 10:16:13,2116,95.95,14.35,1.455
VH-10029,2026-09-24 19:52:22,2604,90.47,14.55,1.127
VH-10029,2026-09-24 12:54:24,2003,88.55,14.01,1.4
VH-10029,2026-09-24 17:31:51,1932,88.8,14.01,0.989
VH-10029,2026-09-24 13:46:37,2604,94.96,13.98,1.324
VH-10004,2026-09-24 10:39:10,3046,120.74,13.7,2.744
VH-10004,2026-09-24 05:53:43,3096,118.4,13.61,3.281
VH-10004,2026-09-24 08:29:04,3070,119.44,13.48,2.464
VH-10004,2026-09-24 16:58:10,1896,113.87,13.6,1.99
VH-10004,2026-09-24 18:42:04,2441,120.57,13.52,3.7
VH-10004,2026-09-24 06:46:39,1805,93.47,14.31,1.831
VH-10008,2026-09-24 09:24:20,1720,93.81,14.29,0.992
VH-10008,2026-09-24 15:14:02,2826,89.55,14.11,1.456
VH-10008,2026-09-24 19:02:04,2478,94.74,14.33,0.995
VH-10008,2026-09-24 17:43:37,1771,92.45,13.93,1.228
VH-10008,2026-09-24 04:49:31,3097,94.42,13.83,1.697
VH-10008,2026-09-24 08:19:05,3003,93.57,14.11,0.772
VH-10010,2026-09-24 08:59:23,2214,92.35,14.47,0.934
VH-10010,2026-09-24 18:50:40,1791,94.31,14.37,1.419
VH-10010,2026-09-24 15:10:25,2121,93.46,10.45,0.773
VH-10010,2026-09-24 14:41:17,2537,90.99,10.31,1.461
VH-10010,2026-09-24 18:55:05,2894,92.89,11.18,1.464
VH-10010,2026-09-24 08:03:35,2389,86.48,10.04,1.184
VH-10021,2026-09-24 17:38:33,2572,120.14,13.73,2.624
VH-10021,2026-09-24 12:12:07,2540,113.83,13.54,2.641
VH-10021,2026-09-24 10:41:51,3072,117.0,13.48,1.721
VH-10021,2026-09-24 20:23:59,2756,94.91,14.46,1.187
VH-10021,2026-09-24 14:50:03,2506,94.46,14.48,0.757
VH-10021,2026-09-24 08:50:44,3145,91.96,14.29,1.515
VH-10007,2026-09-24 09:54:14,2035,89.14,13.86,1.794
VH-10007,2026-09-24 10:08:44,1944,94.1,13.87,1.172
VH-10007,2026-09-24 14:32:26,1791,90.57,14.14,0.965
VH-10007,2026-09-24 12:52:56,2848,91.37,13.93,1.422
VH-10007,2026-09-24 15:21:08,3971,95.51,14.23,7.756
VH-10007,2026-09-24 06:59:51,3194,92.89,14.36,6.766
VH-10031,2026-09-24 06:03:24,1728,89.78,14.42,1.262
VH-10031,2026-09-24 13:38:33,2974,88.1,14.18,1.166
VH-10031,2026-09-24 20:09:59,2665,91.17,14.02,0.861
VH-10031,2026-09-24 10:52:13,1797,89.91,14.2,1.22
VH-10031,2026-09-24 12:22:35,3173,88.81,14.05,1.079
VH-10031,2026-09-24 19:07:56,1675,92.34,14.13,0.719
VH-10009,2026-09-24 09:46:59,1577,50.18,11.38,1.461
VH-10009,2026-09-24 07:45:25,2869,48.15,11.07,1.566
VH-10009,2026-09-24 13:13:26,3794,39.67,11.51,1.454
VH-10009,2026-09-24 08:40:06,2866,50.8,10.79,1.108
VH-10009,2026-09-24 05:18:49,5941,47.62,14.24,1.279
VH-10009,2026-09-24 11:55:36,3714,51.9,13.62,1.742
VH-10013,2026-09-24 16:34:36,1919,94.68,14.0,1.078
VH-10013,2026-09-24 14:45:19,2867,90.16,14.33,1.385
VH-10013,2026-09-24 16:35:14,2764,90.76,14.12,1.305
VH-10013,2026-09-24 15:43:10,1707,93.73,13.98,1.819
VH-10013,2026-09-24 18:02:44,2280,89.91,14.13,1.291
VH-10013,2026-09-24 07:09:51,2099,93.96,14.14,1.337
VH-10046,2026-09-24 15:40:06,2551,88.93,14.05,1.588
VH-10046,2026-09-24 15:46:09,2295,91.94,14.12,1.236
VH-10046,2026-09-24 09:30:52,2546,93.36,14.13,1.649
VH-10046,2026-09-24 18:12:13,2677,92.23,14.23,1.594
VH-10046,2026-09-24 06:48:43,1838,89.18,14.1,1.575
VH-10046,2026-09-24 12:27:37,3083,90.06,14.16,1.538
VH-10044,2026-09-24 15:03:46,2738,88.42,14.17,1.773
VH-10044,2026-09-24 15:43:02,2620,89.47,14.24,1.375
VH-10044,2026-09-24 20:27:43,1783,95.21,14.3,1.146
VH-10044,2026-09-24 18:49:22,2359,91.54,14.31,1.608
VH-10044,2026-09-24 13:22:05,3136,95.58,10.03,0.795
VH-10044,2026-09-24 09:01:01,1613,92.86,10.91,1.26
VH-10018,2026-09-24 18:04:20,2229,90.57,14.49,1.558
VH-10018,2026-09-24 17:07:10,1945,91.28,14.24,1.513
VH-10018,2026-09-24 19:18:20,1849,95.9,14.06,1.759
VH-10018,2026-09-24 09:59:47,1959,94.65,14.53,0.825
VH-10018,2026-09-24 15:31:15,2339,92.05,14.02,1.034
VH-10018,2026-09-24 15:48:21,2780,96.98,14.14,1.584
VH-10033,2026-09-25 06:13:40,2658,93.0,14.54,1.053
VH-10033,2026-09-25 13:33:41,2961,91.32,14.28,0.579
VH-10033,2026-09-25 16:14:14,1996,89.62,10.73,1.557
VH-10033,2026-09-25 12:22:35,2076,96.32,10.38,0.791
VH-10033,2026-09-25 20:13:02,1995,91.11,10.89,1.392
VH-10033,2026-09-25 12:08:56,2141,88.78,10.65,1.222
VH-10047,2026-09-25 12:29:53,2448,115.76,14.0,2.139
VH-10047,2026-09-25 06:01:55,2130,127.31,13.67,3.779
VH-10047,2026-09-25 13:28:10,2918,92.77,13.95,1.989
VH-10047,2026-09-25 04:56:13,2691,88.65,13.75,1.01
VH-10047,2026-09-25 16:45:14,1849,93.3,13.85,0.924
VH-10047,2026-09-25 06:11:14,1934,91.43,14.34,1.45
VH-10025,2026-09-25 16:53:32,2880,91.0,13.96,1.349
VH-10025,2026-09-25 08:42:11,2066,91.59,14.45,1.812
VH-10025,2026-09-25 11:55:47,2348,92.6,14.02,1.553
VH-10025,2026-09-25 19:36:18,2529,95.47,14.26,1.054
VH-10025,2026-09-25 07:52:55,2754,93.06,14.4,1.204
VH-10025,2026-09-25 07:01:51,2772,93.77,14.05,1.578
VH-10024,2026-09-25 10:18:04,5881,52.77,13.82,1.509
VH-10024,2026-09-25 05:32:16,4246,51.05,13.54,1.299
VH-10024,2026-09-25 12:03:32,2242,38.01,13.67,1.569
VH-10024,2026-09-25 11:13:32,1793,37.62,13.7,1.327
VH-10024,2026-09-25 16:26:47,2887,43.5,13.72,1.334
VH-10024,2026-09-25 13:43:12,4679,41.78,14.19,1.625
VH-10017,2026-09-25 05:09:11,4027,97.3,13.99,5.428
VH-10017,2026-09-25 08:15:32,3063,99.62,14.15,6.042
VH-10017,2026-09-25 05:06:26,2845,94.37,14.09,1.526
VH-10017,2026-09-25 11:46:46,2808,89.46,13.89,1.546
VH-10017,2026-09-25 12:12:45,2189,93.4,14.07,1.008
VH-10017,2026-09-25 14:52:34,2719,94.35,13.96,1.435
VH-10035,2026-09-25 15:32:09,2225,95.45,14.34,0.738
VH-10035,2026-09-25 16:11:44,2370,93.36,13.74,1.311
VH-10035,2026-09-25 11:40:30,1923,93.34,14.19,1.061
VH-10035,2026-09-25 12:56:43,2059,91.41,14.07,1.164
VH-10035,2026-09-25 06:41:03,2362,93.53,14.28,1.475
VH-10035,2026-09-25 04:57:14,2217,90.62,13.8,0.959
VH-10014,2026-09-25 19:21:16,1638,94.88,13.79,1.048
VH-10014,2026-09-25 19:54:17,1953,91.81,14.09,1.053
VH-10014,2026-09-25 12:02:09,1676,94.01,13.94,1.012
VH-10014,2026-09-25 16:20:45,2632,88.7,14.44,1.276
VH-10014,2026-09-25 19:35:16,1839,88.62,14.18,1.424
VH-10014,2026-09-25 11:59:11,2378,92.56,14.26,1.329
VH-10015,2026-09-25 14:13:26,1996,91.06,13.86,0.886
VH-10015,2026-09-25 05:03:21,2182,89.58,14.27,1.644
VH-10015,2026-09-25 09:06:42,2143,95.16,14.11,1.602
VH-10015,2026-09-25 14:35:21,2794,93.89,14.17,1.465
VH-10015,2026-09-25 15:37:23,2525,96.08,14.12,1.624
VH-10015,2026-09-25 09:55:55,3080,94.62,13.91,0.702
VH-10050,2026-09-25 09:30:56,2275,118.03,13.73,2.447
VH-10050,2026-09-25 11:12:48,3221,124.83,13.44,3.688
VH-10050,2026-09-25 13:17:52,2193,89.64,14.38,1.89
VH-10050,2026-09-25 05:30:04,2694,92.3,13.79,1.316
VH-10050,2026-09-25 09:22:11,1676,91.75,13.93,1.61
VH-10050,2026-09-25 12:32:26,2720,93.24,14.13,0.967
VH-10036,2026-09-25 04:56:28,1754,94.01,14.33,1.05
VH-10036,2026-09-25 12:59:36,2225,91.17,14.09,0.811
VH-10036,2026-09-25 11:50:19,2626,89.5,14.11,1.009
VH-10036,2026-09-25 06:57:30,2143,92.71,14.2,1.059
VH-10036,2026-09-25 15:47:27,2298,90.66,13.8,0.78
VH-10036,2026-09-25 09:00:11,2582,92.69,14.29,1.959
VH-10003,2026-09-25 19:12:38,2903,91.66,14.2,0.735
VH-10003,2026-09-25 19:00:06,1706,95.38,14.36,1.502
VH-10003,2026-09-25 18:02:06,2919,96.97,14.29,0.806
VH-10003,2026-09-25 16:27:05,2867,94.6,14.21,0.942
VH-10003,2026-09-25 12:09:56,2306,89.81,14.08,0.979
VH-10003,2026-09-25 17:01:39,2636,95.33,14.42,0.872
VH-10028,2026-09-25 20:23:19,3025,89.15,13.82,1.049
VH-10028,2026-09-25 17:49:51,3109,94.66,13.88,1.668
VH-10028,2026-09-25 11:29:49,2059,94.04,14.04,1.612
VH-10028,2026-09-25 16:58:48,2165,93.04,13.97,1.561
VH-10028,2026-09-25 10:32:47,2943,92.91,14.03,1.184
VH-10028,2026-09-25 06:46:43,2263,86.57,14.16,1.022
VH-10032,2026-09-25 08:04:25,2298,94.07,11.39,1.38
VH-10032,2026-09-25 20:02:21,1832,93.4,11.25,0.765
VH-10032,2026-09-25 09:54:47,2300,90.63,10.65,0.996
VH-10032,2026-09-25 05:07:04,2822,94.56,14.11,0.885
VH-10032,2026-09-25 17:20:45,2751,88.48,14.16,0.91
VH-10032,2026-09-25 06:32:21,3136,93.38,14.23,1.043
VH-10007,2026-09-25 07:21:51,2598,93.64,13.88,8.011
VH-10007,2026-09-25 14:32:23,2990,92.67,14.09,5.94
VH-10007,2026-09-25 05:05:29,3626,95.14,14.23,5.189
VH-10007,2026-09-25 20:20:46,3960,94.97,14.16,8.888
VH-10007,2026-09-25 15:10:52,2348,95.42,13.96,7.061
VH-10007,2026-09-25 07:43:27,3560,98.02,14.19,8.295
VH-10037,2026-09-25 19:50:19,2272,91.87,13.85,1.809
VH-10037,2026-09-25 09:25:41,2539,93.89,13.89,0.93
VH-10037,2026-09-25 12:44:28,2255,94.17,13.99,1.343
VH-10037,2026-09-25 05:28:44,2416,94.78,13.93,1.473
VH-10037,2026-09-25 05:35:54,2560,91.37,14.26,1.092
VH-10037,2026-09-25 19:36:03,2419,93.15,14.07,1.133
VH-10038,2026-09-25 16:02:42,1851,94.92,14.03,1.758
VH-10038,2026-09-25 05:48:36,2678,95.37,13.89,1.588
VH-10038,2026-09-25 10:47:37,2800,92.63,13.77,1.449
VH-10038,2026-09-25 05:14:34,2115,89.18,14.24,1.368
VH-10038,2026-09-25 09:17:03,2249,96.13,14.08,1.107
VH-10038,2026-09-25 12:16:50,2183,96.31,14.1,7.232
VH-10019,2026-09-25 11:18:37,3074,91.58,13.95,1.542
VH-10019,2026-09-25 07:28:11,1863,88.39,13.9,1.538
VH-10019,2026-09-25 10:09:46,3108,93.48,14.15,1.647
VH-10019,2026-09-25 18:04:17,2313,90.24,14.01,1.182
VH-10019,2026-09-25 18:13:44,2018,90.74,14.27,1.658
VH-10019,2026-09-25 18:01:35,1642,91.35,13.87,1.928
VH-10012,2026-09-25 07:16:39,2374,92.77,14.2,1.22
VH-10012,2026-09-25 05:27:56,2947,93.98,14.24,0.861
VH-10012,2026-09-25 18:51:43,1961,90.97,14.29,1.786
VH-10012,2026-09-25 08:35:41,2997,87.95,14.23,0.887
VH-10012,2026-09-25 09:03:22,1954,89.3,14.23,1.234
VH-10012,2026-09-25 16:25:09,2180,93.23,14.31,1.65
VH-10049,2026-09-25 18:04:26,2162,91.1,14.07,0.971
VH-10049,2026-09-25 10:16:10,1876,97.88,14.26,0.746
VH-10049,2026-09-25 07:57:15,2607,90.88,14.38,1.825
VH-10049,2026-09-25 17:59:51,2497,93.69,14.37,1.622
VH-10049,2026-09-25 04:47:26,2145,93.05,14.2,0.897
VH-10049,2026-09-25 19:24:36,2878,95.79,13.83,0.888
VH-10031,2026-09-25 15:00:49,2013,94.58,14.22,1.676
VH-10031,2026-09-25 10:11:50,2845,90.27,14.25,1.194
VH-10031,2026-09-25 12:48:06,2791,93.46,13.75,0.828
VH-10031,2026-09-25 12:34:03,2965,92.76,14.24,0.806
VH-10031,2026-09-25 06:33:52,2553,95.21,14.03,1.95
VH-10031,2026-09-25 13:15:16,2297,90.0,14.29,0.818
VH-10040,2026-09-25 06:33:51,5651,77.88,13.77,3.131
VH-10040,2026-09-25 06:46:39,4733,90.12,13.34,1.993
VH-10040,2026-09-25 12:00:28,6221,84.16,13.18,2.75
VH-10040,2026-09-25 05:30:43,5981,67.77,13.54,3.863
VH-10040,2026-09-25 10:09:18,5080,60.15,13.82,3.72
VH-10040,2026-09-25 07:34:21,3453,63.07,13.18,2.951
VH-10046,2026-09-25 09:32:44,2852,96.05,14.16,1.559
VH-10046,2026-09-25 10:33:37,1904,94.18,14.52,0.75
VH-10046,2026-09-25 10:44:45,1933,90.4,13.9,0.592
VH-10046,2026-09-25 14:21:44,1644,91.5,14.4,1.277
VH-10046,2026-09-25 18:12:12,1947,92.64,14.43,0.983
VH-10046,2026-09-25 13:31:31,2742,90.7,14.43,1.864
VH-10039,2026-09-25 09:03:46,2993,92.61,13.97,1.403
VH-10039,2026-09-25 19:52:31,2145,87.85,14.33,1.38
VH-10039,2026-09-25 16:00:29,2927,88.76,14.46,0.924
VH-10039,2026-09-25 13:07:26,2689,93.79,14.0,1.152
VH-10039,2026-09-25 13:55:39,2975,93.91,13.94,0.848
VH-10039,2026-09-25 07:00:22,1973,90.64,14.28,1.678
VH-10022,2026-09-25 11:17:58,2588,121.79,13.98,2.675
VH-10022,2026-09-25 08:51:20,2943,96.16,14.07,1.341
VH-10022,2026-09-25 05:15:39,3083,90.11,13.98,1.377
VH-10022,2026-09-25 14:52:56,1950,95.51,13.84,0.902
VH-10022,2026-09-25 18:11:34,2577,94.12,14.44,1.67
VH-10022,2026-09-25 05:23:54,2663,93.37,14.3,0.858
VH-10044,2026-09-25 06:41:14,2745,89.19,10.1,0.891
VH-10044,2026-09-25 04:47:05,2713,94.42,11.4,1.263
VH-10044,2026-09-25 08:03:43,2788,93.02,9.94,1.014
VH-10044,2026-09-25 16:45:58,2176,97.41,10.46,1.715
VH-10044,2026-09-25 12:06:41,1701,93.38,14.32,1.07
VH-10044,2026-09-25 05:57:46,1883,93.48,14.0,0.81
VH-10020,2026-09-25 13:51:01,2039,91.18,14.32,1.626
VH-10020,2026-09-25 19:45:49,2146,87.81,14.27,1.567
VH-10020,2026-09-25 07:36:15,1724,92.94,14.15,1.671
VH-10020,2026-09-25 04:44:28,2861,91.07,14.02,1.474
VH-10020,2026-09-25 10:49:00,2180,89.93,14.04,1.48
VH-10020,2026-09-25 12:45:54,2652,89.97,13.82,1.175
VH-10043,2026-09-25 04:54:25,2550,93.49,11.09,1.399
VH-10043,2026-09-25 15:26:42,1906,93.66,9.98,1.305
VH-10043,2026-09-25 08:01:19,3082,91.44,10.51,1.589
VH-10043,2026-09-25 12:48:51,2197,95.21,14.23,1.361
VH-10043,2026-09-25 15:10:25,2338,93.62,14.08,1.65
VH-10043,2026-09-25 16:49:54,2734,90.97,13.83,1.859
VH-10011,2026-09-25 09:01:46,2463,90.64,10.33,1.721
VH-10011,2026-09-25 20:00:13,2909,92.83,10.75,1.26
VH-10011,2026-09-25 17:18:06,1922,91.48,14.25,1.13
VH-10011,2026-09-25 15:27:01,2255,94.56,14.15,0.645
VH-10011,2026-09-25 09:56:57,2740,87.88,14.03,0.792
VH-10011,2026-09-25 10:38:57,2034,91.12,13.98,1.321
VH-10027,2026-09-25 07:02:28,2080,93.09,11.46,1.367
VH-10027,2026-09-25 17:42:16,2803,94.05,10.45,1.681
VH-10027,2026-09-25 10:01:52,2352,90.53,10.51,1.266
VH-10027,2026-09-25 08:10:54,3095,88.71,9.8,1.464
VH-10027,2026-09-25 08:26:12,2592,89.9,11.31,0.876
VH-10027,2026-09-25 16:41:52,3156,96.54,10.45,1.063
VH-10026,2026-09-25 07:39:14,3138,93.43,14.37,1.507
VH-10026,2026-09-25 14:04:16,2253,91.07,14.12,1.677
VH-10026,2026-09-25 07:40:09,2232,93.21,14.26,1.637
VH-10026,2026-09-25 17:02:09,2489,90.35,14.2,1.704
VH-10026,2026-09-25 13:20:08,2477,96.48,14.25,1.096
VH-10026,2026-09-25 07:55:22,2145,90.07,14.15,1.635
VH-10013,2026-09-25 07:55:23,2993,94.34,13.95,0.889
VH-10013,2026-09-25 04:36:04,1660,92.0,13.92,1.591
VH-10013,2026-09-25 10:54:11,2867,91.93,14.19,1.716
VH-10013,2026-09-25 11:38:16,2431,89.98,14.28,1.178
VH-10013,2026-09-25 07:17:00,1830,93.66,14.22,1.103
VH-10013,2026-09-25 08:05:45,2230,88.2,14.16,1.685
VH-10016,2026-09-25 11:16:47,2937,93.09,14.01,7.643
VH-10016,2026-09-25 07:41:20,2322,93.87,14.15,5.907
VH-10016,2026-09-25 13:17:28,2735,96.19,13.92,6.168
VH-10016,2026-09-25 10:18:21,3552,91.73,13.86,7.785
VH-10016,2026-09-25 13:34:50,2952,94.8,14.34,8.956
VH-10016,2026-09-25 07:51:46,1713,91.23,14.05,1.239
VH-10004,2026-09-25 05:20:12,2845,89.05,14.13,1.47
VH-10004,2026-09-25 18:59:07,2144,88.91,14.07,0.83
VH-10004,2026-09-25 05:18:27,2230,89.09,14.0,1.482
VH-10004,2026-09-25 15:53:01,2765,95.74,14.18,1.671
VH-10004,2026-09-25 12:43:31,2442,92.24,14.35,1.002
VH-10004,2026-09-25 17:21:45,2352,88.87,14.11,1.325
VH-10045,2026-09-25 15:57:33,5702,39.89,13.89,0.823
VH-10045,2026-09-25 12:47:14,3811,54.51,14.12,1.355
VH-10045,2026-09-25 20:23:52,2109,55.87,14.03,1.051
VH-10045,2026-09-25 07:15:22,6131,43.52,14.19,1.472
VH-10045,2026-09-25 13:53:20,3398,71.76,13.52,3.253
VH-10045,2026-09-25 16:19:24,3887,86.34,13.7,2.083
VH-10042,2026-09-25 11:02:02,4027,52.6,13.92,0.849
VH-10042,2026-09-25 12:45:32,5892,39.08,13.65,1.589
VH-10042,2026-09-25 17:11:22,4989,37.67,14.16,1.588
VH-10042,2026-09-25 05:04:54,5349,53.18,14.16,1.823
VH-10042,2026-09-25 05:56:25,3695,52.53,14.1,1.018
VH-10042,2026-09-25 16:50:07,4452,48.99,13.72,2.066
VH-10021,2026-09-25 06:04:07,2764,96.8,14.06,1.602
VH-10021,2026-09-25 11:16:24,2666,91.88,14.21,1.052
VH-10021,2026-09-25 13:18:35,2404,91.55,14.34,1.215
VH-10021,2026-09-25 06:11:18,1601,93.94,14.02,1.063
VH-10021,2026-09-25 15:41:28,1731,94.35,14.23,1.031
VH-10021,2026-09-25 07:03:59,2240,91.05,14.44,0.986
VH-10034,2026-09-25 17:06:53,1654,92.29,14.17,1.918
VH-10034,2026-09-25 05:40:02,1989,92.54,14.28,1.365
VH-10034,2026-09-25 06:49:50,1840,97.23,13.85,1.153
VH-10034,2026-09-25 08:26:27,2571,94.21,14.15,1.318
VH-10034,2026-09-25 13:07:16,2106,93.6,14.53,1.288
VH-10034,2026-09-25 06:14:53,2922,93.0,13.99,8.45
VH-10030,2026-09-25 18:21:37,2743,96.84,14.31,1.45
VH-10030,2026-09-25 12:36:19,1784,91.92,14.06,1.507
VH-10030,2026-09-25 09:41:12,3028,94.55,13.96,5.826
VH-10030,2026-09-25 15:16:22,2243,95.27,14.26,6.792
VH-10030,2026-09-25 18:43:56,2946,90.64,14.37,8.623
VH-10030,2026-09-25 13:50:15,2742,95.75,14.21,8.322
VH-10005,2026-09-25 09:04:54,2765,93.63,14.3,1.443
VH-10005,2026-09-25 08:19:44,2667,94.24,14.03,1.407
VH-10005,2026-09-25 12:22:59,2923,91.0,13.97,1.424
VH-10005,2026-09-25 05:24:21,1966,92.88,14.22,1.796
VH-10005,2026-09-25 10:56:58,2153,90.55,14.09,1.225
VH-10005,2026-09-25 12:30:37,3170,91.54,14.51,1.048
VH-10023,2026-09-25 12:33:29,2557,91.34,14.17,1.142
VH-10023,2026-09-25 10:53:54,3071,87.58,13.78,0.728
VH-10023,2026-09-25 11:27:47,1898,92.84,14.34,1.085
VH-10023,2026-09-25 09:37:33,1879,90.49,14.42,1.174
VH-10023,2026-09-25 15:36:52,2392,93.28,14.17,1.837
VH-10023,2026-09-25 05:01:47,2082,94.47,13.97,0.95
